Hatchery Fall Chinook,Wild Winter Steelhead,Wild Winter-Late Steelhead,Hatchery Winter-Late Steelhead,Wild Coho,Wild Late Coho,Hatchery Coho,Hatchery Late Coho,Wild Chum
293,035,028,009,283,001,283,001,298
293,037,028,014,283,001,283,001,299
293,037,028,014,283,001,283,001,300
293,042,028,014,283,001,283,001,300
293,048,028,014,283,001,283,001,300
293,052,028,014,283,001,284,001,304
293,053,028,014,283,001,284,001,304
294,054,028,014,283,001,284,001,304
294,055,029,017,286,001,284,001,304
294,055,029,017,286,001,284,001,304
294,056,029,017,286,001,284,001,304
294,056,029,019,286,001,284,001,304
294,057,029,022,286,001,284,001,304
294,060,029,024,286,001,284,001,304
294,060,029,024,286,001,284,001,304
294,060,029,028,286,001,284,001,304
294,060,029,028,286,001,284,001,305
294,060,031,028,286,001,284,001,305
294,060,031,028,286,001,284,001,305
294,060,031,028,286,001,284,001,305
294,060,031,028,286,001,284,001,307
294,060,034,028,286,001,284,001,307
294,060,034,028,286,001,284,001,307
294,060,034,028,286,001,284,001,307
294,060,034,028,286,001,284,001,307
294,060,034,028,286,001,284,001,307
294,060,034,028,286,001,284,001,307
294,060,034,028,291,001,284,001,307
294,060,034,028,291,001,284,001,308
294,060,038,028,291,001,284,001,308
294,060,038,028,291,001,284,001,308
294,060,038,028,291,001,284,001,308
294,060,038,028,291,001,284,001,308
294,060,039,028,291,001,284,001,308
294,060,039,028,291,001,284,001,308
294,060,039,028,291,001,284,001,308
294,060,039,028,291,001,284,001,308
294,065,039,028,291,001,284,001,309
294,065,039,029,291,001,284,001,309
294,065,039,029,291,001,284,001,309
294,065,039,029,291,001,284,001,309
294,065,039,029,291,001,284,001,309
294,065,039,031,291,001,284,001,309
294,065,039,031,291,001,284,001,309
294,065,039,032,291,001,284,001,309
294,065,039,032,291,001,284,001,309
294,066,039,037,291,001,286,001,309
294,066,040,037,291,001,286,001,309
294,066,040,038,291,001,286,001,309
294,066,040,038,291,001,286,001,309
294,066,040,038,291,001,286,001,309
294,066,040,038,291,001,286,001,309
294,066,040,038,291,001,286,001,309
294,067,040,038,292,001,286,001,309
294,067,040,038,292,001,286,001,309
294,067,044,038,292,001,286,001,310
294,067,044,038,292,001,286,001,310
294,067,044,038,292,001,286,001,310
294,067,044,039,292,001,286,001,310
294,067,044,039,293,001,286,001,310
294,067,044,039,293,001,286,001,310
294,067,044,041,293,001,286,001,310
294,067,044,041,293,001,286,001,310
294,067,047,041,293,001,286,001,310
294,067,047,043,293,001,286,001,310
294,067,047,043,293,001,286,001,310
294,067,047,043,293,001,286,001,310
294,067,047,044,293,001,286,001,310
294,068,047,044,293,001,291,001,310
294,068,047,045,293,001,291,001,310
294,068,047,047,293,001,291,001,310
294,068,047,047,293,001,291,001,310
294,068,047,047,293,001,291,001,310
294,068,047,047,293,001,291,001,310
294,068,047,047,293,001,291,001,310
294,069,047,047,293,001,291,001,310
294,069,047,047,293,001,291,001,310
294,069,047,047,293,001,291,001,310
294,069,047,047,293,001,291,001,310
294,069,047,047,293,001,291,001,310
294,069,047,047,293,001,291,001,310
294,069,047,047,293,001,291,001,310
294,069,047,047,293,001,291,001,311
294,069,047,047,293,001,291,001,311
294,069,047,047,293,001,291,001,311
294,069,047,047,293,001,291,001,311
294,069,048,047,293,001,291,001,311
294,069,048,048,293,001,291,001,311
294,069,048,048,293,001,291,001,311
294,069,048,048,293,001,291,001,311
294,069,048,049,293,001,291,001,311
294,069,048,049,293,001,291,001,311
294,069,048,049,293,001,291,001,311
294,069,048,049,293,001,291,001,312
294,069,048,049,294,001,291,001,312
294,069,048,049,294,001,291,001,312
294,070,048,049,294,001,291,001,312
294,070,048,049,294,001,291,001,312
294,070,048,049,294,001,291,001,312
294,070,048,049,294,001,291,001,312
294,070,048,049,294,002,291,001,312
294,070,048,049,294,002,291,001,312
294,070,048,049,294,002,291,001,312
294,072,048,049,294,002,292,001,312
294,072,048,049,294,002,292,001,312
294,072,049,049,294,002,292,001,312
294,072,049,049,294,002,292,001,312
295,072,049,049,294,002,292,001,312
295,073,049,049,294,002,292,001,312
295,073,049,049,294,002,292,001,312
295,073,049,049,294,002,292,001,312
295,074,049,049,294,002,292,001,313
295,074,049,049,294,002,292,001,313
295,075,049,049,294,002,292,001,313
295,075,049,049,294,002,292,001,313
295,075,049,049,294,002,292,001,313
295,075,049,049,294,002,292,001,313
295,075,049,049,294,002,292,001,313
295,076,049,049,294,002,292,002,313
295,076,049,049,294,002,292,002,313
295,076,049,049,295,002,292,002,313
295,078,049,049,295,002,292,002,313
295,078,049,050,295,002,292,002,313
295,078,049,050,295,002,293,002,313
295,079,049,050,295,002,293,002,313
295,079,049,051,295,002,293,002,313
297,079,049,051,295,002,293,002,313
297,080,049,051,295,002,293,002,313
297,080,049,051,295,002,293,002,313
297,080,049,051,295,002,293,002,313
297,080,049,051,295,002,293,002,313
298,080,049,051,295,002,293,002,313
298,080,049,051,295,002,293,002,313
298,080,049,051,295,002,293,002,313
298,081,049,051,295,002,293,002,313
298,081,049,051,295,002,293,002,313
298,081,049,051,295,002,293,002,313
298,081,049,051,295,002,293,002,313
298,081,049,052,295,002,293,002,313
298,081,049,052,295,002,293,002,313
298,081,050,053,295,002,293,002,313
298,081,050,053,295,002,293,002,313
298,081,050,053,295,002,293,002,313
298,081,050,053,295,002,293,002,313
298,081,050,053,295,002,293,002,313
298,081,050,053,295,002,293,002,313
298,081,050,053,295,002,293,002,313
298,081,051,053,295,002,293,002,313
298,081,051,053,295,002,293,002,313
298,081,051,053,295,002,293,002,313
298,081,051,053,295,002,293,002,313
298,081,051,053,295,002,293,002,313
298,081,051,053,295,002,293,002,313
298,081,051,053,295,002,293,002,313
298,081,051,053,295,002,293,002,313
298,081,051,053,295,002,293,002,313
298,081,051,053,295,002,293,002,314
298,081,051,053,295,002,293,002,314
298,081,051,053,295,002,294,002,314
298,081,051,053,295,002,294,002,314
298,081,051,053,295,002,294,002,314
298,081,051,053,295,002,294,002,314
298,081,052,053,295,002,294,002,314
298,081,052,053,295,002,294,002,314
299,081,052,053,295,002,294,002,314
299,081,052,053,295,002,294,002,314
299,081,052,053,295,002,294,002,314
299,081,052,053,295,002,294,002,314
299,081,052,053,295,002,294,002,314
299,081,052,053,295,002,294,002,314
299,081,052,053,295,002,294,002,314
299,081,052,053,295,002,294,002,314
299,081,052,053,295,002,294,002,314
299,081,052,053,295,002,294,002,314
299,081,052,053,295,002,294,002,314
299,081,052,053,295,002,294,002,314
300,081,052,053,295,002,294,002,314
300,081,052,053,295,002,294,002,314
300,081,052,053,295,002,294,002,314
300,081,052,053,295,002,294,002,315
300,081,052,053,295,002,294,002,315
300,081,052,053,295,002,294,002,316
301,081,053,053,295,002,294,002,316
301,081,053,053,295,002,294,002,316
301,081,053,053,295,002,294,002,316
301,081,053,053,295,002,294,002,316
301,081,053,053,295,004,294,002,316
301,081,053,053,295,004,294,002,316
301,081,053,053,295,004,294,002,316
301,081,053,053,295,004,294,002,316
301,081,053,053,295,004,294,002,316
301,081,053,053,295,004,294,002,316
301,081,053,053,295,004,294,002,316
301,081,053,053,295,004,294,002,316
301,081,053,053,295,004,294,002,316
301,081,053,053,295,004,294,002,316
301,083,053,053,295,005,294,002,316
301,083,053,053,295,005,294,002,316
301,085,053,053,295,005,294,002,316
301,085,053,053,295,005,295,002,316
301,085,053,053,295,005,295,002,316
301,085,053,054,295,005,295,004,316
301,085,053,054,295,005,295,004,316
301,085,053,054,295,005,295,004,316
301,086,053,054,295,005,295,004,316
301,086,054,054,295,006,295,004,316
302,086,054,054,295,006,295,004,316
302,086,054,054,295,006,295,004,316
302,086,054,054,295,006,295,004,316
302,086,054,054,295,006,295,004,316
302,088,054,054,295,006,295,004,316
302,088,054,054,295,006,295,004,316
302,088,054,054,295,006,295,004,316
302,088,054,054,295,006,295,004,316
302,088,054,054,295,006,295,004,316
302,088,054,054,295,006,295,005,316
302,088,054,054,295,006,295,005,316
302,088,054,054,295,006,295,005,316
302,088,054,054,295,006,295,005,316
302,088,054,054,295,006,295,005,316
302,088,054,054,295,006,295,005,316
302,088,054,054,295,006,295,006,316
302,088,055,054,295,006,295,006,317
302,088,055,054,295,006,295,006,317
302,088,055,054,295,006,295,006,317
302,088,055,054,295,006,295,006,317
303,088,055,054,295,006,295,006,317
303,088,055,054,295,006,295,006,317
303,088,055,054,295,006,295,006,317
303,088,055,054,295,006,295,006,317
303,088,055,054,295,006,295,006,317
303,088,055,054,295,006,295,006,317
303,088,055,054,295,006,295,006,317
303,088,055,054,295,006,295,006,317
303,088,055,054,295,006,295,006,317
303,088,055,054,295,006,295,006,317
303,088,055,054,295,006,295,006,317
303,088,055,054,295,006,295,006,317
303,088,055,054,295,006,295,006,317
303,088,055,054,295,006,295,006,317
303,088,055,054,295,006,295,006,317
303,088,055,054,295,006,295,006,317
303,088,055,054,295,006,295,006,317
303,088,055,054,295,006,295,006,317
303,088,055,054,295,006,295,006,317
303,088,055,054,295,006,295,006,317
303,088,055,054,295,006,295,006,317
303,088,055,054,297,006,295,006,317
303,088,055,054,297,006,295,006,317
303,088,055,054,297,006,295,006,317
303,088,055,054,297,006,295,006,317
303,088,055,055,297,006,295,006,317
303,088,055,055,297,006,295,006,317
303,088,055,055,297,006,295,006,317
303,088,057,055,297,006,295,006,317
303,088,057,055,297,006,295,006,317
303,088,057,055,297,006,295,006,317
303,088,057,055,297,006,295,006,317
303,088,057,055,297,006,295,006,317
303,089,057,055,297,006,295,006,317
303,089,057,055,297,006,295,006,317
303,089,057,055,297,006,295,006,317
303,090,057,055,298,006,295,006,317
303,090,057,055,298,006,295,006,317
303,090,057,055,298,006,295,006,317
303,090,057,055,299,006,295,006,317
303,090,057,055,299,006,295,006,317
303,090,057,055,299,006,295,006,317
303,090,057,056,299,006,295,006,317
303,090,057,056,299,006,295,006,317
303,091,057,056,299,006,295,006,317
303,091,057,056,299,006,295,006,317
303,091,057,056,299,006,295,006,317
303,091,057,056,299,006,295,006,317
303,092,058,056,299,006,295,006,317
303,092,058,056,299,006,295,006,317
303,093,058,056,299,006,295,006,317
303,093,058,056,299,006,295,006,317
303,093,058,056,299,006,295,006,317
303,093,058,056,299,006,295,006,317
303,093,058,057,299,006,295,006,317
303,093,058,058,299,006,295,006,317
303,093,058,058,299,006,295,006,317
303,094,058,058,299,006,295,006,317
303,094,058,058,299,006,295,006,317
303,094,058,059,299,006,295,006,317
303,095,058,059,299,006,295,006,317
303,095,058,059,299,006,295,006,317
303,095,058,059,299,006,295,006,317
303,095,058,060,299,006,295,006,317
303,095,058,060,299,006,295,006,317
303,095,058,060,299,006,295,006,317
303,095,058,060,299,006,295,006,317
303,095,058,060,299,006,295,006,317
303,095,058,060,299,006,295,006,317
303,095,058,060,299,006,295,006,317
303,095,059,060,299,006,295,006,317
303,095,059,060,299,006,295,006,317
303,096,059,060,299,006,295,006,317
303,097,059,060,299,006,295,006,318
303,097,059,060,300,006,295,006,318
303,099,059,060,300,006,295,006,318
303,099,059,060,300,006,295,006,318
303,100,059,060,300,006,295,006,318
303,100,059,060,300,006,295,006,318
303,100,059,060,300,006,295,006,318
303,100,059,060,300,006,295,006,318
303,100,059,060,300,006,295,006,318
304,102,059,061,300,006,295,006,318
304,102,059,061,300,006,295,006,318
304,102,059,061,300,006,295,006,318
304,102,060,061,300,006,295,006,318
304,102,060,061,301,006,295,006,318
304,104,060,061,301,006,295,006,318
304,104,060,061,301,006,295,006,318
304,105,060,061,301,006,295,006,318
304,105,060,061,301,006,295,006,318
304,106,060,061,301,006,295,006,318
304,106,060,061,301,006,295,006,318
304,106,060,061,301,006,295,006,318
306,106,060,062,301,006,295,006,318
306,106,060,062,301,006,295,006,318
306,106,060,062,301,006,295,006,318
306,106,060,062,301,006,295,006,318
306,106,060,062,301,006,295,006,318
306,106,060,062,301,006,295,006,318
306,106,060,062,301,006,295,006,318
306,106,060,062,301,006,295,006,318
306,106,060,062,301,006,295,006,318
306,106,061,062,301,006,295,006,318
306,106,061,062,301,006,295,006,318
306,106,061,062,301,006,295,006,318
306,106,061,062,301,006,295,006,318
306,106,061,062,301,006,295,006,318
306,106,061,062,301,006,295,006,318
306,106,061,062,301,006,295,006,318
306,106,061,062,301,006,295,006,318
306,106,061,062,301,006,295,006,318
306,106,061,063,301,006,295,006,318
306,106,061,063,301,006,295,006,318
306,106,061,063,301,006,295,006,318
306,106,061,063,301,006,295,006,318
306,106,061,063,302,006,295,006,318
306,106,061,063,302,006,295,006,318
306,106,061,063,302,006,295,006,318
306,106,061,063,302,006,295,006,318
306,106,061,063,302,006,295,006,318
306,106,061,063,302,006,295,006,318
306,106,061,063,302,006,295,006,318
307,106,061,063,302,006,295,006,318
307,106,063,063,302,006,295,006,318
307,106,063,063,302,006,295,006,318
307,106,063,063,302,006,295,006,318
307,106,063,063,302,006,295,006,318
307,106,063,063,302,006,295,006,318
307,106,063,063,302,006,295,006,318
307,106,063,063,302,006,295,006,318
307,106,063,063,302,007,295,006,318
307,106,063,063,302,007,295,006,318
307,106,063,064,302,007,295,006,318
307,106,063,064,302,007,295,006,319
307,106,063,064,302,007,295,006,319
307,106,063,064,302,007,295,006,319
307,106,063,064,302,007,295,006,319
307,106,063,064,302,007,295,006,319
307,106,063,064,302,007,295,006,319
307,106,063,064,302,007,295,006,319
307,106,063,064,302,007,295,006,319
307,106,063,064,302,007,295,007,319
307,106,063,064,302,007,295,007,319
307,106,063,064,302,008,298,007,319
307,106,063,064,302,008,298,007,319
307,106,063,064,302,008,298,007,319
307,106,064,064,302,008,298,007,319
307,106,064,064,302,008,298,007,319
307,106,064,064,302,008,298,007,319
307,106,064,066,302,008,298,007,319
307,106,064,066,302,008,298,007,319
307,106,064,066,302,008,298,007,319
307,106,064,066,302,008,298,007,319
307,106,064,066,302,008,298,007,319
307,106,064,066,302,008,298,007,319
307,106,064,066,302,008,298,007,319
307,106,064,066,302,008,298,007,319
307,106,064,066,302,008,298,007,319
307,106,064,066,302,008,298,009,319
307,106,064,066,302,008,299,009,319
307,106,064,066,302,008,299,009,319
307,106,064,066,302,008,299,009,319
307,106,064,066,302,008,299,009,319
307,106,064,066,302,008,299,009,319
307,106,064,066,302,008,299,009,319
307,106,064,066,302,009,299,009,319
307,106,064,066,302,009,299,009,319
307,106,064,066,302,009,299,009,320
307,106,064,066,302,009,299,009,320
307,109,064,066,304,009,299,009,320
307,109,064,066,304,009,299,009,320
307,,064,066,304,009,299,009,320
307,,064,066,304,009,299,009,320
307,,064,066,304,009,299,009,320
307,,064,066,304,009,299,009,320
307,,064,066,304,009,299,009,320
307,,064,066,304,009,299,009,320
307,,065,066,304,009,299,009,320
307,,065,066,304,009,299,009,320
307,,065,066,304,009,299,009,320
307,,065,066,304,009,299,009,320
307,,065,066,304,009,299,009,320
307,,065,067,304,009,299,009,320
307,,065,067,304,009,299,009,321
307,,065,068,304,009,299,010,321
307,,065,068,304,009,299,010,321
307,,065,068,304,009,299,010,321
307,,065,068,304,010,299,010,321
307,,065,068,304,010,299,010,321
307,,065,068,304,010,299,010,321
307,,065,068,304,010,299,010,321
307,,065,068,304,010,299,010,321
307,,065,068,304,010,299,010,321
307,,065,068,304,010,299,010,321
307,,065,068,304,010,299,010,321
307,,065,068,304,010,299,010,321
307,,065,068,304,010,299,010,321
307,,065,068,304,010,299,010,321
307,,066,068,304,010,299,010,321
307,,066,068,304,010,299,010,321
307,,066,068,304,010,299,010,321
307,,066,068,304,010,299,010,321
307,,066,068,304,010,299,010,321
307,,066,068,304,010,299,010,321
307,,066,068,304,010,299,010,321
307,,066,068,304,010,299,010,321
307,,066,069,304,010,299,010,321
307,,066,069,304,010,299,010,321
307,,066,069,304,010,299,010,321
307,,066,069,304,010,299,010,321
307,,066,069,304,010,300,010,321
307,,066,069,304,010,300,010,321
310,,066,069,304,010,300,010,321
310,,066,069,304,010,300,010,321
310,,066,069,304,010,300,010,321
310,,066,069,304,010,300,010,321
310,,066,069,304,010,300,010,321
310,,066,069,304,010,300,010,321
310,,066,069,304,010,300,010,321
310,,066,069,304,010,300,010,321
310,,066,069,304,010,300,010,321
311,,066,069,304,010,300,010,321
311,,066,069,304,010,300,010,321
311,,066,069,304,010,300,010,321
311,,066,069,304,010,300,010,321
311,,066,069,304,010,300,010,321
311,,066,069,304,010,300,010,321
311,,066,069,304,010,300,010,321
311,,066,069,304,010,300,010,321
311,,066,069,304,010,300,010,321
311,,066,069,304,010,300,010,321
311,,066,069,304,010,300,010,321
311,,066,069,304,010,300,010,321
311,,066,069,304,010,300,010,321
311,,066,069,304,010,301,010,321
312,,066,069,304,010,301,010,321
312,,066,069,304,010,301,010,321
312,,066,069,304,010,301,010,321
312,,066,069,304,010,301,010,321
312,,066,070,304,010,301,010,321
312,,066,070,304,010,301,010,321
312,,066,070,304,010,301,010,322
312,,066,070,304,010,301,010,322
312,,066,070,304,010,301,010,322
312,,066,070,304,010,301,010,322
312,,066,070,306,010,301,010,322
312,,066,070,306,010,301,010,322
312,,066,070,306,010,302,010,322
312,,066,070,306,010,302,010,322
312,,066,070,306,010,302,010,322
312,,066,070,306,010,302,010,322
312,,067,070,306,010,302,010,322
312,,067,070,306,010,302,010,322
312,,067,070,306,010,302,010,322
312,,067,070,306,010,302,010,322
312,,067,071,306,010,302,010,322
312,,067,071,306,010,302,010,322
312,,067,072,306,010,302,010,322
312,,067,072,306,010,302,010,322
312,,067,072,306,010,302,010,322
312,,067,072,306,010,302,010,322
312,,067,072,306,010,302,012,322
312,,067,072,306,010,302,012,322
312,,067,072,306,010,302,012,322
312,,067,072,306,010,302,012,322
312,,067,072,306,010,302,012,322
312,,067,072,306,010,302,012,322
312,,067,072,306,010,302,012,322
312,,067,072,306,010,302,012,322
312,,067,072,306,010,302,012,323
312,,067,072,306,010,302,012,323
312,,067,072,306,010,302,012,323
312,,068,072,306,010,302,012,323
312,,068,072,306,010,302,012,323
312,,073,072,306,010,302,012,323
312,,073,072,306,010,302,012,323
312,,073,072,306,012,302,012,323
312,,073,072,306,012,302,012,323
312,,073,072,306,012,302,012,323
312,,073,072,306,012,302,012,323
312,,073,072,306,012,302,012,323
312,,073,072,306,012,302,012,323
312,,073,072,306,012,302,012,323
312,,073,072,306,012,302,012,323
312,,073,072,306,012,302,012,323
312,,073,072,306,012,302,012,323
312,,073,072,306,012,302,012,323
312,,073,072,306,012,302,012,323
312,,073,073,306,012,302,012,323
312,,073,073,306,012,302,012,323
312,,073,073,307,012,302,012,323
312,,073,073,307,012,302,012,323
312,,073,073,307,012,302,012,323
312,,074,073,307,012,302,012,323
312,,074,073,307,012,302,012,323
312,,074,073,307,012,302,012,323
312,,074,073,307,012,302,012,323
312,,074,073,307,012,302,012,323
312,,074,073,307,013,302,012,323
312,,074,073,307,013,302,012,323
312,,074,073,307,013,302,012,323
312,,074,073,307,013,302,012,323
312,,074,073,307,013,302,012,323
312,,074,073,307,013,302,012,323
312,,074,073,307,013,302,012,323
312,,074,073,307,013,302,012,323
312,,074,073,307,013,302,012,323
313,,074,073,307,013,302,012,323
313,,074,073,307,013,302,012,323
313,,074,073,307,013,302,013,323
313,,074,073,307,013,302,013,323
313,,074,073,307,013,302,013,323
313,,074,073,307,013,302,013,323
313,,074,073,307,013,302,013,323
313,,074,073,307,013,302,013,323
313,,074,073,307,013,302,013,323
313,,074,073,307,013,302,013,323
313,,074,073,307,013,302,013,323
313,,074,073,307,013,302,013,323
313,,074,073,307,013,302,013,323
313,,074,073,308,013,302,013,323
313,,074,073,308,013,302,013,323
313,,074,073,308,013,302,013,323
313,,074,073,308,013,302,013,323
313,,074,073,308,013,302,013,323
313,,074,073,308,013,302,013,323
313,,074,073,308,013,302,013,323
313,,074,073,308,013,303,013,323
313,,074,073,308,013,304,013,323
313,,074,073,308,013,304,013,323
313,,074,073,308,013,304,013,323
313,,074,073,308,013,304,013,323
313,,074,073,308,013,304,013,323
313,,074,073,308,013,304,013,323
313,,074,073,308,013,304,013,323
313,,074,073,308,013,304,013,323
313,,074,073,308,013,304,013,323
313,,074,073,308,013,304,013,323
313,,074,073,308,013,304,013,323
313,,074,073,308,013,304,013,323
313,,074,073,308,013,304,013,323
313,,074,073,308,013,304,013,323
313,,074,073,308,013,304,013,325
314,,074,073,308,013,304,013,325
314,,074,073,308,013,304,013,325
314,,074,073,308,013,304,013,325
314,,074,073,308,013,304,013,325
314,,074,073,308,013,304,013,325
314,,074,073,308,013,304,013,325
314,,074,073,308,013,304,013,325
314,,074,073,308,013,304,013,325
314,,074,073,308,013,304,013,325
314,,074,073,308,013,304,013,325
314,,074,073,308,013,304,013,325
314,,074,073,308,013,304,013,325
314,,074,073,308,013,304,013,325
314,,074,073,308,013,304,013,325
314,,074,073,308,013,304,013,325
314,,074,073,308,013,304,013,325
314,,074,073,308,013,304,013,325
314,,076,073,308,013,304,013,325
314,,076,073,308,013,304,013,325
314,,076,073,308,013,304,013,325
314,,076,073,308,013,304,013,325
314,,076,073,308,013,304,013,325
314,,076,073,308,013,304,013,325
314,,076,074,308,013,304,013,325
314,,076,074,308,013,304,013,325
314,,076,074,308,013,304,013,325
314,,076,074,309,013,304,013,325
314,,076,074,309,013,304,013,325
314,,076,074,309,013,304,013,325
314,,076,074,309,013,304,013,325
314,,076,074,309,013,304,014,325
314,,076,074,309,013,304,014,326
314,,076,074,309,013,304,014,326
314,,076,074,309,013,304,014,326
314,,077,074,309,013,304,014,326
314,,077,074,309,013,304,014,326
314,,077,074,309,013,304,014,326
315,,077,074,309,013,304,014,326
315,,077,074,309,013,304,014,326
315,,077,074,309,013,304,014,326
315,,077,074,309,013,304,014,326
315,,077,074,309,013,304,014,326
316,,077,074,309,013,304,014,326
316,,077,074,309,013,304,014,326
316,,077,074,309,013,304,014,326
316,,077,074,309,013,304,014,326
316,,077,074,309,013,306,014,326
316,,077,074,309,013,306,014,326
316,,077,074,309,014,306,014,326
316,,077,074,309,014,306,014,326
316,,077,074,309,014,306,014,326
316,,077,074,311,014,306,014,326
316,,077,074,311,014,306,014,326
316,,077,075,311,014,306,014,326
316,,077,075,311,015,306,014,326
316,,077,075,311,015,306,015,326
316,,077,075,311,015,306,015,326
316,,077,075,311,015,306,015,326
316,,077,075,311,015,306,015,326
316,,077,075,311,015,306,015,326
316,,077,075,311,015,306,015,326
316,,077,075,311,015,306,015,326
316,,077,075,311,015,306,015,326
316,,077,075,311,015,306,015,326
316,,077,075,311,015,306,015,326
316,,077,075,311,015,306,015,326
316,,077,075,311,015,306,015,326
316,,077,075,311,015,306,015,329
316,,077,075,311,015,306,015,329
316,,077,075,311,015,306,015,329
316,,077,075,311,015,306,015,329
316,,078,075,311,015,306,015,329
316,,078,075,311,015,306,015,329
316,,078,075,311,015,306,015,329
316,,078,075,312,015,306,015,329
316,,078,075,312,015,307,015,329
316,,078,075,312,015,307,015,330
316,,078,075,312,015,307,015,330
316,,078,075,312,015,307,015,330
316,,078,075,312,015,307,015,330
316,,078,075,312,015,307,015,330
317,,078,075,312,015,307,015,330
317,,078,075,312,015,307,015,330
317,,078,075,312,015,307,015,330
317,,078,075,312,015,307,015,330
317,,078,075,312,015,307,015,330
317,,078,075,312,015,307,015,330
317,,078,075,312,015,307,015,330
317,,078,075,312,015,307,015,330
317,,078,075,312,015,307,015,330
317,,078,075,312,015,307,015,331
317,,078,075,312,015,307,015,331
317,,078,075,312,015,307,015,331
317,,078,075,312,015,307,015,334
317,,078,075,312,015,307,016,334
317,,078,075,312,015,308,016,334
317,,078,075,312,015,308,016,334
317,,078,075,312,015,308,016,334
317,,078,075,312,015,308,016,334
317,,078,075,312,015,308,016,334
317,,078,075,312,015,308,016,334
317,,078,075,312,015,308,016,334
317,,078,075,312,015,308,016,334
317,,078,075,312,015,308,016,334
317,,078,075,312,015,308,016,334
317,,078,075,312,015,308,016,334
317,,078,075,312,015,308,016,334
317,,078,075,312,015,308,016,334
317,,078,075,312,015,308,016,334
317,,078,075,312,015,308,016,334
317,,078,075,313,015,308,016,334
317,,078,075,313,015,308,016,334
317,,078,075,313,015,308,016,334
318,,078,075,313,015,308,016,334
318,,078,075,313,015,308,016,334
318,,078,075,313,015,308,016,334
318,,078,075,313,015,308,016,334
318,,078,075,313,016,308,017,334
318,,078,075,313,016,308,017,334
318,,078,075,313,016,308,017,334
318,,078,075,313,016,308,017,335
318,,078,075,313,016,308,017,336
318,,078,075,313,016,308,017,336
318,,079,077,313,016,308,017,336
318,,079,077,313,016,308,017,336
318,,079,077,313,016,308,017,336
318,,079,077,313,016,308,017,336
318,,079,077,313,016,308,017,336
318,,079,077,313,016,309,017,346
318,,079,077,313,017,309,017,346
318,,079,077,313,017,309,017,347
318,,079,077,313,017,309,017,
318,,079,077,313,017,309,017,
318,,079,077,313,017,309,017,
318,,079,077,313,017,309,017,
318,,079,077,313,017,309,017,
318,,079,078,313,017,309,017,
318,,079,078,313,017,309,017,
318,,079,078,313,017,309,017,
318,,079,078,313,017,309,017,
318,,079,078,313,017,309,017,
318,,079,078,313,017,309,017,
318,,079,078,313,017,309,017,
318,,079,078,313,017,309,017,
318,,079,078,313,017,309,017,
318,,079,078,313,017,309,017,
318,,079,078,313,017,309,017,
318,,079,078,313,017,309,017,
318,,079,078,314,017,309,017,
318,,079,078,314,017,309,017,
318,,079,078,314,017,309,019,
318,,079,078,314,019,309,019,
318,,079,078,314,019,309,019,
318,,079,078,314,019,309,019,
318,,079,078,314,019,309,019,
318,,079,078,314,019,309,019,
318,,079,078,314,019,309,019,
318,,079,078,314,019,309,019,
318,,079,078,314,019,309,019,
318,,079,078,314,019,309,019,
318,,079,078,314,019,309,019,
318,,080,078,314,019,309,019,
318,,080,078,314,019,309,019,
318,,080,078,314,019,309,019,
318,,080,078,314,019,309,019,
318,,080,078,314,019,309,019,
318,,080,078,314,020,309,019,
318,,080,078,314,020,309,019,
318,,080,078,314,020,309,019,
318,,080,078,314,020,309,019,
318,,080,078,314,020,309,019,
318,,080,078,314,020,309,019,
318,,080,078,314,020,309,019,
318,,081,078,314,020,309,019,
318,,081,078,314,020,309,020,
318,,081,078,314,020,309,021,
318,,081,078,314,020,309,021,
318,,082,078,314,020,309,021,
318,,082,078,314,020,309,021,
318,,082,078,314,020,309,021,
318,,082,078,314,020,309,023,
318,,082,078,316,020,310,023,
318,,082,078,316,020,310,023,
318,,082,078,316,020,310,023,
318,,082,078,316,021,310,023,
318,,082,078,316,021,310,023,
318,,082,079,316,021,310,023,
318,,082,079,316,021,310,023,
318,,082,079,316,021,310,023,
318,,082,079,316,023,310,023,
318,,082,079,316,023,310,023,
318,,082,079,316,023,310,023,
318,,082,079,316,023,310,023,
318,,082,079,316,023,310,023,
318,,082,079,316,023,310,023,
318,,082,079,316,023,310,023,
318,,082,079,316,023,310,023,
318,,082,079,316,023,310,023,
318,,082,079,316,023,310,023,
318,,082,079,316,023,310,023,
318,,082,079,316,023,310,023,
318,,082,079,316,023,310,023,
318,,082,079,316,023,310,023,
318,,082,079,316,023,311,023,
318,,082,079,316,023,311,023,
318,,082,079,316,023,311,023,
318,,082,079,316,023,311,023,
318,,082,079,316,023,311,023,
318,,082,079,316,023,311,023,
318,,082,079,316,023,311,023,
318,,082,079,316,023,311,023,
318,,082,079,316,023,311,023,
318,,084,079,316,023,311,023,
318,,084,079,316,023,311,023,
318,,084,079,316,023,311,023,
318,,084,079,316,023,311,023,
318,,084,079,316,023,311,023,
318,,084,079,316,023,311,023,
318,,084,079,316,023,312,023,
318,,084,079,316,023,312,023,
318,,084,079,316,023,312,023,
318,,084,079,316,023,312,023,
318,,084,079,316,023,312,023,
318,,084,079,316,023,312,023,
318,,084,079,316,023,312,023,
318,,084,079,316,023,312,024,
318,,084,079,316,023,312,024,
318,,084,079,316,023,312,024,
318,,084,079,316,023,312,024,
318,,084,079,316,023,312,024,
318,,084,079,316,023,312,024,
318,,084,080,316,023,312,024,
318,,084,080,316,023,312,024,
318,,084,080,316,023,312,024,
318,,084,080,316,023,312,028,
318,,084,080,316,023,312,028,
318,,084,080,316,023,312,028,
318,,084,080,316,023,312,028,
318,,084,080,316,023,312,028,
318,,084,080,316,023,312,028,
318,,084,080,316,023,313,028,
318,,084,080,316,024,313,028,
318,,084,080,316,024,313,028,
318,,084,080,316,024,313,028,
318,,084,080,316,024,313,028,
318,,084,080,316,024,313,028,
318,,085,080,316,024,313,028,
318,,085,080,316,024,313,028,
318,,085,080,316,024,313,028,
318,,085,080,316,024,313,028,
318,,085,080,316,024,313,028,
318,,085,080,316,024,313,029,
318,,085,080,317,024,313,029,
318,,085,080,317,024,313,029,
318,,085,080,317,024,314,029,
318,,085,080,317,024,314,030,
318,,085,080,317,024,314,030,
318,,085,080,317,024,314,030,
318,,085,080,317,024,314,030,
318,,085,080,317,024,314,030,
318,,085,080,317,024,314,030,
318,,085,080,317,024,314,030,
318,,085,081,317,028,314,030,
318,,085,081,317,028,314,031,
318,,085,081,317,028,314,031,
318,,085,081,317,028,314,031,
319,,085,081,317,028,314,031,
319,,085,081,317,028,314,031,
319,,085,082,317,028,314,031,
319,,085,082,317,028,314,031,
319,,085,082,317,028,314,031,
319,,085,082,317,028,314,031,
319,,085,082,317,028,314,031,
319,,085,082,317,028,314,031,
319,,085,082,317,028,314,031,
319,,085,082,317,028,314,031,
319,,085,082,317,028,314,031,
319,,085,082,317,028,314,031,
319,,086,082,317,028,314,031,
319,,086,082,317,028,314,031,
319,,086,082,317,028,314,031,
319,,086,082,317,028,314,031,
319,,086,082,317,028,314,033,
319,,086,082,317,029,314,035,
319,,086,082,317,029,314,035,
319,,088,082,317,029,314,035,
319,,088,082,317,029,314,036,
319,,088,082,317,029,314,038,
319,,088,082,317,029,314,038,
319,,088,082,317,029,314,038,
319,,088,082,317,029,314,039,
319,,088,082,317,029,314,040,
319,,088,082,317,029,314,047,
319,,088,082,317,029,314,052,
319,,089,082,317,029,314,052,
319,,089,082,317,029,314,052,
319,,089,082,317,030,316,053,
319,,089,082,317,030,316,059,
319,,089,083,317,030,316,059,
319,,089,083,317,030,316,059,
319,,089,083,317,030,316,059,
319,,089,083,317,030,316,059,
319,,089,083,317,030,316,062,
319,,089,083,317,030,316,344,
319,,089,083,317,030,316,344,
319,,089,083,317,030,316,344,
320,,089,083,317,030,316,344,
320,,089,083,317,030,316,344,
320,,089,083,317,030,316,344,
320,,089,083,317,030,316,344,
320,,089,083,317,030,316,344,
320,,089,083,318,030,316,344,
320,,089,084,318,030,316,344,
320,,089,084,318,030,316,344,
320,,089,084,318,030,316,344,
320,,089,084,318,030,316,344,
320,,089,084,318,030,316,344,
320,,089,084,318,030,316,344,
320,,089,084,318,030,316,344,
320,,089,084,318,030,316,344,
320,,089,084,318,031,316,344,
320,,089,084,318,031,316,344,
320,,089,084,318,031,316,344,
320,,089,084,318,031,316,344,
320,,089,084,318,031,316,344,
320,,089,084,318,031,316,344,
320,,089,084,318,031,316,344,
320,,089,084,318,031,316,344,
320,,089,084,318,031,316,350,
320,,089,084,318,031,316,350,
320,,089,084,318,031,316,352,
320,,089,084,318,031,316,352,
320,,089,084,318,031,316,352,
320,,089,084,318,031,316,352,
320,,089,084,318,031,316,352,
320,,089,084,318,031,316,352,
320,,089,084,318,031,316,352,
320,,089,084,318,031,316,352,
320,,089,084,318,031,316,352,
320,,089,084,318,031,316,352,
320,,089,085,318,035,316,352,
320,,089,085,318,035,316,352,
320,,089,085,318,035,316,352,
320,,089,086,318,036,316,352,
320,,089,086,318,036,316,352,
320,,089,086,318,038,316,352,
320,,089,086,318,040,316,352,
320,,089,086,318,040,316,352,
320,,089,086,318,047,316,352,
320,,089,086,318,047,316,352,
320,,089,086,318,047,316,352,
320,,089,086,318,047,316,352,
320,,089,086,318,047,316,352,
320,,089,086,318,047,316,352,
320,,089,086,318,047,316,352,
320,,089,086,318,047,316,352,
320,,089,087,318,047,316,352,
320,,089,087,318,047,316,352,
320,,089,087,318,047,316,352,
320,,089,087,318,047,316,352,
320,,089,087,318,049,316,352,
320,,089,088,318,049,316,352,
320,,089,088,318,049,316,352,
320,,090,088,318,052,316,352,
320,,090,088,318,052,316,352,
320,,090,088,318,052,316,352,
320,,090,088,318,052,316,352,
320,,090,088,318,052,316,352,
321,,090,088,318,052,316,352,
322,,090,088,318,052,316,352,
322,,090,088,318,052,316,352,
322,,090,088,318,059,316,352,
322,,090,088,318,059,316,354,
322,,090,089,318,059,316,354,
322,,090,089,318,059,316,354,
322,,090,089,318,059,316,354,
322,,090,089,318,059,316,354,
322,,090,089,318,059,317,354,
322,,090,089,318,344,317,354,
322,,090,089,318,344,317,354,
322,,090,089,318,344,317,354,
322,,090,089,319,344,317,354,
322,,090,089,319,344,317,354,
322,,090,089,319,344,317,354,
322,,090,089,319,344,317,355,
322,,090,089,319,344,317,355,
322,,090,089,319,344,317,356,
322,,090,089,319,344,317,356,
322,,091,089,319,344,317,356,
322,,091,089,319,344,317,356,
322,,091,089,319,344,317,356,
322,,091,089,319,344,317,356,
322,,091,089,319,344,317,356,
322,,091,089,320,344,317,356,
322,,091,089,321,344,317,356,
322,,091,089,321,350,317,356,
322,,091,089,321,350,317,356,
322,,091,089,321,350,317,356,
322,,091,089,321,350,317,356,
322,,091,089,321,350,317,356,
322,,091,089,322,350,317,356,
322,,091,089,322,350,317,356,
322,,091,089,322,350,317,356,
322,,091,089,322,350,317,356,
322,,091,089,322,350,317,356,
322,,091,089,322,350,317,356,
322,,091,089,322,350,317,356,
322,,091,089,322,350,317,356,
322,,091,089,322,350,318,356,
322,,091,089,322,350,318,356,
322,,091,089,322,350,318,356,
322,,091,090,322,350,318,356,
322,,092,090,322,350,318,356,
322,,092,090,322,350,318,356,
322,,092,090,322,350,318,356,
322,,092,090,323,350,318,356,
322,,092,090,323,350,318,356,
322,,092,090,323,350,318,356,
322,,092,090,323,350,318,356,
322,,092,090,323,350,318,356,
322,,092,090,323,350,318,356,
322,,092,090,323,350,318,356,
322,,092,090,323,352,318,356,
322,,092,090,323,352,318,356,
322,,092,090,323,352,318,356,
322,,093,090,323,352,318,356,
322,,093,090,323,352,318,356,
322,,093,090,323,352,318,356,
322,,093,090,324,352,318,356,
322,,093,090,324,352,318,356,
322,,094,090,324,352,318,356,
322,,094,090,324,352,318,356,
322,,094,090,324,352,318,356,
323,,094,090,324,352,318,356,
323,,094,090,324,352,318,356,
323,,094,090,324,352,318,356,
323,,094,090,324,355,318,356,
323,,094,090,324,355,318,356,
323,,094,090,324,356,318,356,
323,,094,090,324,356,318,356,
323,,094,090,324,356,318,356,
323,,094,090,324,356,318,356,
323,,094,091,324,356,318,356,
323,,094,091,326,356,318,356,
323,,094,091,326,356,318,356,
323,,094,091,326,356,318,356,
323,,095,091,326,356,318,356,
323,,095,091,326,356,318,356,
324,,096,091,326,356,318,356,
324,,096,091,327,356,318,356,
324,,096,092,327,356,318,356,
324,,096,092,327,356,318,356,
324,,096,092,327,356,318,356,
324,,096,092,327,356,318,356,
324,,096,092,327,356,318,356,
324,,096,092,327,356,319,356,
324,,096,092,327,356,319,356,
324,,096,092,327,356,319,356,
324,,096,092,327,356,319,356,
324,,096,092,327,356,319,356,
324,,096,092,327,356,319,356,
324,,096,092,327,356,319,356,
324,,096,092,327,356,319,356,
324,,096,092,327,356,319,356,
324,,096,092,327,356,319,356,
324,,097,092,327,356,320,356,
324,,097,092,327,356,320,356,
324,,098,092,327,356,320,356,
324,,098,092,327,356,320,356,
324,,098,092,328,356,320,356,
324,,098,092,328,356,320,356,
324,,098,093,328,356,320,356,
324,,098,093,328,356,321,356,
324,,098,093,329,356,321,356,
324,,098,093,329,356,321,356,
324,,098,093,329,356,321,356,
324,,099,095,329,356,321,356,
324,,099,095,329,356,322,356,
324,,099,095,329,356,322,356,
324,,099,095,329,356,322,356,
324,,099,095,329,356,322,356,
324,,099,095,330,356,322,356,
324,,099,095,330,356,322,356,
324,,099,096,330,356,322,356,
324,,099,096,330,356,322,356,
324,,099,096,330,356,322,356,
324,,099,096,331,356,322,356,
324,,099,096,331,356,322,356,
324,,099,096,331,356,322,356,
324,,099,096,331,356,323,356,
324,,099,096,331,356,323,356,
325,,099,097,331,356,323,356,
325,,103,099,331,356,323,356,
325,,103,099,331,356,323,356,
325,,103,099,331,356,323,356,
325,,103,099,331,356,323,356,
325,,103,099,331,356,323,356,
325,,103,099,333,356,323,356,
325,,103,099,333,356,323,356,
325,,103,099,333,356,323,356,
325,,103,099,333,356,323,356,
326,,103,099,333,356,323,356,
326,,103,099,333,356,323,356,
326,,103,099,333,356,324,356,
326,,103,099,334,356,324,356,
326,,103,099,335,356,324,356,
326,,103,099,335,356,324,356,
326,,103,101,335,356,324,356,
326,,103,101,335,356,324,356,
326,,106,101,335,356,324,356,
326,,106,101,335,356,324,356,
326,,106,101,335,356,324,359,
326,,106,101,335,356,324,359,
326,,106,101,336,356,324,359,
326,,106,101,336,356,324,359,
326,,106,104,336,356,324,359,
326,,106,104,336,356,324,359,
326,,106,104,336,356,324,359,
326,,106,105,336,356,324,359,
326,,106,105,336,356,324,359,
326,,106,106,337,356,324,360,
326,,106,106,339,359,324,360,
326,,106,106,344,359,324,360,
326,,107,106,344,359,324,360,
326,,107,106,345,359,324,361,
326,,107,106,345,359,324,361,
326,,107,107,345,359,324,361,
326,,107,107,345,360,324,361,
326,,107,107,345,360,324,361,
326,,107,107,346,360,324,361,
326,,,107,350,360,324,361,
326,,,107,350,360,324,361,
326,,,114,355,360,324,361,
326,,,,,360,324,361,
326,,,,,360,324,361,
326,,,,,360,324,361,
326,,,,,360,324,361,
326,,,,,360,324,361,
326,,,,,360,324,361,
326,,,,,360,325,361,
326,,,,,360,325,361,
326,,,,,360,325,361,
326,,,,,360,325,361,
326,,,,,360,325,361,
326,,,,,360,325,361,
326,,,,,361,325,361,
326,,,,,361,325,361,
326,,,,,361,325,361,
326,,,,,361,326,361,
326,,,,,361,326,361,
326,,,,,361,326,361,
326,,,,,361,327,361,
326,,,,,361,327,361,
326,,,,,361,327,361,
326,,,,,361,327,361,
326,,,,,361,327,361,
326,,,,,361,327,361,
326,,,,,361,327,361,
326,,,,,361,327,361,
326,,,,,361,327,361,
326,,,,,361,327,361,
326,,,,,361,327,361,
326,,,,,361,328,361,
326,,,,,361,328,361,
326,,,,,361,329,361,
326,,,,,361,329,361,
326,,,,,361,329,361,
326,,,,,362,329,361,
326,,,,,362,329,362,
326,,,,,362,330,362,
326,,,,,362,330,362,
326,,,,,362,330,362,
326,,,,,362,331,362,
326,,,,,362,331,362,
326,,,,,362,331,362,
326,,,,,362,331,362,
326,,,,,362,331,362,
326,,,,,362,331,362,
326,,,,,362,331,362,
326,,,,,362,331,362,
326,,,,,362,331,362,
327,,,,,362,331,362,
327,,,,,362,333,362,
327,,,,,362,333,362,
327,,,,,362,333,362,
327,,,,,362,333,362,
327,,,,,362,333,362,
327,,,,,362,333,362,
327,,,,,362,333,362,
327,,,,,362,333,362,
327,,,,,362,333,362,
327,,,,,362,333,362,
327,,,,,362,333,362,
327,,,,,362,333,362,
327,,,,,362,334,362,
327,,,,,362,335,362,
327,,,,,362,335,362,
327,,,,,362,335,362,
327,,,,,362,335,362,
327,,,,,362,335,362,
327,,,,,362,335,362,
327,,,,,362,335,362,
327,,,,,362,335,362,
327,,,,,362,335,362,
327,,,,,362,335,362,
328,,,,,362,335,362,
328,,,,,362,335,362,
328,,,,,362,336,362,
329,,,,,362,336,362,
329,,,,,362,336,362,
329,,,,,362,336,362,
329,,,,,362,336,362,
329,,,,,362,336,362,
329,,,,,362,336,362,
329,,,,,362,336,362,
329,,,,,362,339,362,
329,,,,,362,339,362,
329,,,,,362,339,362,
329,,,,,362,344,362,
329,,,,,363,344,362,
329,,,,,363,345,362,
329,,,,,363,345,362,
330,,,,,363,345,362,
330,,,,,363,345,362,
330,,,,,363,346,362,
330,,,,,363,346,362,
330,,,,,363,346,362,
330,,,,,363,350,363,
330,,,,,,350,363,
330,,,,,,350,363,
330,,,,,,,363,
330,,,,,,,363,
330,,,,,,,363,
330,,,,,,,363,
330,,,,,,,363,
330,,,,,,,363,
330,,,,,,,363,
330,,,,,,,363,
330,,,,,,,363,
330,,,,,,,363,
330,,,,,,,363,
330,,,,,,,363,
330,,,,,,,363,
330,,,,,,,363,
330,,,,,,,363,
330,,,,,,,363,
330,,,,,,,363,
330,,,,,,,363,
330,,,,,,,363,
330,,,,,,,363,
330,,,,,,,363,
330,,,,,,,363,
330,,,,,,,363,
330,,,,,,,363,
330,,,,,,,363,
330,,,,,,,363,
330,,,,,,,363,
330,,,,,,,363,
330,,,,,,,363,
330,,,,,,,363,
330,,,,,,,363,
330,,,,,,,363,
330,,,,,,,363,
330,,,,,,,363,
330,,,,,,,363,
331,,,,,,,363,
331,,,,,,,363,
331,,,,,,,363,
331,,,,,,,363,
331,,,,,,,363,
331,,,,,,,363,
331,,,,,,,363,
331,,,,,,,363,
331,,,,,,,363,
331,,,,,,,363,
331,,,,,,,363,
331,,,,,,,363,
331,,,,,,,363,
331,,,,,,,363,
331,,,,,,,363,
331,,,,,,,363,
331,,,,,,,363,
331,,,,,,,363,
331,,,,,,,363,
331,,,,,,,363,
331,,,,,,,363,
331,,,,,,,363,
331,,,,,,,363,
331,,,,,,,363,
331,,,,,,,363,
331,,,,,,,363,
331,,,,,,,364,
331,,,,,,,364,
331,,,,,,,364,
331,,,,,,,364,
331,,,,,,,364,
331,,,,,,,364,
335,,,,,,,364,
336,,,,,,,364,
336,,,,,,,364,
336,,,,,,,364,
339,,,,,,,364,
339,,,,,,,364,
339,,,,,,,364,
339,,,,,,,364,
339,,,,,,,364,
346,,,,,,,364,
346,,,,,,,364,
346,,,,,,,364,
346,,,,,,,364,
346,,,,,,,364,
346,,,,,,,364,
346,,,,,,,364,
346,,,,,,,364,
346,,,,,,,364,
346,,,,,,,364,
346,,,,,,,364,
346,,,,,,,364,
346,,,,,,,364,
346,,,,,,,364,
346,,,,,,,364,
346,,,,,,,364,
346,,,,,,,364,
346,,,,,,,364,
346,,,,,,,364,
346,,,,,,,364,
346,,,,,,,364,
346,,,,,,,364,
346,,,,,,,364,
346,,,,,,,364,
346,,,,,,,364,
,,,,,,,364,
