Wild Spring Chinook,Wild Summer Chinook,Hatchery Spring Chinook,Hatchery Summer Chinook,Wild Summer Steelhead,Hatchery Summer Steelhead,Wild Sockeye,Hatchery Sockeye,Wild Type S Coho,Hatchery Type S Coho
142,171,132,175,083,088,176,174,258,258
143,171,137,175,107,089,176,176,258,265
144,171,138,175,108,174,177,177,262,266
144,174,138,175,114,175,177,177,262,267
145,174,138,175,116,182,177,190,262,267
145,174,139,175,118,185,183,190,262,268
145,175,140,175,119,188,183,190,264,268
146,175,140,175,121,189,183,190,265,269
147,175,140,175,122,192,183,190,266,269
150,175,141,175,122,192,184,190,268,270
151,175,141,175,123,192,185,190,269,270
151,175,141,175,125,192,185,190,271,271
151,175,141,176,126,192,185,190,272,271
151,175,141,178,126,193,186,191,272,271
151,176,142,182,128,194,186,191,272,271
151,176,142,182,131,196,186,191,272,271
151,176,142,182,181,196,186,191,272,272
151,176,143,182,182,196,187,191,273,272
151,176,143,182,183,196,187,191,273,272
151,176,144,182,184,197,187,191,274,272
152,176,144,182,186,197,187,191,276,272
152,176,144,182,187,197,187,192,276,272
152,177,144,182,187,197,187,192,276,272
152,177,144,182,187,198,187,192,276,272
152,177,144,182,188,198,187,192,276,273
153,177,144,182,188,199,187,193,276,273
153,177,144,182,188,199,187,193,276,273
154,177,144,183,189,199,187,193,276,273
154,177,144,183,190,200,187,193,276,273
155,177,144,183,190,200,187,193,276,273
155,177,144,183,190,201,187,193,276,273
155,177,144,183,190,201,187,193,276,273
155,177,144,183,191,203,187,193,276,273
156,177,145,183,191,205,187,193,276,274
156,177,145,183,191,206,188,193,276,274
157,177,145,184,191,206,188,193,276,274
157,177,145,187,192,206,188,193,276,274
157,177,145,187,192,207,188,193,276,274
158,178,145,188,192,207,188,193,276,274
158,178,145,188,192,208,188,193,276,275
158,178,145,188,193,209,188,193,276,275
158,178,145,188,193,209,188,193,276,275
158,178,145,188,194,209,188,193,276,275
158,178,145,188,194,210,188,193,276,275
158,178,145,188,194,210,188,193,276,275
158,178,145,188,195,210,188,193,276,275
158,178,145,188,195,210,188,195,276,276
158,178,145,188,196,211,188,195,276,276
158,179,146,188,196,211,188,195,276,276
158,180,146,188,196,212,188,195,276,277
159,180,146,188,196,212,188,195,276,277
159,181,146,188,196,212,188,195,276,277
159,181,146,188,197,212,188,195,276,277
159,181,146,188,197,213,188,195,276,277
159,182,146,188,197,213,188,196,276,277
159,183,146,188,197,213,188,196,276,277
159,183,146,188,197,213,189,196,276,277
159,183,146,188,197,215,189,196,276,277
160,183,148,189,197,216,189,196,276,278
160,183,149,189,197,216,189,196,276,278
160,183,149,189,198,216,189,196,276,278
160,183,149,189,198,217,189,196,276,278
160,183,151,189,198,217,190,196,276,278
160,183,151,189,198,218,190,196,277,278
160,183,151,189,198,218,190,196,277,278
160,183,151,189,198,218,190,196,277,278
160,183,151,189,198,218,190,196,277,278
160,183,151,189,199,219,190,196,277,278
160,183,151,189,199,219,190,196,277,278
160,183,151,189,199,219,190,196,277,278
161,183,151,189,200,219,190,196,277,278
161,183,151,190,200,220,190,196,277,279
161,183,151,190,200,220,190,196,277,279
161,184,151,191,200,220,190,196,277,279
161,184,151,191,200,220,190,196,277,279
161,184,151,192,200,220,190,196,277,279
161,184,152,192,200,220,190,196,277,280
161,184,152,192,200,221,190,196,277,280
161,184,152,192,201,221,191,196,277,280
162,184,152,192,201,221,191,196,277,280
162,184,153,193,201,221,191,196,277,280
162,184,153,193,202,222,191,196,277,280
162,184,153,193,202,222,191,196,277,280
162,184,154,194,202,223,191,196,277,280
162,184,154,194,202,223,191,196,277,280
162,184,154,194,203,223,191,196,277,280
162,184,154,194,203,224,191,196,277,280
162,184,154,195,203,224,191,196,277,280
163,184,154,195,203,224,191,196,277,281
163,184,155,195,203,224,191,196,277,281
163,184,155,195,203,224,191,196,277,281
163,184,155,195,203,224,191,196,277,281
163,184,155,195,203,224,191,197,277,281
163,184,155,195,203,225,191,197,277,281
163,184,155,195,203,226,191,197,277,281
163,184,156,195,203,226,191,197,277,281
164,184,156,195,203,226,191,197,278,281
164,184,156,195,204,226,191,197,278,281
164,184,157,195,204,226,192,197,278,281
164,184,157,195,204,227,192,197,278,281
164,184,157,195,204,227,192,197,278,282
164,184,157,195,204,228,192,197,278,282
164,184,158,195,204,228,192,198,278,282
164,184,158,195,204,228,192,198,278,282
164,184,158,195,205,228,192,198,278,282
164,184,158,195,205,228,192,198,278,282
164,184,158,195,205,228,192,198,278,282
164,184,158,196,205,229,192,198,278,282
164,184,158,196,205,229,192,198,278,283
164,185,158,196,206,229,192,198,278,283
165,185,158,196,206,229,192,198,278,283
165,186,158,196,206,229,192,198,278,283
165,186,158,196,206,230,192,198,278,283
165,186,158,196,206,230,192,198,278,283
165,186,158,196,206,230,192,198,278,283
165,186,158,196,207,230,192,198,278,283
165,186,158,196,207,231,192,198,278,283
165,186,158,196,207,231,192,198,278,283
165,186,158,196,207,231,192,198,279,283
165,186,159,196,207,231,192,198,279,283
165,186,159,196,208,231,192,198,281,283
165,186,159,197,208,231,192,198,281,283
165,187,159,197,208,232,192,198,281,283
165,187,159,197,208,232,193,198,281,283
165,187,159,197,208,232,193,198,281,283
165,187,159,197,208,233,193,199,282,283
165,187,160,197,208,233,193,199,282,283
165,187,160,197,208,233,193,199,282,284
165,187,160,197,208,234,193,199,283,284
165,187,160,198,209,234,193,199,283,284
165,187,160,198,209,234,193,199,284,284
165,187,160,198,209,234,193,199,284,285
165,187,160,198,209,234,193,199,284,285
165,187,160,198,209,234,193,199,284,285
165,187,160,198,209,234,193,199,285,285
165,187,160,198,209,235,193,200,285,286
165,188,160,198,209,235,193,200,285,286
165,188,160,198,209,235,193,200,285,286
165,188,160,198,210,235,193,200,286,286
165,188,160,198,210,235,193,200,286,286
165,188,160,198,210,235,193,200,286,286
165,188,161,198,210,236,193,201,287,286
165,188,161,198,210,236,193,201,288,286
165,188,161,198,210,236,193,201,288,286
165,188,161,198,210,236,193,201,288,286
165,188,161,198,210,236,193,201,289,286
165,188,161,198,210,236,193,201,290,286
165,188,161,198,210,236,193,201,291,286
165,188,161,198,211,237,193,201,291,286
165,189,161,198,211,237,193,201,292,286
165,189,161,198,211,237,193,201,292,286
165,189,161,198,211,237,193,201,292,287
165,189,161,198,211,237,193,201,293,287
165,189,161,198,211,237,193,201,293,287
165,189,161,198,211,238,193,201,294,287
165,189,161,198,211,238,193,201,294,287
165,189,161,198,211,238,193,201,294,287
165,189,161,198,212,239,193,201,295,287
165,189,161,198,212,239,193,201,295,287
165,189,161,198,212,239,193,202,295,287
165,189,161,198,212,239,193,202,295,287
165,190,162,198,212,239,193,202,295,287
165,190,162,198,212,239,193,202,296,287
165,190,162,198,212,240,193,202,296,287
165,190,162,198,212,240,193,202,297,287
165,190,162,198,212,240,194,202,297,287
165,190,162,198,213,240,194,202,297,287
165,190,162,198,213,240,194,202,297,287
165,190,162,198,213,240,194,202,298,287
165,190,162,198,213,241,194,202,298,288
165,190,162,198,213,241,194,202,299,288
165,190,162,198,213,241,194,202,299,288
165,190,162,198,213,241,194,202,300,288
165,190,162,198,214,241,194,202,300,288
165,190,162,198,214,241,194,202,301,288
165,190,162,198,214,242,194,202,302,288
165,190,162,198,214,242,194,202,302,288
165,190,162,198,214,242,194,202,303,288
165,190,162,198,214,242,194,202,303,288
165,190,162,198,214,242,194,202,303,288
166,190,162,198,215,243,194,202,304,288
166,190,162,198,215,243,194,202,305,288
166,190,162,198,215,243,194,202,305,288
166,190,162,198,215,243,194,202,305,288
166,190,162,198,216,243,194,203,305,288
166,190,162,198,216,243,194,203,305,288
166,191,162,199,216,243,194,203,305,288
166,191,162,199,216,243,194,203,306,288
166,191,162,199,216,243,194,203,306,288
166,191,162,199,216,244,194,203,307,288
166,191,162,199,216,244,194,203,307,289
166,191,162,199,216,245,194,203,307,289
166,191,163,199,217,245,194,203,308,289
166,191,163,199,217,245,195,203,308,289
166,191,163,199,217,245,195,203,308,289
167,191,163,200,218,245,195,203,309,289
167,191,163,200,218,245,195,203,309,289
167,191,163,200,218,246,195,204,310,289
167,191,163,200,218,246,195,204,312,289
167,191,163,200,218,246,195,204,313,289
167,191,163,200,218,247,195,204,,289
167,191,163,200,218,247,195,204,,289
167,191,163,200,218,247,195,204,,289
167,191,163,200,218,247,195,204,,290
167,191,163,201,219,247,195,204,,290
167,191,163,201,219,247,195,204,,290
167,191,163,201,219,247,195,204,,290
167,191,164,201,219,248,195,204,,290
167,191,164,201,219,248,195,204,,290
167,191,164,201,219,248,195,204,,290
167,191,164,201,219,249,195,204,,290
167,191,164,201,219,250,195,204,,290
167,191,164,202,219,250,195,204,,290
167,191,164,202,219,250,195,204,,290
167,191,164,202,219,250,195,204,,290
167,191,164,202,219,251,195,205,,290
167,191,164,202,219,251,195,205,,290
167,191,164,202,219,251,195,205,,290
167,191,164,202,220,251,195,205,,290
167,191,164,202,220,251,195,205,,290
168,191,164,202,220,251,195,205,,290
168,191,164,202,220,251,195,205,,290
168,191,164,202,220,251,195,205,,290
168,191,164,202,221,252,195,205,,290
168,191,164,202,221,252,195,205,,290
168,191,164,202,221,252,195,206,,290
168,191,164,202,221,252,195,206,,290
168,191,164,202,222,252,195,206,,290
168,191,164,202,222,252,195,206,,290
168,191,164,202,222,252,195,206,,290
168,192,164,202,223,252,195,206,,290
168,192,164,202,223,252,195,206,,290
168,192,164,202,224,252,195,206,,290
169,192,164,202,224,252,195,206,,290
169,192,164,202,224,252,195,206,,290
169,192,164,202,224,252,195,206,,290
169,192,164,202,224,253,196,206,,290
169,192,164,202,224,253,196,206,,290
169,192,164,203,224,253,196,206,,290
169,192,164,203,224,253,196,206,,290
169,192,164,203,224,253,196,206,,290
169,192,164,203,224,253,196,206,,290
169,192,164,203,225,253,196,206,,290
169,192,165,204,225,253,196,206,,291
169,192,165,204,225,254,196,206,,291
169,192,165,204,225,254,196,206,,291
169,192,165,204,225,254,196,206,,291
169,192,165,204,225,254,196,206,,291
169,192,165,204,225,254,196,206,,291
169,192,165,204,225,254,196,206,,291
169,192,165,204,226,254,196,206,,291
169,192,165,204,226,254,196,206,,292
169,192,165,204,226,254,196,206,,292
169,192,165,204,226,254,196,206,,292
169,192,165,204,226,254,196,206,,292
169,192,165,204,227,255,196,207,,292
169,192,165,204,227,255,196,207,,292
169,192,165,205,227,255,196,207,,292
169,192,165,205,227,255,196,207,,292
170,192,165,205,227,255,196,207,,292
170,193,165,205,227,255,196,207,,292
170,193,165,205,227,256,196,207,,292
170,193,165,205,228,256,196,207,,292
170,193,165,205,228,256,196,207,,292
170,193,166,205,228,256,196,207,,292
170,193,166,205,228,256,196,207,,293
170,193,166,205,228,256,196,207,,293
170,193,166,205,228,256,196,207,,293
170,193,166,205,229,256,196,207,,293
170,193,166,205,229,256,196,207,,293
170,193,166,205,229,256,196,207,,293
170,193,166,205,229,256,196,207,,293
171,193,166,205,229,257,196,207,,293
171,193,166,205,229,257,196,207,,293
171,194,166,205,229,257,196,207,,293
171,194,166,205,229,257,196,207,,293
171,194,166,205,229,257,196,207,,293
171,194,166,205,230,257,196,207,,293
171,194,166,205,230,257,196,207,,293
171,194,166,205,230,257,196,207,,294
171,194,166,205,230,257,196,207,,294
171,194,166,205,230,257,196,207,,294
171,194,166,205,230,257,196,207,,294
171,194,166,205,230,257,197,208,,294
171,194,166,205,230,258,197,208,,294
171,194,166,205,230,258,197,208,,294
171,195,166,205,230,258,197,208,,294
171,195,166,205,230,258,197,208,,294
171,195,166,205,231,258,197,208,,294
171,195,166,205,231,258,197,208,,294
172,195,166,205,231,258,197,208,,294
172,195,166,205,231,258,197,208,,294
172,195,166,205,232,258,197,208,,294
172,195,166,205,232,258,197,208,,294
172,195,166,205,232,259,197,208,,294
172,195,166,205,232,259,197,208,,294
172,195,166,205,233,259,197,208,,294
172,195,166,205,233,259,197,208,,294
172,195,167,206,233,259,197,208,,294
172,195,167,206,233,259,197,208,,294
172,195,167,206,233,259,197,208,,294
172,195,167,206,233,259,197,208,,294
172,195,167,206,233,259,197,208,,295
172,195,167,206,234,259,197,208,,295
172,195,167,206,234,259,197,208,,296
172,196,167,207,234,259,197,208,,296
172,196,167,207,234,259,197,208,,296
172,196,167,207,235,259,197,209,,297
172,196,167,207,235,259,197,209,,297
172,196,167,207,235,259,197,209,,297
172,196,167,207,235,260,197,209,,297
172,196,167,207,235,260,197,209,,297
172,196,167,207,235,260,197,209,,297
172,196,167,207,235,260,197,209,,297
173,196,167,207,235,260,197,209,,298
173,196,167,207,235,260,197,209,,298
173,196,167,207,236,260,197,209,,298
173,196,167,207,236,260,197,210,,298
173,196,167,207,236,260,197,210,,298
173,196,167,207,236,260,197,210,,298
173,196,167,207,236,260,197,210,,298
173,196,167,207,236,260,197,210,,298
173,196,167,207,236,261,197,210,,298
173,196,168,207,236,261,197,210,,298
173,196,168,207,237,261,197,210,,298
173,196,168,207,237,261,197,210,,298
173,196,168,207,237,261,197,210,,298
173,196,168,207,237,261,197,210,,298
173,196,168,207,237,261,197,210,,298
173,196,168,208,237,261,197,210,,298
173,196,169,208,237,261,198,210,,298
173,196,169,208,237,261,198,210,,298
173,196,169,208,237,261,198,210,,298
173,197,169,208,238,261,198,210,,298
173,197,169,208,238,261,198,210,,298
174,197,169,208,238,261,198,210,,298
174,197,169,208,238,261,198,210,,298
174,197,169,208,238,261,198,210,,298
174,197,169,208,238,261,198,210,,298
174,197,169,208,238,261,198,210,,298
174,197,169,208,238,261,198,210,,298
174,197,169,208,238,261,198,210,,298
174,197,169,208,238,262,198,210,,298
174,197,169,208,238,262,198,210,,298
174,197,169,208,238,262,198,210,,298
174,197,169,209,239,262,198,210,,298
174,197,169,209,239,262,198,210,,298
174,197,170,209,239,262,198,210,,298
174,197,170,209,239,262,198,210,,299
174,197,170,209,240,262,198,210,,299
174,197,170,209,240,262,198,210,,299
174,197,170,209,240,262,198,210,,299
174,197,170,209,240,262,198,211,,299
174,197,170,209,240,263,198,211,,300
174,197,170,209,240,263,198,211,,300
174,197,170,209,240,263,198,211,,300
174,197,170,209,240,263,198,211,,300
174,197,170,209,240,263,198,211,,300
174,197,171,209,240,263,198,211,,301
174,197,171,209,241,263,198,211,,301
174,197,171,210,241,264,198,211,,301
174,197,171,210,241,264,198,211,,301
174,197,171,210,241,264,198,211,,302
174,197,171,210,241,264,198,211,,302
175,197,171,210,242,264,198,211,,302
175,197,171,210,242,264,198,211,,303
175,197,171,210,242,264,198,211,,303
175,198,171,210,242,264,198,211,,303
175,198,171,210,242,264,198,211,,304
175,198,171,210,242,264,198,211,,304
175,198,171,210,242,265,198,211,,304
175,198,171,210,242,265,198,212,,304
175,198,171,210,242,265,198,212,,304
175,198,171,210,243,265,198,212,,305
175,198,171,210,243,265,198,212,,305
175,198,171,210,243,265,198,212,,305
175,198,172,210,243,265,198,212,,305
175,198,172,210,243,265,198,212,,305
175,198,172,210,243,265,198,212,,305
175,198,172,211,243,265,198,212,,305
175,198,172,211,243,265,198,212,,306
175,198,172,211,244,265,198,212,,306
175,198,172,211,244,265,198,212,,307
175,198,172,211,244,265,198,212,,308
175,198,172,211,244,265,198,212,,308
175,198,172,211,244,266,198,212,,308
175,198,172,211,244,266,198,212,,308
175,198,172,211,244,266,198,212,,308
175,198,172,211,245,266,198,212,,314
175,198,172,211,245,266,198,212,,314
175,198,172,211,245,266,198,212,,315
175,198,172,211,245,266,198,212,,315
175,198,172,211,245,266,198,212,,315
175,198,172,211,245,266,198,212,,315
175,198,172,211,246,266,198,212,,315
175,198,172,211,246,266,198,212,,316
176,198,172,211,246,266,198,212,,317
176,198,172,211,247,266,198,212,,319
176,198,172,211,247,266,198,212,,
176,198,173,211,247,266,198,212,,
176,198,173,211,247,266,198,212,,
176,198,173,211,247,266,199,212,,
176,199,173,211,247,266,199,212,,
176,199,173,211,247,266,199,212,,
176,199,173,211,248,266,199,212,,
176,199,173,211,248,266,199,212,,
176,199,173,211,248,266,199,212,,
176,199,173,211,248,266,199,212,,
176,199,173,211,248,266,199,212,,
176,199,173,211,248,266,199,212,,
176,199,173,211,249,266,199,212,,
176,199,173,211,249,266,199,212,,
176,199,173,211,249,266,199,212,,
176,199,173,211,249,266,199,212,,
176,199,173,212,249,267,199,212,,
176,199,173,212,249,267,199,212,,
176,199,173,212,249,267,199,213,,
176,199,173,212,249,267,199,213,,
176,199,173,212,250,267,199,213,,
176,199,173,212,250,267,199,213,,
176,199,173,212,250,267,199,213,,
176,199,173,212,250,267,199,213,,
176,199,173,212,250,267,199,213,,
176,199,173,212,250,267,199,213,,
176,199,173,212,250,267,200,213,,
176,199,173,212,250,267,200,213,,
176,199,173,212,250,267,200,213,,
176,199,173,212,251,267,200,213,,
176,199,173,212,251,267,200,213,,
176,199,173,212,251,267,200,213,,
176,199,173,212,251,267,200,213,,
176,199,173,212,251,267,200,213,,
176,199,173,212,251,267,200,213,,
176,199,173,212,251,267,200,213,,
176,199,173,212,251,267,200,213,,
176,199,173,212,251,268,200,213,,
176,199,173,212,251,268,200,213,,
176,199,173,212,251,268,200,213,,
176,199,173,212,251,268,200,213,,
177,199,173,212,251,268,200,213,,
177,199,173,212,251,268,200,213,,
177,200,173,212,251,268,200,214,,
177,200,173,212,251,268,200,214,,
177,200,173,212,252,268,200,214,,
177,200,174,212,252,268,200,214,,
177,200,174,212,252,268,200,214,,
177,200,174,212,252,268,200,214,,
177,200,174,212,252,268,200,214,,
177,200,174,212,252,268,200,214,,
177,200,174,212,252,268,201,214,,
177,200,174,212,252,268,201,214,,
177,200,174,212,252,268,201,214,,
177,200,174,212,252,268,201,215,,
177,200,174,212,252,268,201,215,,
177,200,174,212,252,268,201,215,,
177,200,174,212,252,268,201,215,,
177,200,174,212,252,268,201,215,,
177,200,174,212,253,268,201,215,,
177,200,174,212,253,268,201,215,,
177,200,174,212,253,268,201,215,,
177,200,174,212,253,268,201,215,,
177,200,174,212,253,268,201,215,,
177,200,174,212,253,268,201,215,,
177,200,174,212,253,269,201,216,,
177,200,174,212,253,269,201,216,,
177,200,174,212,253,269,201,216,,
177,200,174,212,254,269,201,216,,
178,200,174,213,254,269,201,216,,
178,201,174,213,254,269,201,216,,
178,201,174,213,254,269,201,216,,
178,201,175,213,254,269,201,216,,
178,201,175,213,254,269,201,216,,
178,201,175,213,254,269,201,217,,
178,201,175,213,254,269,201,217,,
178,201,175,213,254,269,201,217,,
178,201,175,213,254,269,201,217,,
178,201,175,213,254,269,201,217,,
178,201,175,213,255,269,201,217,,
178,201,175,213,255,269,202,218,,
178,201,175,213,255,269,202,218,,
178,201,175,213,255,269,202,218,,
178,201,175,213,255,270,202,218,,
178,201,175,213,255,270,202,218,,
178,201,175,213,255,270,202,218,,
178,201,175,213,256,270,202,218,,
178,201,175,213,256,270,202,218,,
178,201,175,213,256,270,202,218,,
178,201,175,213,256,270,202,218,,
178,202,175,213,256,270,202,218,,
178,202,175,213,256,270,202,219,,
178,202,175,213,256,270,202,219,,
178,202,175,213,256,270,202,219,,
178,202,176,213,256,270,202,219,,
178,202,176,213,257,270,202,219,,
178,202,176,213,257,270,202,219,,
178,202,176,213,257,270,202,219,,
178,202,176,213,257,270,202,219,,
178,202,176,213,257,271,202,219,,
178,202,176,213,257,271,202,219,,
178,202,176,213,257,271,202,220,,
178,202,176,213,257,271,202,220,,
178,202,176,213,257,271,202,220,,
178,202,176,213,257,271,202,220,,
178,202,176,213,257,271,202,220,,
178,202,176,213,257,271,202,220,,
178,202,176,213,257,271,202,220,,
178,203,176,213,258,271,202,220,,
178,203,176,213,258,271,202,220,,
178,203,176,213,258,271,202,220,,
178,203,176,213,258,271,202,220,,
178,203,176,213,258,271,202,221,,
178,203,176,213,258,272,202,221,,
178,203,176,213,258,272,203,221,,
178,203,176,213,258,272,203,221,,
179,203,176,213,258,272,203,221,,
179,203,176,213,258,272,203,221,,
179,203,176,213,258,272,203,221,,
179,203,176,213,258,272,203,221,,
179,203,177,213,259,272,203,221,,
179,203,177,213,259,272,203,221,,
179,203,177,213,259,272,203,221,,
179,203,177,213,259,272,203,221,,
179,203,177,213,259,272,203,221,,
179,203,177,213,259,272,203,221,,
179,203,177,213,259,272,203,221,,
179,203,177,213,259,272,203,221,,
179,203,177,213,259,272,203,221,,
179,203,177,213,260,273,203,221,,
179,203,177,214,260,273,203,221,,
179,203,177,214,260,273,203,221,,
179,203,177,214,260,273,203,221,,
179,204,177,214,260,273,203,221,,
179,204,177,214,260,273,203,221,,
179,204,177,214,260,273,203,221,,
179,204,177,214,260,273,203,221,,
179,204,177,214,260,273,203,222,,
179,204,177,214,260,273,203,222,,
179,204,177,214,260,273,203,222,,
179,204,177,214,261,273,203,222,,
179,204,178,214,261,273,203,222,,
179,204,178,214,261,273,203,222,,
179,204,178,214,261,273,203,223,,
179,204,178,214,261,273,203,223,,
179,204,178,214,261,273,203,223,,
179,204,178,214,261,273,203,223,,
179,204,178,215,261,273,203,223,,
179,204,178,215,261,273,203,223,,
179,204,178,215,261,273,203,223,,
179,204,178,215,261,273,203,223,,
179,204,178,215,261,273,203,223,,
179,204,178,215,261,273,204,223,,
179,204,178,215,261,273,204,223,,
179,204,178,216,261,273,204,223,,
179,204,179,216,261,273,204,223,,
179,204,179,216,261,273,204,223,,
179,204,179,216,261,273,204,223,,
179,204,179,216,262,273,204,224,,
179,204,179,216,262,273,204,224,,
179,204,179,216,262,273,204,224,,
179,204,179,216,262,273,204,224,,
179,204,179,216,262,273,204,224,,
179,204,179,216,262,273,204,224,,
179,204,179,216,262,273,204,224,,
180,204,179,216,262,273,204,224,,
180,204,179,216,262,273,204,225,,
180,204,179,216,262,273,204,225,,
180,204,179,216,262,274,204,226,,
180,204,179,216,262,274,204,226,,
180,204,179,216,263,274,204,226,,
180,204,179,216,263,274,204,226,,
180,204,179,217,263,274,204,226,,
180,204,179,217,263,274,204,226,,
180,204,179,217,263,274,204,226,,
180,204,179,217,263,274,204,227,,
180,204,179,217,263,274,204,227,,
180,205,179,217,263,274,204,227,,
180,205,179,217,263,274,204,228,,
180,205,179,217,263,274,204,228,,
180,205,179,217,263,274,204,228,,
180,205,179,217,263,274,204,228,,
180,205,179,217,263,274,204,229,,
180,205,179,217,263,274,204,229,,
180,205,179,217,263,274,205,229,,
180,205,180,217,263,274,205,229,,
180,205,180,217,263,274,205,229,,
180,205,180,217,263,274,205,229,,
180,205,180,217,263,274,205,229,,
180,205,180,217,264,274,205,230,,
180,205,180,217,264,275,205,231,,
180,205,180,217,264,275,205,232,,
180,205,180,217,264,275,205,234,,
180,205,180,217,264,275,205,235,,
180,205,180,217,264,275,205,236,,
180,205,180,217,264,275,205,236,,
180,205,180,217,264,275,205,236,,
180,205,180,217,264,275,205,236,,
180,205,180,218,264,275,205,236,,
180,205,180,218,264,275,205,236,,
180,205,180,218,264,275,205,236,,
180,205,180,218,264,275,205,236,,
180,205,180,218,264,275,205,237,,
180,205,180,218,264,275,205,237,,
181,205,180,218,264,275,205,238,,
181,205,180,218,265,275,205,238,,
181,205,180,218,265,275,205,238,,
181,205,180,218,265,276,205,238,,
181,205,180,218,265,276,205,240,,
181,205,180,218,265,276,205,240,,
181,205,180,218,265,276,205,240,,
181,205,180,219,265,276,205,240,,
181,205,180,219,265,276,205,240,,
181,205,180,219,265,276,205,241,,
181,205,181,219,265,276,205,243,,
181,205,181,219,265,276,205,244,,
181,205,181,219,265,276,205,244,,
181,205,181,219,265,276,205,244,,
181,205,181,219,265,276,205,244,,
181,205,181,219,265,276,205,245,,
182,205,181,219,265,276,205,245,,
182,205,182,219,265,276,205,246,,
182,205,182,219,265,277,205,246,,
182,206,182,219,265,277,205,246,,
182,206,182,219,265,277,205,247,,
182,206,182,219,266,277,205,247,,
182,206,182,219,266,277,205,247,,
182,206,182,219,266,277,205,247,,
182,206,182,219,266,277,205,247,,
182,206,182,219,266,277,205,250,,
182,206,183,219,266,277,205,251,,
182,206,183,219,266,277,205,251,,
182,206,183,219,266,278,206,251,,
182,206,183,219,266,278,206,251,,
182,206,183,219,266,278,206,251,,
182,206,183,219,266,278,206,251,,
182,206,183,219,266,278,206,251,,
182,206,183,219,267,278,206,251,,
182,206,183,219,267,278,206,251,,
182,206,183,219,267,278,206,251,,
182,206,183,219,267,278,206,251,,
182,206,183,219,267,278,206,251,,
183,206,183,219,267,278,206,251,,
183,206,183,219,267,278,206,251,,
183,206,183,219,267,278,206,251,,
183,206,183,219,267,278,206,251,,
183,206,183,219,267,278,206,251,,
183,206,183,219,267,278,206,251,,
183,206,183,219,267,278,206,252,,
183,207,183,219,267,278,206,252,,
183,207,184,219,267,278,206,252,,
183,207,184,219,267,278,206,252,,
183,207,184,219,267,278,206,253,,
183,207,184,219,267,278,206,254,,
183,207,184,219,267,278,206,254,,
183,207,184,219,267,279,206,254,,
183,207,184,219,267,279,206,254,,
183,207,184,219,268,279,206,257,,
183,207,184,219,268,279,206,257,,
183,207,184,219,268,279,206,257,,
183,207,184,219,268,279,206,257,,
183,207,184,219,268,279,206,257,,
183,207,184,219,268,279,206,257,,
183,207,184,219,268,279,206,258,,
183,207,184,219,268,279,206,259,,
183,207,184,219,268,279,207,259,,
183,207,184,219,268,279,207,259,,
183,207,184,219,268,279,207,259,,
183,207,184,219,268,279,207,259,,
183,207,184,219,268,279,207,259,,
183,207,184,220,268,279,207,259,,
183,207,185,220,268,279,207,259,,
183,207,185,220,268,279,207,259,,
183,207,185,220,268,279,207,259,,
184,207,185,220,268,279,207,259,,
184,207,185,220,268,279,207,261,,
184,207,185,220,268,279,207,261,,
184,207,185,220,268,279,207,261,,
184,207,185,220,268,279,207,261,,
184,207,185,220,269,279,207,261,,
184,207,185,220,269,280,207,261,,
184,207,186,220,269,280,207,261,,
184,207,186,220,269,280,207,261,,
184,207,186,220,269,280,207,261,,
184,207,186,220,269,280,207,263,,
184,207,186,220,269,280,208,263,,
184,208,186,221,269,280,208,263,,
184,208,186,221,269,280,208,263,,
184,208,186,221,269,280,208,263,,
184,208,186,221,269,280,208,263,,
184,208,186,221,269,280,208,265,,
184,208,186,221,269,280,208,266,,
184,208,186,221,269,280,208,266,,
184,208,186,221,269,280,208,266,,
184,208,186,221,269,280,208,266,,
184,208,186,221,269,280,208,271,,
184,208,186,221,269,280,208,271,,
184,208,186,221,269,280,208,271,,
184,208,186,221,269,280,208,272,,
184,208,186,221,269,280,208,273,,
184,208,186,221,269,280,208,280,,
184,208,186,221,269,280,208,281,,
184,208,186,222,269,280,208,,,
184,208,186,222,269,280,208,,,
184,208,186,222,269,280,208,,,
184,208,187,222,270,280,208,,,
184,208,187,222,270,280,208,,,
184,208,187,222,270,280,208,,,
184,208,187,222,270,280,208,,,
184,208,187,222,270,280,208,,,
184,208,187,222,270,280,208,,,
184,208,187,222,270,280,208,,,
184,208,187,222,270,281,208,,,
184,208,187,222,270,281,208,,,
184,208,187,222,270,281,209,,,
185,208,187,222,270,281,209,,,
185,208,187,222,270,281,209,,,
185,208,187,222,270,281,209,,,
185,208,187,222,270,281,209,,,
185,209,187,222,270,281,209,,,
185,209,187,222,270,281,209,,,
185,209,187,222,270,281,209,,,
185,209,187,222,270,281,209,,,
185,209,187,222,270,281,209,,,
186,209,187,222,270,281,209,,,
186,209,187,222,271,281,209,,,
186,209,187,222,271,282,209,,,
186,209,187,222,271,282,209,,,
186,209,187,222,271,282,209,,,
186,209,187,222,271,282,209,,,
186,209,187,222,271,282,209,,,
186,209,187,223,271,283,209,,,
186,209,187,223,271,283,209,,,
186,209,187,223,271,283,209,,,
186,209,187,223,271,283,209,,,
186,209,187,223,271,283,209,,,
186,209,187,223,271,283,209,,,
186,209,187,223,271,283,209,,,
186,209,187,223,271,283,209,,,
186,209,188,223,271,283,209,,,
186,209,188,223,271,283,209,,,
186,209,188,223,271,283,209,,,
186,209,188,223,271,283,209,,,
186,209,188,223,271,283,209,,,
186,209,188,224,271,283,209,,,
187,209,188,224,271,283,209,,,
187,209,188,224,271,283,209,,,
187,209,188,224,271,284,210,,,
187,209,188,224,271,284,210,,,
187,209,188,224,272,284,210,,,
187,210,188,224,272,284,210,,,
187,210,188,224,272,284,210,,,
187,210,188,224,272,284,210,,,
187,210,188,224,272,284,210,,,
187,210,188,224,272,284,210,,,
187,210,188,224,272,285,210,,,
187,210,188,224,272,285,210,,,
187,210,188,224,272,285,210,,,
187,210,188,224,272,285,210,,,
187,210,188,225,272,285,210,,,
187,210,188,225,272,285,210,,,
187,210,188,225,272,285,210,,,
187,210,188,225,272,285,210,,,
187,210,188,225,272,285,210,,,
187,210,188,225,272,285,210,,,
187,210,188,225,272,285,210,,,
187,210,189,225,272,285,210,,,
187,210,189,225,272,285,210,,,
187,210,189,225,272,285,210,,,
187,210,189,225,273,285,211,,,
187,210,189,225,273,285,211,,,
187,210,189,226,273,286,211,,,
187,210,189,226,273,286,211,,,
187,210,189,226,273,286,211,,,
188,210,189,226,273,286,211,,,
188,211,189,226,273,286,211,,,
188,211,189,226,273,286,211,,,
188,211,189,226,273,286,211,,,
188,211,189,226,273,286,211,,,
188,211,189,226,273,286,211,,,
188,211,189,226,273,286,211,,,
188,211,189,226,273,286,211,,,
188,211,189,226,273,286,211,,,
188,211,189,226,273,286,211,,,
188,211,189,226,273,286,211,,,
188,211,189,226,274,286,211,,,
188,211,189,226,274,286,211,,,
188,211,190,226,274,287,211,,,
188,211,190,226,274,287,211,,,
188,211,190,226,274,287,211,,,
188,211,190,226,274,287,211,,,
188,211,190,226,274,287,211,,,
188,211,190,227,274,287,212,,,
188,211,190,227,274,287,212,,,
188,211,190,227,274,287,212,,,
188,211,190,227,274,287,212,,,
188,211,190,227,274,287,212,,,
188,211,190,227,274,287,212,,,
188,211,191,227,274,288,212,,,
188,211,191,227,274,288,212,,,
188,211,191,227,274,288,212,,,
189,211,191,227,275,288,212,,,
189,211,191,228,275,288,212,,,
189,211,191,228,275,288,212,,,
189,211,191,228,275,288,212,,,
189,211,191,228,275,288,212,,,
189,211,191,228,275,288,212,,,
189,211,191,228,275,288,212,,,
189,212,191,228,275,288,212,,,
189,212,191,228,275,288,212,,,
189,212,191,228,275,288,212,,,
189,212,191,228,275,289,212,,,
189,212,191,228,275,289,212,,,
189,212,191,228,275,289,212,,,
189,212,191,228,275,289,212,,,
190,212,191,228,275,289,212,,,
190,212,191,228,275,290,212,,,
190,212,191,228,275,290,212,,,
190,212,192,228,275,290,212,,,
190,212,192,228,275,290,212,,,
190,212,192,228,275,290,212,,,
190,212,192,228,275,290,212,,,
190,212,192,228,275,290,212,,,
190,212,192,228,275,290,212,,,
190,212,192,228,276,290,212,,,
190,212,192,229,276,290,212,,,
191,212,192,229,276,290,212,,,
191,212,192,229,276,290,212,,,
191,212,192,229,276,290,212,,,
191,212,192,229,276,290,212,,,
191,212,192,229,276,290,212,,,
191,212,192,229,276,290,212,,,
191,212,193,229,276,290,212,,,
191,212,193,229,276,290,212,,,
191,212,193,229,276,290,212,,,
191,212,193,229,276,290,212,,,
191,212,193,229,276,290,212,,,
191,212,193,229,276,290,212,,,
191,212,193,229,276,290,212,,,
191,212,193,229,276,291,212,,,
191,212,193,229,276,291,212,,,
191,212,193,229,277,291,212,,,
191,212,193,229,277,291,212,,,
191,212,194,229,277,291,213,,,
191,212,194,229,277,291,213,,,
191,212,194,229,277,291,213,,,
191,212,194,229,277,291,213,,,
191,212,194,229,278,291,213,,,
191,212,194,230,278,291,213,,,
191,212,194,230,278,291,213,,,
192,212,194,230,278,291,213,,,
192,212,194,230,278,291,213,,,
192,212,194,230,278,291,213,,,
192,213,194,230,278,291,213,,,
192,213,195,230,278,291,213,,,
192,213,195,230,278,291,213,,,
192,213,195,230,278,291,213,,,
192,213,195,231,278,291,213,,,
192,213,195,231,278,292,213,,,
192,213,195,231,278,292,213,,,
192,213,195,231,278,292,213,,,
192,213,195,231,279,292,213,,,
193,213,195,231,279,292,213,,,
193,213,195,231,279,292,213,,,
193,213,196,231,279,292,213,,,
193,213,196,231,279,292,213,,,
193,213,196,231,279,292,213,,,
193,213,196,231,279,292,213,,,
193,213,196,231,279,292,213,,,
193,213,196,231,279,292,213,,,
193,213,196,231,279,292,213,,,
193,213,196,231,279,292,213,,,
193,213,196,231,279,292,213,,,
193,213,197,231,279,292,214,,,
193,213,197,231,279,292,214,,,
193,213,197,231,279,292,214,,,
193,213,197,231,279,292,214,,,
193,213,197,231,279,293,214,,,
193,213,197,232,279,293,214,,,
193,213,197,232,279,293,214,,,
194,213,197,232,279,293,214,,,
194,214,197,232,279,293,214,,,
194,214,197,232,280,293,214,,,
194,214,197,232,280,293,214,,,
194,214,197,232,280,293,214,,,
194,214,197,232,280,293,214,,,
194,214,197,232,280,293,214,,,
194,214,197,232,280,293,214,,,
194,214,198,233,280,293,214,,,
194,214,198,233,280,293,214,,,
194,214,198,233,280,293,214,,,
194,214,198,233,280,293,214,,,
195,214,198,233,280,294,215,,,
195,214,198,233,280,294,215,,,
195,214,198,233,280,294,215,,,
195,214,198,233,280,294,215,,,
195,214,198,234,280,294,215,,,
195,214,198,234,280,294,215,,,
195,214,198,235,280,294,215,,,
195,214,198,235,280,294,215,,,
195,214,198,235,280,294,215,,,
195,214,198,235,281,294,215,,,
195,214,199,235,281,294,215,,,
195,215,199,235,282,294,215,,,
195,215,199,235,282,294,215,,,
195,215,199,235,282,294,216,,,
195,215,199,235,282,295,216,,,
196,215,199,236,282,295,216,,,
196,215,199,236,282,295,216,,,
196,215,199,236,282,295,216,,,
196,215,200,237,282,295,216,,,
196,215,200,237,282,296,216,,,
196,215,200,237,283,296,216,,,
196,215,200,237,283,296,216,,,
196,215,200,237,283,297,216,,,
196,215,200,237,283,297,216,,,
196,215,200,237,283,297,217,,,
196,216,200,237,283,297,217,,,
196,216,200,237,283,297,217,,,
196,216,200,238,283,297,217,,,
196,216,200,238,284,297,217,,,
196,216,201,238,284,297,217,,,
196,216,201,238,284,297,217,,,
196,216,201,238,284,298,218,,,
196,216,201,238,284,298,218,,,
196,216,201,239,284,298,218,,,
196,216,201,239,284,298,218,,,
197,216,201,239,284,298,218,,,
197,217,201,240,284,298,218,,,
197,217,201,240,284,298,218,,,
197,217,201,241,285,298,218,,,
197,217,201,242,285,298,218,,,
197,217,201,242,285,298,218,,,
197,217,201,242,285,298,218,,,
197,217,201,242,285,298,219,,,
197,217,201,242,285,298,219,,,
197,217,201,242,285,298,219,,,
197,217,201,242,285,298,219,,,
197,217,201,243,285,298,219,,,
197,217,201,243,285,298,219,,,
197,218,202,243,285,299,219,,,
197,218,202,243,285,299,219,,,
197,218,202,243,285,299,219,,,
197,218,202,243,286,299,219,,,
197,218,202,244,286,299,219,,,
198,218,202,244,286,299,219,,,
198,218,202,246,286,299,219,,,
198,218,202,246,287,299,219,,,
198,218,202,247,287,299,220,,,
198,218,202,248,287,299,220,,,
198,218,202,249,287,299,220,,,
198,218,202,249,287,299,220,,,
198,218,202,249,287,299,220,,,
198,218,202,249,287,299,220,,,
198,218,202,249,287,299,220,,,
198,218,202,249,287,299,221,,,
198,218,202,250,287,299,221,,,
198,218,202,250,287,299,221,,,
198,218,202,250,287,300,221,,,
198,218,202,250,288,300,221,,,
198,218,202,251,288,300,221,,,
198,218,202,251,288,300,221,,,
198,218,202,251,288,300,222,,,
198,219,202,251,288,300,222,,,
198,219,202,251,288,300,222,,,
198,219,203,251,288,300,222,,,
198,219,203,251,288,300,222,,,
198,219,203,251,289,300,222,,,
198,219,203,251,289,300,222,,,
198,219,203,251,289,300,222,,,
198,219,203,252,290,300,223,,,
199,219,203,252,290,300,223,,,
199,219,203,252,290,300,223,,,
199,219,204,253,290,300,223,,,
199,219,204,254,290,300,224,,,
199,219,204,254,290,300,224,,,
199,219,204,255,291,300,224,,,
199,219,204,256,291,300,224,,,
199,219,204,256,291,300,225,,,
199,219,204,257,291,300,225,,,
199,219,204,257,291,300,225,,,
199,219,205,257,291,300,226,,,
199,219,205,257,291,301,226,,,
199,219,205,257,291,301,226,,,
199,219,205,257,291,301,226,,,
199,219,205,257,292,301,227,,,
199,219,205,257,292,301,227,,,
199,219,205,257,292,301,227,,,
199,219,205,257,292,301,227,,,
199,219,205,257,292,301,228,,,
200,219,205,257,292,301,228,,,
200,220,205,257,292,302,228,,,
200,220,205,257,293,302,228,,,
200,220,205,257,293,302,228,,,
200,220,205,257,293,302,229,,,
200,220,205,257,293,302,229,,,
200,220,205,257,293,302,229,,,
200,220,205,257,293,303,229,,,
200,220,205,257,293,303,230,,,
200,220,205,258,294,303,230,,,
200,220,205,259,294,303,230,,,
200,220,205,259,294,303,230,,,
201,220,205,261,294,303,230,,,
201,220,205,261,294,303,230,,,
201,220,205,263,294,303,231,,,
201,220,205,265,294,303,231,,,
201,220,205,267,294,303,231,,,
201,220,205,268,295,303,231,,,
201,220,205,269,295,303,231,,,
201,220,205,269,295,303,231,,,
201,220,205,270,295,303,231,,,
201,221,205,271,295,303,231,,,
201,221,205,271,296,303,232,,,
201,221,205,271,296,304,233,,,
201,221,205,271,296,304,234,,,
201,221,205,272,296,304,235,,,
201,221,205,272,297,304,235,,,
201,221,205,272,297,304,235,,,
201,221,205,273,297,304,236,,,
201,221,205,273,297,304,236,,,
201,221,205,273,297,304,236,,,
201,221,205,274,298,304,237,,,
201,221,205,275,298,304,237,,,
201,221,205,275,298,304,237,,,
202,221,205,275,298,304,237,,,
202,221,205,276,298,304,238,,,
202,222,205,276,298,304,238,,,
202,222,205,276,299,304,238,,,
202,222,205,277,299,304,238,,,
202,222,205,277,299,304,238,,,
202,222,205,277,299,304,238,,,
202,222,206,277,299,305,238,,,
202,222,206,278,300,305,238,,,
202,222,206,278,300,305,238,,,
202,222,206,278,300,305,238,,,
202,222,206,278,300,305,238,,,
203,222,206,278,300,305,238,,,
203,222,206,279,301,305,238,,,
203,222,206,279,301,305,238,,,
203,222,206,279,301,305,239,,,
203,222,206,279,301,305,239,,,
203,222,206,279,301,305,239,,,
203,223,206,280,302,305,239,,,
203,223,206,280,302,305,239,,,
203,223,206,280,302,305,239,,,
203,223,206,280,303,305,240,,,
203,223,206,281,303,305,240,,,
203,223,206,281,303,306,240,,,
203,223,206,281,303,306,240,,,
203,223,206,281,303,306,240,,,
203,223,206,282,304,306,240,,,
203,223,206,282,304,306,240,,,
204,224,206,282,304,306,240,,,
204,224,206,282,304,306,240,,,
204,224,206,283,305,307,240,,,
204,224,206,284,305,308,240,,,
204,224,206,284,305,308,241,,,
204,224,206,284,305,309,241,,,
204,224,206,284,305,309,242,,,
204,225,206,284,305,309,243,,,
204,225,206,284,305,309,243,,,
204,225,206,284,306,309,244,,,
204,225,206,284,306,310,244,,,
205,225,206,285,306,310,245,,,
205,225,206,285,306,310,245,,,
205,225,206,285,306,310,245,,,
205,225,206,285,306,310,246,,,
205,225,206,285,306,310,246,,,
205,225,206,285,306,310,246,,,
205,225,207,285,308,311,247,,,
205,225,207,285,308,311,247,,,
205,225,207,285,309,311,247,,,
205,225,207,286,310,311,248,,,
205,226,207,286,310,312,249,,,
205,226,207,286,310,312,250,,,
205,226,207,286,310,312,251,,,
205,226,207,286,311,313,252,,,
205,226,207,286,312,313,252,,,
205,226,207,286,313,313,252,,,
205,226,207,287,313,313,253,,,
205,226,207,287,315,313,253,,,
205,226,207,288,318,313,254,,,
205,226,207,288,319,313,256,,,
205,226,207,289,321,313,257,,,
205,226,207,289,322,313,258,,,
205,227,207,289,,313,259,,,
205,227,207,289,,314,260,,,
205,227,207,290,,314,261,,,
205,227,207,291,,314,264,,,
205,227,207,291,,316,265,,,
206,227,207,292,,319,266,,,
206,227,208,293,,319,267,,,
206,227,208,293,,320,268,,,
206,227,208,308,,320,270,,,
206,227,208,308,,321,271,,,
206,227,208,308,,321,272,,,
206,227,208,308,,322,275,,,
206,227,208,308,,322,,,,
206,227,208,,,322,,,,
206,227,208,,,,,,,
206,227,208,,,,,,,
206,228,208,,,,,,,
206,228,208,,,,,,,
206,228,208,,,,,,,
206,228,208,,,,,,,
206,228,208,,,,,,,
206,228,208,,,,,,,
206,228,208,,,,,,,
206,228,208,,,,,,,
206,228,208,,,,,,,
206,228,208,,,,,,,
206,228,208,,,,,,,
206,228,208,,,,,,,
206,228,208,,,,,,,
206,228,208,,,,,,,
206,228,208,,,,,,,
206,228,208,,,,,,,
207,228,208,,,,,,,
207,228,208,,,,,,,
207,228,208,,,,,,,
207,228,208,,,,,,,
207,228,208,,,,,,,
207,229,208,,,,,,,
207,229,208,,,,,,,
207,229,208,,,,,,,
207,229,208,,,,,,,
207,229,208,,,,,,,
207,229,208,,,,,,,
207,229,208,,,,,,,
207,229,208,,,,,,,
207,229,208,,,,,,,
207,229,208,,,,,,,
207,229,208,,,,,,,
207,230,208,,,,,,,
207,230,208,,,,,,,
208,230,208,,,,,,,
208,230,208,,,,,,,
208,230,208,,,,,,,
208,230,208,,,,,,,
208,230,208,,,,,,,
208,231,208,,,,,,,
208,231,208,,,,,,,
208,231,208,,,,,,,
208,231,208,,,,,,,
208,231,208,,,,,,,
208,231,209,,,,,,,
208,231,209,,,,,,,
208,231,209,,,,,,,
208,231,209,,,,,,,
208,232,209,,,,,,,
208,232,209,,,,,,,
208,232,209,,,,,,,
208,232,209,,,,,,,
208,232,209,,,,,,,
208,233,209,,,,,,,
208,233,209,,,,,,,
208,233,209,,,,,,,
209,233,209,,,,,,,
209,233,209,,,,,,,
209,233,209,,,,,,,
209,233,209,,,,,,,
209,233,209,,,,,,,
209,234,209,,,,,,,
209,234,209,,,,,,,
209,234,209,,,,,,,
209,234,209,,,,,,,
210,234,209,,,,,,,
210,234,209,,,,,,,
210,234,209,,,,,,,
210,234,210,,,,,,,
210,235,210,,,,,,,
210,235,210,,,,,,,
210,235,210,,,,,,,
210,235,210,,,,,,,
210,236,210,,,,,,,
211,236,210,,,,,,,
211,236,210,,,,,,,
211,236,210,,,,,,,
211,236,210,,,,,,,
211,237,210,,,,,,,
211,237,210,,,,,,,
211,238,210,,,,,,,
211,238,211,,,,,,,
211,238,211,,,,,,,
211,238,211,,,,,,,
211,239,211,,,,,,,
211,239,211,,,,,,,
211,240,211,,,,,,,
211,240,211,,,,,,,
212,240,212,,,,,,,
212,240,212,,,,,,,
212,240,212,,,,,,,
212,240,212,,,,,,,
212,240,212,,,,,,,
212,240,212,,,,,,,
212,241,212,,,,,,,
212,241,212,,,,,,,
212,241,212,,,,,,,
212,241,212,,,,,,,
212,241,212,,,,,,,
212,241,212,,,,,,,
212,241,212,,,,,,,
212,241,213,,,,,,,
212,242,213,,,,,,,
212,242,213,,,,,,,
212,242,213,,,,,,,
212,242,213,,,,,,,
212,243,213,,,,,,,
212,243,213,,,,,,,
212,243,213,,,,,,,
212,243,213,,,,,,,
213,244,213,,,,,,,
213,245,213,,,,,,,
213,245,214,,,,,,,
213,246,214,,,,,,,
213,247,214,,,,,,,
213,247,214,,,,,,,
213,248,214,,,,,,,
213,249,215,,,,,,,
213,249,215,,,,,,,
213,249,216,,,,,,,
213,249,216,,,,,,,
213,249,216,,,,,,,
213,250,217,,,,,,,
213,250,217,,,,,,,
213,250,217,,,,,,,
213,250,217,,,,,,,
214,250,218,,,,,,,
214,251,218,,,,,,,
214,251,218,,,,,,,
214,251,218,,,,,,,
214,252,218,,,,,,,
214,253,219,,,,,,,
214,253,219,,,,,,,
215,254,219,,,,,,,
215,255,219,,,,,,,
215,255,219,,,,,,,
215,255,219,,,,,,,
215,257,220,,,,,,,
215,260,221,,,,,,,
215,261,221,,,,,,,
215,261,222,,,,,,,
215,264,222,,,,,,,
216,265,222,,,,,,,
216,267,222,,,,,,,
216,268,222,,,,,,,
216,269,222,,,,,,,
216,270,223,,,,,,,
217,270,223,,,,,,,
217,271,224,,,,,,,
217,271,225,,,,,,,
217,272,225,,,,,,,
217,272,225,,,,,,,
217,273,226,,,,,,,
217,274,226,,,,,,,
218,274,226,,,,,,,
218,275,228,,,,,,,
218,275,228,,,,,,,
218,276,228,,,,,,,
218,276,228,,,,,,,
218,277,228,,,,,,,
218,277,229,,,,,,,
218,278,230,,,,,,,
218,278,231,,,,,,,
219,278,231,,,,,,,
219,278,231,,,,,,,
219,279,231,,,,,,,
219,279,231,,,,,,,
219,279,232,,,,,,,
219,279,232,,,,,,,
219,279,232,,,,,,,
219,279,233,,,,,,,
219,280,236,,,,,,,
219,280,237,,,,,,,
219,280,238,,,,,,,
220,280,238,,,,,,,
220,280,241,,,,,,,
220,281,242,,,,,,,
221,281,243,,,,,,,
222,281,243,,,,,,,
223,282,244,,,,,,,
223,284,245,,,,,,,
223,284,245,,,,,,,
223,284,245,,,,,,,
223,285,245,,,,,,,
223,285,246,,,,,,,
224,285,249,,,,,,,
227,285,252,,,,,,,
227,286,254,,,,,,,
228,287,254,,,,,,,
229,288,255,,,,,,,
233,289,256,,,,,,,
234,290,257,,,,,,,
235,291,257,,,,,,,
240,292,259,,,,,,,
241,,260,,,,,,,
242,,261,,,,,,,
242,,261,,,,,,,
251,,268,,,,,,,
252,,270,,,,,,,
253,,271,,,,,,,
257,,272,,,,,,,
258,,,,,,,,,
267,,,,,,,,,
271,,,,,,,,,
279,,,,,,,,,
