Wild Fall Chinook,Hatchery Fall Chinook,Wild Winter Steelhead,Wild Winter-Late Steelhead,Hatchery Winter Steelhead,Wild Coho,Wild Late Coho,Hatchery Coho,Hatchery Late Coho,Hatchery Chum,Unknown Chum
012,005,002,002,002,262,002,005,002,295,005
012,005,002,002,002,262,002,005,002,295,005
012,005,002,002,002,265,002,005,002,295,005
012,005,002,002,002,265,002,005,002,295,005
012,005,002,002,002,266,002,005,002,295,005
012,005,002,002,002,266,002,005,002,295,005
012,005,002,002,002,266,002,005,002,295,005
012,005,002,002,002,266,002,005,002,295,005
012,005,002,002,002,266,002,005,002,295,005
012,005,002,002,002,266,002,005,002,295,005
012,005,002,002,002,266,002,005,002,295,005
012,005,002,002,002,266,002,005,002,295,005
012,005,002,002,002,266,002,005,002,295,005
012,005,002,002,002,266,002,005,002,295,005
012,005,002,002,002,266,002,005,002,295,005
012,005,002,002,002,266,002,005,002,295,005
012,005,002,002,002,266,002,005,002,295,005
012,005,002,002,002,266,002,005,002,295,005
012,005,002,002,002,274,002,005,002,295,005
012,005,002,002,002,274,002,005,002,295,005
012,005,002,002,002,274,002,005,002,295,005
012,005,002,002,002,275,002,005,002,295,005
012,005,002,002,002,275,002,005,002,295,005
012,005,002,002,002,275,002,005,002,295,005
012,005,002,002,002,275,002,005,002,295,005
012,005,002,002,002,275,002,005,002,295,005
012,005,002,002,002,275,002,005,002,295,005
012,005,002,002,002,275,002,005,002,295,005
012,005,002,002,002,275,002,005,002,295,005
012,005,002,002,002,275,002,005,002,295,005
012,005,002,002,002,275,002,005,002,295,005
012,005,002,002,002,275,002,005,002,295,005
012,005,002,002,002,275,002,005,002,295,005
012,005,002,002,002,275,002,005,002,295,005
012,005,002,002,002,275,002,005,002,295,005
012,005,002,002,002,275,002,005,002,295,005
012,005,002,002,002,275,002,005,002,295,005
012,005,002,002,002,275,002,005,002,295,005
012,005,004,002,002,275,002,005,002,295,005
012,005,004,002,002,275,002,005,002,295,005
012,005,004,006,002,275,002,005,002,295,005
012,005,004,006,002,275,002,005,002,295,005
012,005,004,006,002,275,002,005,002,295,005
012,005,004,006,002,276,002,005,002,295,005
012,005,004,006,002,276,002,005,002,295,005
012,005,004,006,002,276,002,005,002,295,005
012,005,004,006,002,276,002,005,002,295,005
012,005,004,012,002,276,002,005,002,295,005
012,005,004,012,002,276,002,005,002,295,005
012,005,004,012,002,276,002,005,002,295,005
012,005,004,012,002,276,002,005,002,298,005
012,005,004,012,002,276,002,005,002,298,005
012,005,004,012,002,276,002,005,002,298,005
012,005,004,012,002,276,002,005,002,298,005
012,005,004,013,002,276,002,005,002,298,005
012,005,004,013,002,276,002,005,002,298,005
012,005,004,013,002,276,002,005,002,298,005
012,005,004,013,002,276,002,005,002,298,005
012,005,004,013,002,276,002,005,002,298,005
012,005,004,013,002,276,002,005,002,298,005
012,005,004,013,002,276,002,005,002,298,005
012,005,004,013,002,276,002,005,002,298,005
012,005,004,013,002,276,002,005,002,298,005
012,005,004,013,002,276,002,005,002,298,005
012,005,004,013,002,276,002,005,002,298,005
012,005,004,013,002,278,002,005,002,298,005
012,005,004,013,002,278,002,005,002,298,005
012,005,004,013,002,279,002,005,002,298,005
012,005,004,013,002,281,002,005,002,298,005
012,005,004,013,002,281,002,005,002,298,005
012,005,004,013,002,281,002,005,002,298,005
012,005,004,013,002,283,002,005,002,298,005
012,005,004,013,002,283,002,005,002,298,005
012,005,004,013,002,283,002,005,002,299,005
012,005,004,013,002,283,002,005,002,299,005
012,005,004,013,002,283,002,005,002,299,005
012,005,004,013,002,283,002,005,002,299,005
012,005,004,013,003,283,002,005,002,301,005
012,005,004,013,003,283,002,005,002,301,005
012,005,004,013,003,283,002,005,002,301,005
012,005,004,013,003,283,002,005,002,301,005
012,005,004,013,003,283,002,005,002,305,005
012,005,004,016,003,283,002,005,002,305,005
012,005,004,016,003,283,002,005,002,305,005
012,005,004,016,003,283,002,005,002,305,005
012,005,004,016,003,283,002,005,002,305,005
012,005,004,016,003,283,002,005,002,305,005
012,005,004,016,003,283,002,005,002,305,005
012,005,004,016,003,285,002,005,002,305,005
012,005,004,016,003,285,002,005,002,305,005
012,005,004,016,003,285,002,005,002,305,005
012,005,004,016,003,285,002,005,002,305,005
012,005,004,016,003,285,002,005,002,305,005
012,005,004,016,003,285,002,005,002,305,005
012,005,004,016,003,285,002,005,002,305,005
012,005,005,016,003,285,002,005,002,305,005
012,005,005,016,003,285,002,005,002,305,005
012,005,005,016,003,285,002,005,002,305,005
012,005,005,016,003,285,002,005,002,305,005
012,005,005,016,003,285,002,005,002,305,005
265,255,005,016,003,285,002,255,002,305,298
265,255,005,016,003,285,002,255,002,305,303
265,256,005,016,003,285,002,255,002,305,303
265,256,005,016,003,285,002,255,002,305,303
265,256,005,016,003,285,002,255,002,305,305
265,256,005,016,003,285,002,255,002,305,305
265,256,005,016,003,285,002,255,002,305,305
265,256,005,016,003,285,002,255,002,305,305
265,256,005,016,003,285,002,260,002,305,305
265,260,005,016,003,285,002,260,002,306,307
265,260,005,016,003,285,002,260,002,306,307
265,260,005,016,003,285,002,260,002,306,307
265,260,005,016,003,285,002,260,002,306,307
265,260,005,016,003,285,002,260,002,306,307
265,260,005,016,003,285,002,260,002,306,307
265,260,005,016,003,285,002,260,002,306,307
265,260,005,016,003,285,002,260,002,306,307
267,260,005,016,003,285,002,260,002,306,307
267,260,005,016,003,286,002,260,002,306,307
267,260,005,016,003,286,002,260,002,306,307
267,260,005,016,003,286,002,260,002,306,309
267,260,005,016,003,286,002,260,002,306,309
267,260,005,016,003,286,002,260,002,306,309
267,260,005,016,003,287,002,261,002,306,309
267,260,005,016,003,287,002,261,002,306,309
267,260,005,016,003,287,002,261,002,306,309
267,260,005,016,003,287,002,261,002,306,309
267,260,005,016,003,287,002,261,002,306,309
269,260,005,016,003,287,002,261,002,306,309
269,260,005,016,003,287,002,261,002,306,309
269,260,005,016,003,288,002,261,002,306,310
269,261,005,016,003,288,002,261,002,306,310
269,261,005,016,003,288,002,261,002,306,310
269,261,005,016,003,288,002,262,002,306,310
269,261,005,016,003,288,002,262,002,306,310
269,262,005,016,003,288,002,264,002,306,310
269,262,005,016,003,288,002,264,002,306,310
271,262,005,016,003,288,002,265,002,306,311
271,262,005,016,003,288,002,265,002,306,311
271,262,005,016,003,288,002,265,003,306,311
271,262,005,016,003,288,002,265,003,306,311
272,262,005,016,003,288,002,265,003,306,311
273,262,005,016,003,288,002,265,003,306,311
273,262,005,016,003,288,003,265,003,306,311
273,262,005,019,003,288,003,265,003,306,311
273,262,005,019,003,288,003,265,003,306,311
273,262,005,022,003,288,003,265,003,306,311
273,263,005,022,003,288,003,265,003,306,311
273,263,005,022,003,288,003,265,003,306,311
273,263,005,022,003,288,003,265,003,306,311
273,263,005,024,003,288,003,265,003,306,311
273,263,005,024,003,288,003,265,003,306,311
273,263,005,024,003,288,003,265,003,306,311
273,263,005,024,003,288,003,265,003,306,311
273,263,005,024,003,288,003,265,003,306,311
273,263,005,024,003,288,003,265,003,306,311
274,263,008,024,003,288,003,265,003,306,311
274,263,008,024,003,288,003,265,003,306,311
274,263,008,024,003,288,003,265,003,306,312
274,264,008,024,003,288,003,265,003,306,312
274,264,008,024,003,288,003,265,003,306,312
274,265,008,024,003,288,003,265,003,306,312
274,265,008,024,003,288,003,266,003,306,312
274,265,008,024,003,288,003,266,003,306,312
275,265,008,026,003,288,003,266,003,306,312
275,265,008,026,003,288,003,266,003,306,312
275,265,008,028,003,288,003,266,003,306,312
275,265,008,028,003,288,003,266,003,306,312
275,265,008,028,003,288,003,266,003,306,312
277,265,008,028,003,288,003,266,003,306,312
277,265,008,028,003,288,003,267,003,306,312
277,265,008,028,003,288,003,267,003,306,312
277,265,008,028,003,288,003,267,003,306,312
277,265,008,028,003,288,003,267,003,306,312
277,265,008,028,003,288,003,267,003,306,312
277,265,008,028,003,288,003,267,003,306,312
277,265,008,028,003,288,003,267,003,306,312
277,265,008,028,003,288,003,267,003,307,312
277,265,008,028,003,288,003,267,003,307,312
278,265,008,028,003,288,003,267,003,307,312
278,266,008,028,003,288,003,267,003,307,312
278,266,008,028,003,288,003,267,003,307,312
278,267,008,028,003,288,003,267,003,307,312
278,267,008,028,003,288,003,268,003,307,312
278,267,008,028,003,288,003,268,003,307,312
278,267,008,028,003,288,003,268,003,307,312
278,267,010,028,003,288,003,268,003,307,312
278,267,010,028,003,288,003,268,003,307,312
278,267,010,028,003,288,003,268,003,307,312
278,267,010,028,003,288,003,269,003,307,312
279,267,010,028,003,288,003,269,003,311,313
279,267,010,028,003,288,003,269,003,311,313
279,267,010,028,003,288,003,269,003,311,313
280,267,010,028,003,288,003,269,003,311,313
280,267,010,028,003,293,003,269,003,311,313
280,267,010,028,003,293,003,269,003,311,313
280,267,010,028,003,293,003,269,003,311,313
282,267,010,028,003,293,003,269,003,311,313
282,267,010,028,003,293,003,271,003,311,313
282,267,010,028,003,293,003,271,003,311,313
282,267,010,028,003,293,003,271,003,311,313
282,267,010,028,003,293,003,271,003,311,313
282,267,010,028,003,293,003,271,003,311,313
282,267,010,028,003,293,003,271,003,311,313
282,268,010,028,003,293,003,271,003,311,313
282,269,010,028,003,293,003,271,003,311,313
282,269,010,028,003,293,003,271,003,311,313
282,269,010,028,003,293,003,271,003,311,313
282,269,010,028,003,293,003,271,003,311,315
282,269,010,028,003,294,003,271,003,311,315
282,269,010,028,003,294,003,271,003,311,315
282,269,010,028,003,294,003,271,003,311,315
282,269,010,028,003,294,003,271,003,311,315
282,269,010,028,003,294,003,271,003,311,315
282,269,010,028,003,294,003,271,003,311,315
282,269,010,028,003,294,003,271,003,311,315
282,269,010,028,003,294,003,271,003,311,315
282,269,010,028,003,294,003,271,003,311,315
282,269,010,028,003,294,003,271,003,311,315
282,269,010,028,003,294,003,271,003,311,315
282,269,010,028,003,294,003,271,003,311,315
282,269,010,028,003,294,003,271,003,311,315
282,269,010,028,003,294,003,271,003,311,316
282,269,010,028,003,294,003,271,003,311,316
282,269,010,028,003,294,003,271,003,311,316
282,269,010,028,003,294,003,271,003,311,316
282,269,010,028,004,295,003,271,003,311,316
282,269,010,028,004,295,003,271,003,311,316
282,269,010,028,004,295,003,271,003,311,316
282,269,010,028,004,295,003,271,003,311,316
282,269,010,028,004,295,003,271,003,311,316
282,269,010,028,004,295,003,271,003,311,316
282,269,011,028,004,295,004,271,003,311,316
282,271,011,028,004,295,004,271,003,311,316
282,271,011,028,004,295,004,271,003,311,317
282,271,011,028,004,295,004,271,003,311,317
282,271,011,028,004,295,004,271,003,311,317
282,271,011,028,004,295,004,271,003,311,317
282,271,011,028,004,295,004,271,003,311,317
282,271,011,028,004,295,004,271,003,311,317
282,271,011,028,004,295,004,272,003,311,317
282,271,011,028,004,295,004,272,003,311,317
282,271,011,028,004,295,004,272,003,311,317
282,271,011,028,004,295,004,272,003,311,317
282,271,011,028,004,295,004,272,003,311,317
282,271,011,028,004,295,004,272,003,311,317
282,271,011,028,004,295,004,272,003,311,317
282,271,011,028,004,295,004,272,003,311,317
282,271,011,028,004,295,004,272,003,311,317
282,271,011,028,004,295,004,272,003,311,317
282,271,011,028,004,295,004,272,003,311,317
282,271,011,028,004,295,004,273,003,311,317
282,271,011,028,004,295,004,273,003,311,317
282,271,011,028,004,295,004,273,003,311,317
282,271,011,028,004,295,004,273,003,312,317
282,271,011,028,004,295,004,273,003,312,317
282,271,011,028,004,295,004,273,003,312,317
282,271,011,028,004,297,004,273,003,312,317
282,271,011,028,004,297,004,274,003,313,317
282,271,011,028,004,297,004,274,003,313,317
282,271,011,028,004,297,004,274,003,313,317
282,271,011,028,004,297,004,274,003,313,317
282,271,011,028,004,297,004,274,003,313,317
282,271,011,028,004,297,004,274,003,313,317
282,271,011,028,004,297,004,274,003,313,317
282,271,011,028,004,297,004,274,003,313,317
282,271,011,028,004,297,004,274,003,313,317
282,271,011,028,004,297,004,274,003,313,317
282,271,012,030,004,297,004,274,003,313,317
282,271,012,030,004,297,004,274,003,313,317
282,271,012,030,004,297,004,274,003,313,317
282,271,012,030,004,297,004,274,003,313,317
282,271,012,030,004,297,004,274,003,313,317
282,271,012,030,004,297,004,274,003,313,317
282,271,012,030,004,297,004,274,003,313,317
282,271,012,036,004,297,004,274,003,313,317
282,271,012,036,004,297,004,274,003,313,317
282,271,012,036,004,297,004,274,003,313,317
282,271,012,036,004,297,004,274,003,313,317
282,271,012,036,004,297,004,274,003,313,317
282,271,012,036,004,297,004,275,003,313,317
282,271,012,036,004,297,004,275,003,313,317
282,271,012,036,004,297,004,275,003,313,317
282,271,012,036,004,297,004,275,003,313,317
282,271,012,036,004,297,004,275,003,313,317
282,271,012,036,004,297,004,275,003,313,317
282,271,012,036,004,297,004,275,003,313,317
282,271,012,036,004,297,004,275,003,313,317
282,272,012,036,004,297,004,275,003,313,317
283,272,012,041,004,297,004,275,003,313,317
283,272,012,041,004,297,004,275,003,313,317
283,272,012,041,004,297,004,275,003,313,317
283,272,012,041,004,297,004,275,004,313,317
284,272,012,041,004,297,004,275,004,313,317
284,272,012,041,004,297,004,275,004,313,317
284,272,012,044,004,297,004,275,004,313,317
284,272,012,044,004,297,004,275,004,313,317
284,272,012,044,004,297,004,275,004,313,317
284,272,012,044,004,297,004,275,004,313,317
284,272,012,044,004,297,004,275,004,313,317
284,272,012,044,004,297,004,275,004,313,317
284,272,012,044,004,297,004,275,004,313,317
284,272,012,044,004,297,004,275,004,313,317
284,273,012,044,004,297,004,275,004,313,317
284,273,012,044,004,297,004,275,004,313,317
284,273,013,044,004,297,004,275,004,313,317
284,273,013,044,004,297,004,275,004,313,317
284,273,013,044,004,297,004,275,004,313,317
284,273,013,044,004,297,004,275,004,313,317
284,273,013,044,004,297,004,275,004,313,317
284,273,013,044,004,297,004,275,004,313,317
284,273,013,044,004,297,004,275,004,313,317
284,273,013,044,004,297,004,275,004,313,317
284,273,013,044,004,297,004,275,004,313,317
284,273,013,044,004,297,004,275,004,313,317
284,273,013,044,004,297,004,275,004,313,317
284,273,013,044,004,297,004,275,004,313,317
284,273,013,044,004,297,004,275,004,313,317
284,273,013,044,004,297,004,275,004,313,317
284,273,013,044,004,297,004,276,004,313,317
284,273,013,044,004,297,004,276,004,313,317
284,273,013,044,004,297,004,276,004,313,317
284,273,013,044,004,297,004,276,004,313,317
284,273,013,044,004,297,004,276,004,313,317
284,273,013,044,005,297,004,276,004,313,317
284,273,013,044,005,297,004,276,004,314,317
284,273,013,045,005,297,004,276,004,314,317
284,273,013,045,005,297,004,276,004,314,317
284,273,013,045,005,297,004,276,004,314,317
284,273,013,045,005,297,004,276,004,314,318
284,273,013,045,005,297,004,276,004,314,318
284,273,013,045,005,297,004,276,004,314,318
284,273,013,045,005,297,004,276,004,314,318
284,273,013,045,005,297,004,276,004,314,318
284,273,013,045,005,297,004,276,004,314,318
284,273,013,045,005,297,004,276,004,314,318
284,273,013,045,005,297,004,276,004,314,318
284,273,013,045,005,297,004,276,004,314,318
284,273,013,045,005,297,004,276,004,314,318
284,274,013,045,005,297,004,276,004,314,318
284,274,013,045,005,297,004,276,004,314,318
284,274,013,045,005,297,004,276,004,314,318
284,274,013,045,005,297,004,276,004,314,318
284,274,013,046,005,297,004,276,004,314,318
284,274,013,046,005,297,004,276,004,314,318
284,274,013,046,005,297,004,276,004,314,318
284,274,013,046,005,297,004,276,004,314,318
284,274,013,046,005,297,004,276,004,314,318
284,274,013,046,005,297,004,276,004,314,318
284,274,013,046,005,297,004,276,004,314,318
284,274,013,046,005,297,004,276,004,314,318
284,274,013,046,005,297,004,276,004,314,318
284,274,013,046,005,298,004,276,004,314,318
284,274,013,046,005,298,004,277,004,314,318
284,274,013,046,005,298,004,277,004,314,318
284,274,013,046,005,298,004,277,004,314,318
284,274,013,046,005,298,004,277,004,314,318
284,274,013,046,005,298,004,277,004,314,319
284,274,013,046,005,298,004,277,004,314,319
284,274,013,046,005,298,004,277,004,314,319
284,274,013,046,005,298,004,277,004,314,319
284,274,013,046,005,298,005,277,004,314,319
284,274,013,046,005,298,005,277,004,314,319
284,274,013,046,005,298,005,277,004,314,319
284,274,013,046,005,298,005,277,004,315,319
284,274,013,046,005,298,005,277,004,315,319
284,274,013,046,005,298,005,277,004,315,319
284,274,013,046,005,298,005,277,004,315,319
284,274,013,046,005,298,005,277,004,315,319
285,274,013,046,005,298,005,277,005,315,319
285,274,013,046,005,298,005,277,005,315,319
285,274,013,046,005,298,005,277,005,315,319
285,274,013,046,005,298,005,277,005,315,319
285,274,013,046,005,298,005,277,005,315,319
285,274,013,046,005,298,005,277,005,315,320
285,274,013,046,005,298,005,277,005,315,320
285,274,013,046,005,298,005,277,005,315,320
285,275,013,046,005,298,005,277,005,315,320
285,275,013,046,005,298,005,277,005,315,320
285,275,015,046,005,298,005,277,005,315,320
285,275,015,046,005,298,005,277,005,315,320
285,275,015,046,005,298,005,277,005,315,320
285,275,015,046,005,298,005,277,005,315,320
285,275,015,046,005,298,005,277,005,315,320
285,275,015,046,005,298,005,277,005,315,320
285,275,015,046,005,298,005,277,005,315,320
285,275,015,046,005,298,005,277,005,315,320
285,275,015,046,005,298,005,278,005,315,320
286,275,015,046,005,298,005,278,005,315,320
286,275,015,046,005,298,005,278,005,315,320
286,275,015,046,005,298,005,278,005,315,320
286,275,015,046,005,298,005,278,005,315,320
286,275,015,046,005,298,005,278,005,315,320
286,275,015,048,005,298,005,278,005,315,320
286,275,015,048,005,298,005,278,005,315,320
286,275,015,062,005,298,005,278,005,315,320
286,275,015,062,005,298,005,278,005,315,320
286,275,015,062,005,298,005,278,005,315,320
286,275,015,062,005,298,005,278,005,315,320
286,275,015,062,005,298,005,278,005,315,320
286,275,015,062,005,298,005,278,005,315,320
286,275,015,062,005,298,005,278,005,315,321
286,275,015,069,005,298,005,278,005,315,321
286,275,015,083,005,298,005,278,005,315,321
286,275,015,083,005,298,005,278,005,315,321
286,275,015,083,005,298,005,278,005,315,321
286,275,015,083,005,298,005,278,005,315,321
286,275,015,083,005,298,005,278,005,315,321
286,275,015,083,005,298,005,278,005,315,321
286,275,015,083,005,298,005,278,005,315,321
286,275,015,083,005,298,005,278,005,315,321
287,275,015,083,005,298,005,278,005,315,321
287,275,015,083,005,298,005,278,005,315,321
287,275,015,089,005,298,005,278,005,315,321
287,275,015,089,005,298,005,278,005,315,321
287,275,015,089,005,298,005,278,005,315,321
287,275,015,089,005,298,005,278,005,315,321
287,275,015,089,005,298,005,278,005,315,321
287,275,015,089,005,298,005,278,005,315,321
287,275,015,089,005,298,005,278,005,315,321
287,275,015,089,005,298,005,278,005,315,321
287,276,015,089,005,298,005,278,005,315,321
287,276,015,089,005,298,005,278,005,315,321
287,276,015,089,005,298,005,278,005,315,321
287,276,015,089,005,298,005,278,005,315,321
287,276,015,089,005,298,005,278,005,315,321
287,276,015,089,005,298,005,278,005,315,321
287,276,015,089,005,298,005,278,005,315,321
287,276,015,089,005,298,005,278,005,315,321
287,276,015,089,005,298,005,278,005,315,321
287,276,015,089,005,298,005,278,005,315,321
287,276,015,089,005,298,005,278,005,315,322
289,276,015,089,005,298,005,278,005,315,322
289,276,015,089,005,298,005,278,005,315,322
289,276,015,089,005,298,005,278,005,315,322
289,276,015,089,005,298,005,278,005,315,322
289,276,015,089,005,298,005,278,005,315,322
289,276,015,089,005,298,005,278,005,315,322
289,276,015,089,005,298,005,278,005,315,322
289,276,015,089,005,298,005,278,005,315,322
289,276,015,090,005,298,005,278,005,315,322
289,276,015,097,005,298,005,278,005,315,322
289,276,015,097,005,298,005,278,005,315,322
289,276,015,097,005,298,005,278,005,315,322
289,276,015,097,005,298,005,278,005,315,322
289,276,015,097,005,298,005,278,005,315,322
289,276,015,097,005,298,005,278,005,315,322
289,276,015,111,005,298,005,278,005,315,322
289,276,015,111,005,298,005,278,005,315,322
289,276,015,111,005,298,005,278,005,315,322
289,276,015,111,005,298,005,278,005,315,322
289,276,015,111,005,298,005,278,005,315,322
289,276,015,111,005,298,005,278,005,316,322
289,276,015,111,005,298,005,278,005,316,322
289,276,015,111,005,298,005,278,005,316,322
289,276,015,111,005,298,005,278,005,316,322
289,276,015,111,006,298,005,278,005,316,322
289,276,015,111,006,298,005,278,005,316,322
289,276,015,111,006,298,005,278,005,316,322
289,276,015,111,006,298,005,279,005,316,322
289,276,015,111,006,298,005,279,005,316,322
289,276,015,111,007,298,005,279,005,316,322
289,276,015,118,007,298,006,279,005,316,322
289,276,015,118,007,298,006,279,005,316,322
289,276,015,118,007,298,006,279,005,316,322
289,276,015,118,007,299,006,279,005,316,322
289,276,015,123,007,299,006,279,005,316,322
289,276,015,123,007,299,006,279,005,316,322
289,276,015,123,007,299,006,279,005,316,322
289,276,015,123,007,299,006,279,005,316,322
289,277,015,123,007,299,006,279,005,316,322
289,277,015,123,007,299,006,279,005,316,322
289,277,015,351,007,299,006,279,005,316,322
289,277,015,351,007,299,006,279,005,316,322
289,277,015,351,007,299,006,279,005,316,322
289,277,015,363,007,299,006,279,005,316,322
289,277,015,363,007,299,006,279,005,316,322
289,277,015,363,007,299,006,279,005,316,322
289,277,015,363,007,299,006,279,005,316,322
289,277,017,363,007,299,006,279,005,316,322
289,277,017,363,007,299,006,279,005,316,322
289,277,017,363,007,299,006,279,005,316,322
289,277,020,363,007,299,006,279,005,316,322
289,277,020,363,008,299,006,279,005,316,322
289,277,020,363,008,299,006,279,005,316,322
289,277,020,363,008,299,006,279,005,316,322
289,277,020,363,008,299,006,279,005,316,322
289,277,020,363,008,299,006,279,005,316,323
289,277,020,363,008,299,006,279,005,316,323
289,277,021,363,008,299,006,279,005,316,323
289,277,021,363,008,299,006,279,005,317,323
289,277,021,363,008,299,006,279,005,317,324
289,277,021,363,008,299,006,279,005,317,324
289,277,021,364,008,299,006,279,005,317,324
289,277,021,364,008,299,006,279,005,317,324
289,277,021,364,008,299,006,279,005,317,324
289,277,021,364,008,299,006,280,005,317,324
289,277,021,364,008,299,006,280,005,317,324
289,277,021,364,009,299,006,280,005,317,324
289,277,021,364,009,299,006,280,005,317,324
289,277,021,364,009,299,006,280,005,317,324
289,277,021,364,009,299,006,280,005,317,324
289,277,021,,009,299,006,280,005,317,324
289,277,021,,009,299,006,280,005,317,324
289,277,021,,009,299,006,280,005,317,324
289,277,021,,009,301,006,280,005,317,324
289,277,021,,009,301,006,280,005,317,324
289,277,021,,009,301,006,280,005,317,324
289,277,021,,009,301,006,280,006,317,324
289,277,021,,009,301,006,280,006,317,324
289,277,021,,009,301,006,280,006,317,324
289,277,021,,009,301,006,280,006,317,324
289,277,021,,009,301,006,280,006,317,324
289,277,021,,009,301,006,280,006,317,324
289,277,021,,009,301,006,280,006,317,324
289,277,021,,009,301,007,280,006,317,324
289,277,021,,009,301,007,280,006,317,324
289,277,021,,009,301,007,280,006,317,324
289,277,021,,009,301,007,280,006,317,324
289,277,021,,009,301,007,280,006,317,324
289,277,021,,009,301,007,280,006,317,324
289,277,021,,009,301,007,280,006,317,324
289,278,021,,009,302,007,280,006,317,324
289,278,021,,009,302,007,280,006,317,324
289,278,021,,009,302,007,280,006,317,324
290,278,021,,009,302,007,280,006,317,324
290,278,021,,009,302,007,280,006,317,324
290,278,021,,009,302,007,280,006,317,324
290,278,021,,009,302,007,280,007,317,324
290,278,021,,009,302,007,280,007,317,324
290,278,021,,009,302,007,280,007,317,324
290,278,021,,009,302,007,280,007,317,324
290,278,021,,009,302,007,280,007,317,324
290,278,021,,009,302,007,280,007,317,324
290,278,021,,009,302,007,280,007,317,324
290,278,021,,009,302,007,280,007,317,324
290,278,021,,009,302,007,280,007,317,324
290,278,021,,009,302,007,280,007,317,324
290,278,021,,009,302,007,280,007,317,324
290,278,021,,009,302,007,280,007,317,324
290,278,021,,009,302,007,280,007,317,324
290,278,021,,009,302,007,280,007,317,324
290,278,021,,009,302,007,280,007,317,324
290,278,021,,009,302,007,280,007,317,324
290,278,021,,009,302,007,280,007,317,324
290,278,021,,009,302,007,280,007,317,324
290,278,021,,009,302,007,280,007,317,324
290,278,021,,009,302,007,280,007,317,324
290,278,021,,009,302,007,280,007,317,324
290,278,021,,009,302,007,280,007,317,324
290,278,021,,009,302,007,280,007,317,324
290,278,021,,009,302,007,280,007,317,324
290,278,021,,010,302,007,280,007,317,324
290,278,021,,010,302,007,280,007,317,324
290,278,021,,010,302,007,280,007,317,324
290,278,021,,010,302,007,280,007,317,324
290,278,021,,010,302,007,280,007,317,324
290,278,021,,010,302,007,280,007,317,324
290,278,021,,010,302,007,280,007,317,324
290,278,021,,010,302,007,280,007,317,324
290,278,021,,010,302,007,280,007,317,324
290,278,021,,010,302,007,280,007,317,324
290,278,021,,010,302,007,280,007,317,326
290,278,021,,010,302,007,280,007,317,326
290,278,021,,010,302,007,280,007,317,326
290,278,021,,010,302,007,280,007,317,329
290,278,021,,010,302,007,280,007,317,329
290,278,021,,010,302,007,280,007,317,329
290,278,021,,011,302,007,280,007,317,329
290,278,021,,011,302,008,280,007,317,329
290,278,021,,011,302,008,280,007,317,329
290,278,021,,011,302,008,280,007,317,329
290,278,021,,011,302,008,280,007,317,329
290,278,021,,011,302,008,280,007,317,329
291,278,021,,011,302,008,280,007,317,329
291,278,021,,011,302,008,280,007,317,330
291,278,021,,011,302,008,280,007,317,330
291,278,021,,011,302,008,280,007,317,330
291,278,021,,011,302,008,280,007,317,330
291,278,021,,011,302,008,280,007,317,330
291,278,021,,011,302,008,280,007,317,330
291,278,021,,011,302,008,280,007,317,330
291,278,021,,011,302,008,280,007,317,330
291,278,021,,011,302,008,280,007,317,330
291,278,021,,011,302,008,280,007,317,330
291,278,021,,011,302,008,280,007,317,330
291,278,021,,011,302,008,280,007,317,330
291,278,021,,011,302,008,280,007,317,330
291,278,021,,011,302,008,280,007,317,330
291,278,021,,011,302,008,280,007,317,330
291,278,021,,011,302,008,280,007,317,331
291,278,021,,011,302,008,280,007,317,331
291,278,021,,011,302,008,280,007,317,335
291,278,021,,011,302,008,280,007,317,335
291,278,021,,011,302,008,280,007,317,335
291,278,021,,011,302,008,280,007,317,337
291,278,022,,011,302,008,280,007,317,337
291,278,022,,011,302,008,280,007,317,337
291,278,022,,011,302,008,280,007,317,
291,278,022,,011,302,008,280,007,317,
291,278,022,,011,302,008,281,007,317,
291,278,022,,011,302,008,281,007,317,
291,278,022,,011,302,008,281,007,317,
291,278,022,,011,302,008,281,007,317,
291,278,022,,011,302,008,281,007,317,
291,278,022,,011,302,008,281,007,317,
291,278,022,,011,302,008,281,007,318,
291,278,022,,011,302,008,281,007,318,
291,278,022,,011,302,008,281,007,318,
291,278,022,,011,303,008,281,007,318,
291,278,022,,011,303,008,281,007,318,
291,278,022,,011,303,009,281,007,318,
291,278,022,,011,303,009,281,007,318,
291,278,022,,011,303,009,281,007,318,
291,278,022,,011,303,009,281,007,318,
291,278,022,,012,303,009,282,007,318,
291,278,022,,012,303,009,282,007,318,
291,278,022,,012,303,009,282,007,318,
291,278,022,,012,303,009,282,007,318,
291,278,022,,012,303,009,282,007,318,
291,278,022,,012,303,009,282,007,318,
291,278,022,,012,303,009,282,007,318,
291,278,022,,012,303,009,282,007,318,
291,278,022,,012,303,009,282,007,318,
291,278,022,,012,303,009,282,007,318,
291,278,022,,012,303,009,282,007,318,
291,278,022,,012,303,009,282,007,318,
292,278,022,,012,303,009,282,007,318,
292,278,022,,012,303,009,282,007,318,
292,278,022,,012,303,009,282,007,318,
292,278,022,,012,303,009,282,008,318,
292,279,022,,012,303,009,282,008,318,
292,279,022,,013,303,009,282,008,318,
292,279,022,,013,303,009,282,008,318,
292,279,022,,013,303,009,282,008,318,
292,279,022,,013,303,009,282,008,318,
292,279,022,,013,303,009,282,008,318,
292,279,022,,013,303,009,282,008,318,
292,279,028,,013,303,009,282,008,318,
292,279,028,,013,303,009,282,008,318,
292,279,028,,013,303,009,282,008,318,
292,279,028,,013,303,009,282,008,318,
292,279,028,,013,303,009,282,008,318,
292,279,028,,013,303,009,282,008,318,
292,279,028,,013,303,009,282,008,318,
292,279,028,,013,303,009,282,008,318,
292,279,028,,013,303,009,282,008,318,
292,279,028,,013,303,009,282,008,318,
292,279,028,,013,303,009,282,008,318,
292,279,028,,013,303,009,282,008,318,
292,279,028,,013,303,009,282,008,318,
292,279,028,,013,303,009,282,008,318,
292,279,030,,013,303,009,282,008,318,
292,279,030,,013,303,009,283,008,318,
292,279,030,,013,303,009,283,008,318,
292,279,030,,013,303,009,283,008,318,
292,279,030,,013,303,009,283,008,318,
292,279,030,,013,303,009,283,008,318,
292,279,030,,013,303,010,283,008,318,
292,279,030,,013,303,010,283,008,318,
292,279,030,,013,303,010,283,008,318,
292,279,030,,013,303,010,283,008,318,
292,279,030,,013,303,010,283,009,318,
292,279,030,,013,303,010,283,009,318,
292,279,030,,013,303,010,284,009,318,
292,279,030,,013,303,010,284,009,318,
292,279,030,,013,303,010,284,009,318,
292,279,033,,013,303,010,284,009,318,
292,279,033,,013,303,010,284,009,318,
292,279,033,,013,303,010,284,009,318,
292,279,033,,013,303,010,284,009,318,
292,279,035,,013,303,010,284,009,318,
292,279,040,,013,303,010,284,009,318,
292,279,040,,013,303,010,284,009,318,
292,279,040,,013,303,010,284,009,318,
292,279,040,,013,303,010,284,009,318,
292,279,040,,013,303,010,284,009,318,
292,279,040,,013,303,010,284,009,318,
292,279,040,,013,303,010,284,009,318,
292,279,044,,013,303,010,284,009,318,
292,279,044,,013,303,010,284,009,318,
293,279,044,,013,303,010,284,009,318,
293,279,044,,013,303,010,284,009,318,
293,279,044,,013,303,010,284,009,318,
293,279,044,,013,303,010,284,009,318,
293,279,044,,013,303,010,284,009,318,
293,279,044,,013,303,010,284,009,318,
293,279,044,,013,303,010,284,009,318,
293,279,044,,013,303,010,284,009,318,
293,279,044,,013,303,010,284,009,318,
293,279,044,,013,303,010,284,009,318,
293,279,044,,013,303,010,284,009,318,
293,279,044,,013,303,010,285,009,318,
293,279,044,,013,303,010,285,010,318,
293,279,044,,013,303,010,285,010,318,
293,279,044,,013,303,010,285,010,318,
293,279,044,,013,303,010,285,010,318,
293,279,044,,013,303,010,285,010,318,
293,279,044,,013,303,010,285,010,318,
293,279,044,,013,303,010,285,010,318,
293,279,044,,013,303,010,285,010,318,
293,279,044,,013,303,010,285,010,318,
293,279,044,,013,303,010,285,010,318,
293,279,045,,013,303,010,285,010,318,
293,279,045,,013,303,010,285,010,318,
294,279,045,,013,303,010,285,010,318,
294,279,045,,013,303,010,285,010,318,
294,279,045,,013,303,010,285,010,318,
294,279,045,,013,303,010,285,010,318,
294,279,045,,013,303,010,285,010,318,
294,279,045,,013,303,010,285,010,318,
294,279,047,,013,303,010,285,010,318,
294,279,047,,013,303,010,285,010,318,
294,279,047,,013,303,010,285,010,318,
294,279,047,,013,303,010,285,010,318,
294,279,047,,013,303,010,285,010,318,
294,279,047,,013,303,010,285,010,318,
294,279,047,,013,303,010,285,010,318,
294,279,047,,013,303,010,285,010,318,
294,279,047,,013,303,010,285,010,318,
294,279,047,,013,303,010,285,010,318,
294,279,047,,013,303,010,285,010,318,
294,279,047,,013,303,010,285,010,318,
294,279,047,,013,303,010,285,010,318,
294,279,047,,013,303,010,285,010,318,
294,279,047,,013,303,010,285,010,318,
294,279,047,,013,303,010,285,010,318,
294,279,047,,013,303,010,285,010,318,
294,279,047,,013,303,010,285,010,318,
294,279,047,,014,304,010,285,010,318,
294,279,047,,014,304,010,285,010,318,
294,279,047,,014,304,010,285,010,318,
294,279,047,,014,304,010,285,010,318,
294,279,047,,014,304,010,285,010,318,
294,279,047,,014,304,011,285,010,318,
294,279,047,,014,304,011,285,010,318,
294,279,047,,014,304,011,285,010,318,
294,279,047,,014,304,011,285,010,318,
294,279,047,,014,304,011,285,011,318,
294,279,047,,014,304,011,285,011,318,
294,279,047,,014,304,011,285,011,318,
294,279,047,,014,304,011,285,011,318,
294,279,047,,014,304,011,285,011,318,
294,279,047,,014,304,011,285,011,318,
294,279,047,,014,304,011,285,011,318,
294,279,047,,014,304,011,285,012,318,
294,279,047,,014,304,011,285,012,318,
294,279,047,,014,304,011,285,012,318,
294,279,047,,014,304,011,285,012,318,
294,279,047,,014,304,011,285,012,319,
294,279,047,,014,304,011,285,012,319,
294,279,047,,014,304,011,285,012,319,
294,279,047,,014,304,011,285,012,319,
294,279,047,,014,304,011,285,012,319,
294,279,047,,014,304,011,285,012,319,
294,279,047,,014,304,011,285,012,319,
294,279,047,,014,304,011,285,012,319,
294,279,047,,014,304,011,285,013,319,
294,279,047,,014,304,012,285,013,319,
294,280,047,,015,304,012,285,013,319,
294,280,047,,015,304,012,285,013,319,
294,280,047,,015,304,012,285,013,319,
294,280,047,,015,304,012,285,013,319,
294,280,047,,015,306,012,285,013,319,
294,280,047,,015,306,012,285,013,319,
294,280,050,,015,306,012,285,013,319,
295,280,050,,015,306,012,285,013,319,
295,280,050,,015,306,012,285,013,319,
295,280,050,,015,306,012,285,013,319,
295,280,050,,015,306,012,285,013,319,
295,280,050,,015,306,012,285,013,319,
295,280,050,,015,306,012,285,013,319,
295,280,050,,015,306,012,285,013,319,
295,280,050,,015,306,012,285,013,319,
295,280,050,,015,306,012,285,013,319,
295,280,050,,015,306,012,285,013,319,
295,280,050,,015,306,012,285,013,319,
295,280,050,,015,306,012,285,013,319,
295,280,050,,015,306,012,285,013,319,
295,280,052,,015,306,012,285,013,319,
295,280,052,,015,306,012,285,013,319,
295,280,052,,015,306,012,285,013,319,
295,280,052,,015,306,012,285,013,319,
295,280,052,,015,306,012,285,013,319,
295,280,052,,015,306,012,285,013,319,
295,280,052,,015,306,012,285,013,319,
295,280,052,,015,306,012,285,013,319,
295,280,052,,015,306,012,285,013,319,
295,280,052,,015,306,012,285,013,319,
295,280,052,,015,306,012,285,013,319,
295,280,052,,015,306,012,285,013,319,
295,280,052,,015,306,012,286,013,319,
295,280,052,,015,306,012,286,013,319,
295,280,052,,015,306,012,286,013,319,
295,280,052,,015,306,012,286,013,319,
295,280,052,,015,306,012,286,013,319,
295,280,053,,015,306,012,286,013,319,
295,280,053,,015,306,012,286,013,319,
295,280,053,,015,306,012,286,013,319,
295,280,053,,015,306,012,286,013,319,
295,280,053,,015,306,012,286,013,319,
295,280,053,,015,306,012,286,013,319,
295,280,053,,016,306,012,286,013,319,
295,280,054,,016,306,012,286,013,319,
295,280,058,,016,306,012,286,013,319,
295,280,058,,016,306,012,286,013,319,
295,280,059,,016,306,012,286,013,319,
296,280,059,,016,306,012,286,013,319,
296,280,060,,016,306,012,286,013,319,
296,280,060,,016,306,012,286,013,319,
296,280,060,,016,306,012,286,014,319,
296,280,060,,016,306,012,286,014,319,
296,280,060,,016,306,012,286,014,319,
296,280,060,,016,306,012,286,014,319,
296,280,060,,016,306,012,286,014,319,
296,280,062,,016,306,012,286,014,319,
296,280,062,,016,306,012,286,014,319,
296,280,062,,016,306,012,286,014,319,
296,280,062,,016,306,012,286,014,319,
296,280,062,,016,306,012,286,015,319,
296,280,062,,016,306,012,286,015,319,
296,280,062,,016,306,012,286,015,319,
296,280,062,,016,306,012,286,015,319,
296,280,062,,016,306,012,286,015,319,
296,280,062,,016,306,012,286,015,319,
296,280,062,,016,306,012,286,015,319,
296,280,062,,016,306,012,286,015,319,
296,280,062,,016,306,012,286,015,319,
296,280,062,,016,306,012,286,015,319,
296,280,062,,016,306,012,286,015,319,
296,280,062,,016,306,012,286,015,319,
296,281,062,,016,306,012,286,015,319,
296,281,064,,016,306,012,286,015,319,
296,281,064,,016,306,012,286,015,319,
296,281,064,,016,306,012,286,015,319,
296,281,064,,016,306,012,286,015,319,
296,281,064,,016,306,012,286,015,319,
296,281,064,,016,306,012,286,015,319,
296,281,064,,016,306,012,286,015,319,
296,281,064,,016,306,012,286,015,319,
296,281,068,,016,306,012,286,015,319,
296,281,068,,016,306,012,286,016,319,
296,281,068,,016,306,012,286,016,319,
296,281,068,,016,306,012,286,016,319,
296,281,068,,016,306,012,286,016,319,
296,281,068,,016,306,012,286,016,319,
297,281,068,,016,306,012,286,016,319,
297,281,068,,016,307,012,286,016,319,
297,281,068,,016,307,012,286,016,319,
297,281,068,,016,307,012,286,016,319,
297,281,068,,016,307,012,286,016,319,
297,281,068,,016,307,012,286,016,319,
297,281,068,,016,307,012,286,016,319,
297,281,068,,016,307,012,286,016,319,
297,281,068,,016,307,012,286,017,319,
297,281,068,,016,307,012,287,017,320,
297,281,069,,016,307,012,287,017,320,
297,281,069,,016,307,012,287,017,320,
297,281,069,,016,307,012,287,017,320,
297,281,069,,016,307,012,287,017,320,
297,281,069,,016,307,012,287,017,320,
297,281,073,,016,307,012,287,017,320,
297,281,073,,016,308,012,287,017,320,
297,281,073,,016,308,012,287,017,320,
297,281,073,,016,308,012,287,017,320,
297,281,073,,016,308,012,287,018,320,
297,281,073,,016,308,012,287,018,320,
298,281,073,,016,308,012,287,018,320,
298,281,073,,016,308,012,287,018,320,
298,281,073,,016,308,012,287,018,320,
298,281,073,,016,308,012,287,018,320,
298,281,075,,016,308,012,287,018,320,
298,281,075,,016,308,012,287,018,320,
298,281,075,,016,308,012,287,018,320,
298,281,075,,016,308,012,287,018,320,
298,281,075,,016,308,012,287,018,320,
298,281,075,,016,308,012,287,018,320,
298,281,075,,017,308,012,287,018,320,
298,281,075,,017,308,012,287,018,320,
298,281,075,,017,308,013,287,018,320,
298,281,076,,017,308,013,287,018,320,
298,281,079,,017,308,013,287,018,320,
298,281,079,,017,308,013,287,018,320,
298,281,079,,017,308,013,287,018,320,
298,281,079,,017,308,013,287,018,320,
298,281,079,,017,308,013,287,018,320,
298,281,079,,017,308,013,287,018,320,
298,281,079,,017,308,013,287,018,320,
298,281,079,,017,308,013,287,018,320,
298,281,079,,017,308,013,287,018,320,
298,281,079,,017,308,013,287,018,320,
298,281,079,,017,308,013,287,018,320,
298,281,079,,017,308,013,287,018,320,
298,281,079,,017,308,013,287,018,320,
298,281,079,,017,308,013,287,019,320,
298,281,079,,017,308,013,287,019,320,
298,281,079,,017,308,013,287,019,320,
298,281,079,,017,308,013,287,019,320,
298,281,079,,017,308,013,287,019,320,
298,281,079,,017,308,013,287,019,320,
298,281,079,,017,308,013,287,019,320,
298,281,080,,017,308,013,287,019,320,
298,281,080,,017,308,013,287,019,320,
298,281,080,,017,308,013,287,019,320,
298,281,080,,017,308,013,287,019,320,
298,281,080,,017,308,013,287,019,320,
298,281,080,,017,308,013,287,019,320,
298,281,080,,017,308,013,287,019,320,
298,281,080,,017,308,013,287,019,320,
298,281,080,,017,308,013,287,019,320,
298,281,080,,017,308,013,287,019,320,
298,281,080,,017,308,013,287,019,320,
298,281,082,,017,308,013,287,019,320,
298,281,082,,017,308,013,287,019,320,
298,281,082,,017,308,013,287,019,320,
298,281,082,,017,308,013,287,019,320,
298,281,082,,017,308,013,287,019,320,
298,281,082,,017,308,013,287,019,320,
298,281,082,,017,308,013,287,019,320,
298,281,082,,017,308,013,287,019,320,
299,281,082,,017,308,013,287,019,320,
299,281,082,,017,308,013,287,019,320,
299,281,082,,017,308,013,287,019,320,
299,281,082,,017,308,013,287,019,320,
299,281,082,,017,308,013,287,019,320,
299,281,082,,017,308,013,287,019,320,
299,281,082,,017,308,013,287,019,320,
299,281,082,,017,308,013,287,019,320,
299,281,082,,018,308,013,287,020,320,
299,281,082,,018,308,013,287,020,320,
299,281,082,,018,308,013,287,020,320,
299,281,082,,018,308,013,287,020,320,
299,281,082,,018,308,013,287,021,320,
299,281,082,,018,308,013,287,021,320,
299,281,082,,018,308,013,287,021,320,
299,281,082,,018,308,013,287,021,320,
299,281,082,,018,308,013,287,021,320,
299,281,082,,018,308,013,287,021,320,
299,281,082,,018,308,013,287,021,320,
299,281,082,,018,308,013,287,021,320,
299,281,082,,018,308,013,287,021,320,
299,281,082,,018,308,013,287,021,321,
299,281,082,,018,308,013,288,021,321,
299,281,082,,018,308,013,288,021,321,
299,281,082,,018,308,013,288,021,321,
299,281,082,,018,308,013,288,021,321,
299,281,082,,018,308,013,289,021,321,
299,281,082,,018,308,013,289,021,321,
299,281,082,,018,308,013,289,021,321,
299,281,082,,018,308,013,289,021,321,
299,281,082,,018,308,013,289,021,322,
299,281,083,,018,308,013,289,021,322,
299,281,083,,018,308,013,289,021,322,
299,281,083,,018,308,013,289,021,322,
301,281,083,,018,308,013,289,021,322,
301,281,083,,018,308,013,289,021,322,
301,281,083,,018,308,013,290,021,322,
301,281,083,,019,308,013,290,021,322,
301,281,083,,019,308,013,290,021,322,
301,282,083,,019,308,013,290,021,322,
301,282,083,,019,308,013,290,021,322,
301,282,083,,019,308,013,290,021,322,
301,282,084,,019,308,013,290,021,322,
301,282,084,,019,308,013,290,021,322,
301,282,084,,019,308,013,290,021,322,
301,282,084,,019,308,013,290,021,322,
301,282,084,,019,308,013,290,021,322,
301,282,084,,019,309,013,290,021,322,
301,282,084,,019,309,013,290,021,322,
301,282,085,,019,309,013,290,021,322,
301,282,085,,019,309,013,290,021,322,
301,282,085,,019,309,013,291,021,322,
301,282,085,,019,309,013,291,021,322,
301,282,085,,019,309,013,291,022,322,
301,282,085,,019,309,013,291,022,322,
301,282,085,,019,309,013,291,022,322,
301,282,085,,019,309,013,291,022,322,
301,282,085,,019,309,013,291,022,322,
301,282,085,,019,309,013,291,022,322,
302,282,085,,019,309,013,291,022,322,
302,282,086,,019,309,013,291,022,322,
302,282,086,,019,309,013,291,022,322,
302,282,086,,019,309,013,291,022,322,
302,282,086,,019,309,013,291,022,322,
302,282,086,,019,309,013,291,022,322,
302,282,086,,019,309,013,291,022,322,
302,282,086,,019,309,013,291,022,322,
302,282,086,,019,309,013,291,022,322,
302,282,087,,019,309,013,291,022,322,
302,282,087,,019,309,013,291,022,322,
302,282,087,,019,309,013,291,022,322,
302,282,087,,019,309,013,291,023,322,
302,282,087,,019,309,013,291,023,322,
302,282,087,,019,309,013,291,023,322,
302,282,087,,019,309,013,291,023,322,
302,282,087,,019,309,013,291,023,322,
302,282,087,,020,309,013,291,023,322,
302,282,087,,020,309,013,291,023,322,
302,282,087,,020,309,013,291,023,322,
302,282,087,,020,309,013,291,023,322,
303,282,087,,020,309,013,291,023,322,
303,282,087,,020,309,013,291,023,322,
303,282,087,,020,309,013,291,023,322,
303,282,087,,020,309,013,291,024,322,
303,282,087,,020,309,013,291,024,322,
303,282,087,,020,309,013,291,024,322,
303,282,087,,020,309,013,291,024,322,
303,282,087,,020,309,013,291,024,322,
303,282,087,,020,309,013,291,024,322,
303,282,087,,020,309,013,291,024,322,
303,282,087,,020,309,013,291,024,322,
303,282,087,,020,309,013,291,024,322,
303,282,087,,020,309,013,291,024,322,
303,282,087,,020,309,013,291,024,324,
303,282,087,,020,309,013,291,024,324,
303,282,087,,020,309,013,291,024,324,
304,282,087,,020,309,013,291,024,324,
304,282,087,,020,309,013,291,024,324,
304,282,087,,020,309,013,291,024,324,
304,282,087,,020,309,013,291,024,324,
304,282,087,,020,309,013,291,024,324,
304,282,087,,020,309,013,291,024,324,
304,282,087,,020,309,013,291,024,324,
304,282,087,,020,309,013,291,024,324,
304,282,087,,020,309,013,292,024,325,
305,282,087,,020,309,013,292,024,325,
305,282,087,,020,309,013,292,024,325,
305,282,087,,020,309,013,292,024,325,
305,282,088,,020,309,013,292,024,325,
308,282,088,,020,309,013,292,024,325,
309,282,088,,020,309,013,292,025,325,
309,282,088,,020,309,013,292,025,325,
309,282,088,,020,309,013,292,026,325,
309,282,088,,020,309,013,292,026,325,
309,282,088,,020,309,013,292,026,325,
309,282,089,,020,309,013,292,026,325,
309,282,089,,020,309,014,292,028,325,
309,282,091,,020,309,014,292,028,326,
309,282,092,,020,309,014,292,029,326,
309,282,095,,020,309,014,292,029,326,
309,282,095,,020,309,014,292,029,326,
309,282,095,,021,309,014,292,029,327,
309,282,095,,021,309,014,292,030,327,
309,282,097,,021,309,014,292,030,327,
309,282,099,,021,309,014,292,030,327,
309,282,099,,021,309,014,292,030,327,
309,282,100,,021,309,015,292,030,327,
309,282,100,,021,309,015,292,030,327,
309,282,100,,021,309,015,292,030,327,
309,282,103,,021,309,015,292,030,327,
310,282,103,,021,309,015,292,030,327,
310,282,113,,021,309,015,292,030,327,
310,282,114,,021,309,015,292,031,329,
310,282,114,,021,309,015,292,031,329,
310,282,117,,021,309,015,292,031,329,
310,282,117,,021,309,015,292,031,329,
310,282,117,,021,309,015,292,031,329,
310,282,117,,021,309,015,292,031,329,
310,282,117,,021,309,015,292,031,332,
310,282,117,,021,309,015,292,031,332,
310,282,117,,021,309,015,292,031,332,
310,282,117,,021,309,015,292,031,332,
310,282,117,,021,309,015,292,031,332,
310,282,117,,021,309,016,292,033,332,
310,282,117,,021,309,016,292,033,332,
310,282,117,,022,309,016,292,033,334,
313,282,118,,022,309,016,292,033,334,
314,282,118,,022,309,016,292,033,334,
316,282,118,,022,309,016,292,033,334,
316,282,118,,022,309,016,292,034,334,
316,282,118,,022,309,016,292,035,334,
316,282,118,,022,309,016,292,035,334,
316,282,118,,022,309,016,292,036,334,
316,282,118,,022,309,016,292,036,334,
316,282,118,,022,309,016,292,036,335,
316,282,118,,022,309,016,292,036,335,
316,282,118,,022,309,016,292,036,335,
316,282,120,,022,309,016,292,036,335,
316,282,120,,022,309,016,292,036,335,
316,282,124,,022,309,016,292,036,335,
316,282,124,,022,309,016,292,036,335,
316,282,124,,022,309,016,292,036,335,
316,282,124,,022,309,016,292,036,335,
316,282,126,,022,309,016,292,036,335,
316,282,127,,022,309,016,292,036,335,
316,282,131,,022,309,016,292,036,335,
316,282,132,,022,309,016,292,036,335,
316,282,133,,022,309,016,292,036,335,
316,282,139,,023,309,016,292,036,335,
316,282,142,,023,309,016,292,036,335,
316,282,145,,023,309,016,292,036,335,
316,282,306,,023,309,016,292,036,335,
316,282,306,,023,309,016,292,036,335,
316,282,306,,023,309,016,292,036,335,
317,282,306,,023,309,016,292,036,336,
317,282,306,,023,309,016,292,040,336,
317,282,306,,023,309,016,292,040,336,
317,282,306,,023,309,016,292,040,336,
317,282,306,,023,309,016,292,040,336,
317,282,306,,023,309,016,292,040,345,
317,282,306,,023,310,016,292,041,356,
317,283,306,,024,310,017,292,047,,
318,283,306,,024,310,017,292,311,,
318,283,306,,024,310,017,292,311,,
318,283,306,,024,310,017,292,311,,
318,283,306,,024,310,017,292,311,,
318,283,306,,024,310,017,292,311,,
318,283,306,,024,310,017,292,311,,
319,283,306,,024,310,017,292,311,,
319,283,306,,024,310,017,292,311,,
320,283,306,,024,310,017,292,311,,
321,283,306,,024,310,017,292,311,,
321,283,306,,024,310,017,292,311,,
321,283,306,,024,310,017,292,311,,
321,283,306,,024,310,017,292,311,,
321,283,306,,024,310,017,292,311,,
321,283,310,,024,310,017,292,311,,
321,283,310,,024,310,017,292,311,,
321,283,310,,024,310,019,292,311,,
321,283,310,,024,310,019,292,311,,
321,283,310,,024,310,019,292,311,,
322,283,310,,024,310,019,292,311,,
322,283,310,,024,310,019,292,311,,
322,283,311,,024,310,019,292,311,,
322,283,311,,024,310,019,292,311,,
322,283,311,,024,310,019,292,311,,
322,283,311,,024,310,019,292,311,,
322,283,311,,024,310,019,292,311,,
322,283,311,,024,310,019,292,311,,
322,283,311,,024,310,019,292,311,,
322,283,311,,025,310,019,292,311,,
322,283,311,,025,310,019,292,311,,
322,283,311,,025,310,019,292,311,,
322,283,311,,025,310,019,292,311,,
322,283,311,,025,310,019,292,311,,
322,283,311,,026,310,019,292,311,,
322,283,311,,026,310,019,292,311,,
322,283,311,,026,310,019,292,311,,
322,283,318,,026,310,020,292,311,,
322,283,318,,026,310,020,292,311,,
322,284,318,,026,310,020,292,314,,
322,284,318,,026,310,020,292,314,,
322,284,318,,026,310,020,293,314,,
322,284,318,,026,310,020,293,314,,
322,284,318,,028,310,020,293,314,,
322,284,318,,028,310,021,293,314,,
322,284,318,,028,310,021,293,314,,
322,284,318,,028,310,021,293,314,,
322,284,318,,028,310,021,293,314,,
322,284,318,,028,310,021,293,314,,
322,284,319,,028,310,021,293,314,,
322,284,319,,028,310,021,293,314,,
322,284,319,,028,310,021,293,314,,
322,284,319,,028,310,021,293,314,,
322,284,319,,028,310,021,293,314,,
322,284,319,,028,310,021,293,315,,
324,284,319,,028,310,021,293,315,,
324,284,319,,028,310,021,294,315,,
324,284,319,,028,311,021,294,315,,
324,284,319,,028,311,021,294,315,,
324,284,320,,028,311,021,294,315,,
324,284,320,,028,311,021,294,315,,
326,284,320,,028,311,021,294,315,,
326,284,320,,028,311,021,294,315,,
327,284,320,,028,311,021,294,315,,
327,284,320,,028,311,021,294,315,,
329,284,320,,028,311,021,294,315,,
329,284,320,,028,311,021,294,315,,
329,284,320,,028,311,021,294,315,,
329,284,320,,028,311,021,294,315,,
329,284,320,,028,311,021,294,315,,
329,284,320,,028,311,021,294,315,,
330,284,320,,028,311,021,294,315,,
330,284,320,,028,311,021,294,315,,
330,284,320,,028,311,021,294,317,,
330,284,320,,028,311,021,294,317,,
330,284,320,,028,311,021,294,317,,
330,284,334,,028,311,021,294,317,,
330,284,336,,028,311,021,294,317,,
330,284,336,,028,311,021,294,317,,
330,284,336,,028,311,021,294,321,,
331,284,336,,028,311,021,294,321,,
332,284,336,,028,311,021,294,321,,
332,284,336,,028,311,021,294,324,,
340,284,336,,028,311,021,294,324,,
345,284,336,,028,311,021,294,324,,
345,284,336,,028,311,021,294,324,,
350,284,336,,028,311,021,294,324,,
350,284,336,,028,311,021,294,324,,
350,284,336,,028,311,021,294,324,,
350,284,336,,028,311,021,294,324,,
350,284,336,,028,311,021,294,324,,
351,284,337,,028,311,021,294,324,,
351,284,337,,028,311,021,294,324,,
351,284,337,,029,311,021,294,324,,
356,284,337,,029,313,021,294,324,,
356,284,337,,029,313,021,294,324,,
356,284,337,,029,313,021,294,324,,
356,284,337,,029,313,021,294,324,,
356,284,337,,029,313,021,294,324,,
,284,337,,029,313,021,294,324,,
,284,337,,029,313,021,294,324,,
,284,337,,029,313,021,294,324,,
,284,337,,029,313,021,294,324,,
,284,337,,029,313,021,294,324,,
,284,337,,029,313,022,294,324,,
,284,339,,029,313,022,294,324,,
,284,339,,029,313,022,294,324,,
,284,339,,029,313,022,294,324,,
,284,339,,030,313,022,294,324,,
,284,339,,030,313,022,294,324,,
,284,345,,030,313,022,294,324,,
,284,345,,030,313,022,294,324,,
,284,345,,030,313,022,294,324,,
,284,345,,030,313,022,294,324,,
,284,345,,030,313,022,295,324,,
,284,345,,030,313,022,295,324,,
,284,345,,030,313,022,295,324,,
,284,348,,030,313,022,295,324,,
,284,348,,030,313,022,295,324,,
,284,348,,030,313,022,295,324,,
,284,348,,030,313,022,295,324,,
,284,350,,030,313,022,295,324,,
,284,350,,030,313,022,295,324,,
,284,350,,030,313,023,295,324,,
,284,350,,030,313,023,295,324,,
,284,350,,030,313,023,295,324,,
,284,350,,030,313,023,295,324,,
,284,350,,030,313,023,295,324,,
,284,350,,030,313,023,295,324,,
,284,350,,030,313,023,295,324,,
,284,350,,030,313,023,295,326,,
,284,350,,030,313,023,295,326,,
,284,350,,030,313,023,295,326,,
,284,350,,031,313,023,295,326,,
,284,350,,031,313,023,295,326,,
,284,350,,031,313,023,295,326,,
,284,350,,031,313,023,295,326,,
,284,350,,032,313,023,295,326,,
,284,350,,032,313,024,295,326,,
,284,350,,032,313,024,295,326,,
,284,350,,033,314,024,295,326,,
,284,350,,033,314,024,295,326,,
,284,350,,033,314,024,295,326,,
,284,350,,033,314,024,295,326,,
,284,350,,034,314,024,295,326,,
,284,350,,034,314,024,295,326,,
,284,350,,034,314,024,295,326,,
,285,350,,034,314,024,295,326,,
,285,350,,034,314,024,295,326,,
,285,350,,034,314,024,295,326,,
,285,352,,034,314,024,295,326,,
,285,352,,034,314,024,295,326,,
,285,352,,034,314,024,295,326,,
,285,352,,034,314,024,295,326,,
,285,352,,035,314,024,295,326,,
,285,352,,035,314,024,295,326,,
,285,352,,035,314,024,295,326,,
,285,352,,035,314,024,295,326,,
,285,352,,035,314,024,295,326,,
,285,352,,035,314,024,295,326,,
,285,352,,035,314,024,295,326,,
,285,352,,036,314,024,295,326,,
,285,352,,036,314,024,295,326,,
,285,352,,036,314,024,295,326,,
,285,352,,036,314,024,295,326,,
,285,352,,036,314,024,295,326,,
,285,352,,036,314,024,296,327,,
,285,352,,036,314,024,296,328,,
,285,352,,036,314,024,296,328,,
,285,352,,036,314,024,296,328,,
,285,352,,036,314,024,296,328,,
,285,352,,036,314,024,296,328,,
,285,352,,036,314,024,296,328,,
,285,352,,036,314,024,296,328,,
,285,352,,036,314,024,296,328,,
,285,353,,036,314,024,296,328,,
,285,353,,036,314,024,296,328,,
,285,353,,036,314,024,296,328,,
,285,356,,037,314,024,296,328,,
,285,357,,037,314,024,296,328,,
,285,357,,037,314,024,296,328,,
,285,357,,037,314,024,296,328,,
,285,357,,037,314,024,296,328,,
,285,357,,037,314,024,296,328,,
,285,357,,038,314,024,296,328,,
,285,357,,039,314,024,296,328,,
,285,357,,039,314,024,296,328,,
,285,357,,040,314,024,296,328,,
,285,357,,041,314,024,296,328,,
,285,357,,041,314,024,296,328,,
,285,357,,042,314,024,296,328,,
,285,357,,042,315,024,296,328,,
,285,357,,042,315,026,296,328,,
,285,360,,042,315,026,296,328,,
,285,360,,042,315,026,296,328,,
,285,360,,043,315,026,296,328,,
,285,361,,043,315,026,296,328,,
,285,361,,044,315,026,296,328,,
,285,361,,044,315,027,296,328,,
,285,361,,044,315,027,296,328,,
,285,361,,044,315,028,296,328,,
,285,361,,044,315,028,296,328,,
,285,361,,044,315,028,296,328,,
,285,361,,044,316,028,296,328,,
,285,361,,044,316,028,296,328,,
,285,361,,045,316,028,296,328,,
,285,361,,045,316,028,296,328,,
,285,361,,045,317,028,296,328,,
,285,361,,045,317,028,296,328,,
,285,361,,046,317,028,296,328,,
,285,361,,046,317,028,296,328,,
,285,361,,046,317,028,296,328,,
,285,361,,046,317,028,296,328,,
,285,361,,046,317,028,296,328,,
,285,361,,046,317,028,296,328,,
,285,361,,046,317,028,296,328,,
,285,361,,047,317,028,296,328,,
,285,361,,047,317,028,296,328,,
,285,361,,047,317,028,296,328,,
,285,361,,047,317,028,296,328,,
,285,361,,047,317,028,296,328,,
,285,361,,047,317,028,296,328,,
,285,361,,047,317,028,296,328,,
,285,361,,048,317,028,296,328,,
,285,362,,051,317,028,296,328,,
,285,362,,052,317,028,296,328,,
,285,362,,052,317,028,296,328,,
,285,362,,058,317,028,296,328,,
,285,362,,059,317,028,296,328,,
,285,362,,062,317,028,296,328,,
,285,362,,068,317,028,296,328,,
,285,362,,069,317,028,296,328,,
,285,362,,087,317,028,296,328,,
,285,362,,294,317,028,296,328,,
,285,362,,300,317,028,296,328,,
,285,362,,301,317,028,296,328,,
,285,362,,305,317,028,296,328,,
,285,362,,307,317,028,296,328,,
,285,362,,309,317,028,296,328,,
,285,362,,311,317,028,296,328,,
,285,362,,311,317,028,296,328,,
,285,362,,311,317,028,296,328,,
,285,362,,314,317,028,296,328,,
,285,362,,314,317,028,296,328,,
,285,362,,315,317,028,296,328,,
,285,362,,315,317,028,296,328,,
,285,362,,315,317,029,296,328,,
,285,362,,315,317,030,296,328,,
,286,362,,318,317,030,296,328,,
,286,362,,318,317,030,296,328,,
,286,362,,319,317,030,296,328,,
,286,362,,319,317,030,296,328,,
,286,362,,319,317,030,296,328,,
,286,362,,320,317,030,296,328,,
,286,362,,320,317,030,296,328,,
,286,362,,320,317,030,296,328,,
,286,362,,321,317,030,296,328,,
,286,362,,322,317,030,296,328,,
,286,362,,322,317,030,296,328,,
,286,362,,322,317,030,296,328,,
,286,362,,322,317,030,296,328,,
,286,362,,322,317,030,296,328,,
,286,362,,322,317,030,296,328,,
,286,362,,323,317,030,296,328,,
,286,362,,323,317,030,296,328,,
,286,362,,323,317,030,296,328,,
,286,362,,323,317,030,296,328,,
,286,362,,323,317,032,296,329,,
,286,362,,323,317,033,296,329,,
,286,362,,323,317,033,296,329,,
,286,362,,323,317,033,296,329,,
,286,362,,323,317,033,296,329,,
,286,362,,323,317,035,296,331,,
,286,362,,323,317,036,296,331,,
,286,362,,323,317,036,296,331,,
,286,362,,323,317,036,296,331,,
,286,362,,323,317,036,296,331,,
,286,362,,323,317,036,296,331,,
,286,362,,323,317,036,296,331,,
,286,362,,324,317,042,296,331,,
,286,364,,324,317,042,296,331,,
,286,364,,324,317,042,296,331,,
,286,364,,324,317,046,296,332,,
,286,364,,324,317,047,296,332,,
,286,364,,324,317,047,296,332,,
,286,364,,324,317,047,296,332,,
,286,364,,324,317,047,297,332,,
,286,364,,324,317,047,297,332,,
,286,364,,324,317,047,297,332,,
,286,364,,324,317,325,297,332,,
,286,364,,324,317,325,297,332,,
,286,364,,325,317,325,297,332,,
,286,364,,325,317,328,297,332,,
,286,364,,326,317,335,297,332,,
,286,364,,326,317,335,297,332,,
,286,364,,326,317,335,297,332,,
,286,364,,327,317,335,297,332,,
,286,364,,327,317,335,297,332,,
,286,364,,327,317,335,297,332,,
,286,364,,327,317,335,297,332,,
,286,364,,328,317,335,297,332,,
,286,364,,328,317,335,297,332,,
,286,364,,328,317,335,297,332,,
,286,364,,328,317,335,297,332,,
,286,364,,328,317,335,297,332,,
,286,364,,328,317,335,297,332,,
,286,364,,328,317,336,297,332,,
,286,364,,328,317,336,297,332,,
,286,364,,328,317,336,297,332,,
,286,364,,329,317,336,297,332,,
,286,364,,329,317,336,297,332,,
,286,364,,329,317,336,297,332,,
,286,364,,329,317,336,297,332,,
,286,364,,329,317,336,297,332,,
,286,364,,330,317,336,297,333,,
,286,364,,330,317,336,297,333,,
,286,364,,330,317,336,297,333,,
,286,364,,331,317,336,297,333,,
,286,364,,331,317,336,297,333,,
,286,364,,331,317,337,297,333,,
,286,364,,331,317,337,297,333,,
,286,364,,331,317,337,297,333,,
,286,364,,332,317,337,297,333,,
,286,364,,332,317,337,297,333,,
,286,364,,332,318,337,297,333,,
,287,364,,332,318,339,297,333,,
,287,364,,332,318,339,297,334,,
,287,364,,332,318,339,297,334,,
,287,364,,332,318,339,297,335,,
,287,364,,332,318,339,297,335,,
,287,364,,332,318,339,297,335,,
,287,364,,332,318,339,297,335,,
,287,364,,332,318,339,297,335,,
,287,364,,332,318,339,297,335,,
,287,364,,332,318,339,297,335,,
,287,364,,332,318,345,297,335,,
,287,364,,332,318,345,298,335,,
,287,364,,332,318,345,298,335,,
,287,364,,332,319,345,298,335,,
,287,364,,332,319,345,298,335,,
,287,364,,332,319,345,298,335,,
,287,364,,333,319,345,298,335,,
,287,364,,333,319,345,298,335,,
,287,364,,333,319,345,298,335,,
,287,364,,333,319,345,298,335,,
,287,364,,334,319,345,298,335,,
,287,364,,334,319,345,298,335,,
,287,364,,334,319,345,298,335,,
,287,364,,334,319,347,298,335,,
,287,364,,334,319,347,298,335,,
,287,364,,334,319,347,298,335,,
,287,364,,334,319,347,298,335,,
,287,364,,334,319,347,298,335,,
,287,364,,334,319,347,298,335,,
,287,364,,334,319,347,298,335,,
,287,364,,334,319,347,298,335,,
,287,364,,334,319,347,298,335,,
,287,364,,334,319,347,298,335,,
,287,364,,334,319,347,298,335,,
,287,364,,334,319,347,298,335,,
,287,364,,334,319,347,298,335,,
,287,364,,334,319,347,298,335,,
,287,364,,335,319,347,298,335,,
,287,364,,335,319,347,298,335,,
,287,364,,335,319,347,298,335,,
,287,364,,335,320,347,298,335,,
,287,364,,335,320,347,298,335,,
,287,364,,335,320,350,298,335,,
,287,364,,335,320,350,298,335,,
,287,364,,335,320,350,298,335,,
,287,364,,335,320,350,298,335,,
,287,364,,335,320,350,298,335,,
,287,364,,335,320,350,298,335,,
,287,364,,335,320,350,298,335,,
,287,364,,335,320,350,298,335,,
,287,364,,335,320,350,298,335,,
,287,364,,335,320,350,298,335,,
,287,364,,335,320,350,298,335,,
,287,364,,335,320,350,298,335,,
,287,364,,335,320,350,298,335,,
,287,364,,335,320,350,298,335,,
,287,364,,335,320,350,298,335,,
,287,364,,335,320,350,298,335,,
,287,364,,335,320,350,298,335,,
,287,364,,335,320,350,298,335,,
,287,364,,335,320,350,298,335,,
,287,364,,335,320,350,298,335,,
,287,364,,335,320,350,298,335,,
,287,364,,336,320,350,298,335,,
,287,364,,336,320,350,298,335,,
,287,364,,336,320,350,298,335,,
,287,364,,336,321,350,298,335,,
,287,364,,336,321,350,298,335,,
,287,364,,336,321,350,298,335,,
,287,364,,336,321,350,298,335,,
,287,364,,336,321,350,298,335,,
,287,364,,336,321,350,298,335,,
,287,364,,336,321,350,298,335,,
,287,364,,337,321,350,298,335,,
,287,364,,337,321,350,298,335,,
,287,,,337,321,350,298,335,,
,287,,,337,321,350,298,336,,
,287,,,337,321,350,298,336,,
,287,,,337,321,350,298,336,,
,287,,,337,321,350,298,336,,
,287,,,337,321,350,298,336,,
,287,,,339,321,350,299,336,,
,287,,,339,321,350,299,336,,
,287,,,339,321,350,299,336,,
,287,,,339,321,350,299,337,,
,287,,,339,321,350,299,337,,
,287,,,339,321,350,299,337,,
,287,,,339,321,350,299,337,,
,287,,,339,321,350,299,337,,
,287,,,339,321,350,299,337,,
,287,,,339,321,350,299,337,,
,287,,,339,321,350,299,337,,
,287,,,339,321,350,299,337,,
,287,,,339,321,350,299,337,,
,287,,,339,321,350,299,337,,
,287,,,339,321,350,299,337,,
,287,,,339,321,350,299,337,,
,287,,,339,321,350,299,337,,
,287,,,339,321,350,299,337,,
,287,,,339,321,350,299,337,,
,287,,,339,321,350,299,337,,
,287,,,339,322,350,299,337,,
,287,,,339,322,350,299,337,,
,288,,,339,322,350,299,337,,
,288,,,339,322,350,299,337,,
,288,,,339,322,350,299,337,,
,288,,,339,322,350,299,337,,
,288,,,339,322,350,299,337,,
,288,,,339,322,350,299,337,,
,288,,,339,322,350,299,337,,
,288,,,340,322,350,299,337,,
,288,,,340,322,350,299,337,,
,288,,,340,322,350,299,337,,
,288,,,340,322,350,299,338,,
,288,,,340,322,350,299,338,,
,288,,,340,322,350,299,338,,
,288,,,340,322,350,299,338,,
,288,,,340,322,350,299,339,,
,289,,,340,322,350,299,339,,
,289,,,340,322,350,299,339,,
,289,,,340,322,350,299,339,,
,289,,,340,322,350,299,339,,
,289,,,340,322,350,299,339,,
,289,,,340,322,350,299,339,,
,289,,,340,322,350,299,339,,
,289,,,340,322,350,299,339,,
,289,,,340,322,350,299,339,,
,289,,,340,322,350,299,339,,
,289,,,340,322,350,299,339,,
,289,,,340,322,350,299,339,,
,289,,,340,322,350,299,339,,
,289,,,340,322,350,299,339,,
,289,,,341,322,350,299,339,,
,289,,,341,322,350,299,339,,
,289,,,341,322,350,299,339,,
,289,,,341,322,351,299,339,,
,289,,,341,322,351,299,339,,
,289,,,341,322,351,299,339,,
,289,,,341,322,351,299,339,,
,289,,,341,322,351,299,339,,
,289,,,341,322,351,299,339,,
,289,,,341,322,351,299,339,,
,289,,,341,322,351,299,339,,
,289,,,341,322,351,299,339,,
,289,,,341,322,351,299,339,,
,289,,,341,322,351,299,339,,
,289,,,345,322,351,299,339,,
,289,,,345,322,351,299,339,,
,289,,,345,322,351,299,339,,
,289,,,345,322,351,299,339,,
,289,,,345,322,351,299,339,,
,289,,,345,322,351,299,339,,
,289,,,345,322,351,299,339,,
,289,,,345,322,351,299,339,,
,289,,,345,322,351,299,340,,
,289,,,345,322,351,299,340,,
,289,,,345,322,351,299,340,,
,289,,,345,322,351,299,340,,
,289,,,345,322,351,299,340,,
,289,,,345,322,351,299,340,,
,289,,,345,322,351,299,340,,
,289,,,345,322,351,299,341,,
,289,,,345,322,352,299,341,,
,289,,,345,322,352,299,341,,
,289,,,345,322,352,299,341,,
,289,,,345,322,352,299,341,,
,289,,,345,322,352,299,341,,
,289,,,346,322,352,299,341,,
,289,,,346,322,352,299,341,,
,289,,,346,322,352,299,341,,
,289,,,346,322,352,299,341,,
,289,,,346,322,352,299,341,,
,289,,,346,322,352,299,341,,
,289,,,346,322,352,299,341,,
,289,,,346,322,353,299,341,,
,289,,,346,324,353,299,341,,
,289,,,346,324,353,300,341,,
,289,,,346,324,353,301,341,,
,289,,,346,324,353,301,341,,
,289,,,346,324,353,301,341,,
,289,,,346,324,353,301,341,,
,289,,,346,324,353,301,341,,
,289,,,346,324,353,301,341,,
,289,,,346,324,353,301,341,,
,289,,,346,324,353,301,341,,
,289,,,346,324,353,301,341,,
,289,,,346,324,353,301,341,,
,289,,,346,324,353,301,342,,
,289,,,346,324,354,301,342,,
,289,,,346,324,354,301,342,,
,289,,,346,324,354,301,345,,
,289,,,346,324,354,301,345,,
,289,,,346,324,354,302,345,,
,289,,,346,324,354,302,345,,
,289,,,346,324,354,302,345,,
,289,,,346,324,354,302,345,,
,289,,,346,324,354,302,345,,
,289,,,346,324,354,302,345,,
,289,,,346,324,354,302,345,,
,289,,,346,324,354,302,345,,
,289,,,346,324,354,302,345,,
,289,,,346,324,354,302,345,,
,289,,,346,324,354,302,345,,
,289,,,346,324,354,302,345,,
,289,,,346,324,354,302,345,,
,289,,,346,325,354,302,345,,
,289,,,346,325,354,302,345,,
,289,,,346,325,354,302,345,,
,289,,,346,325,354,302,345,,
,289,,,346,325,354,302,345,,
,289,,,346,325,354,302,345,,
,289,,,346,325,354,302,345,,
,289,,,346,325,354,302,345,,
,289,,,346,325,354,302,345,,
,289,,,346,325,354,303,345,,
,289,,,346,325,354,303,345,,
,289,,,346,326,354,303,345,,
,289,,,346,326,354,303,345,,
,289,,,346,326,354,303,345,,
,289,,,346,326,354,303,345,,
,289,,,346,326,354,303,345,,
,289,,,346,326,354,303,345,,
,289,,,346,326,354,303,345,,
,289,,,347,326,354,303,345,,
,289,,,347,326,355,303,345,,
,289,,,347,326,355,303,345,,
,289,,,347,326,355,303,345,,
,289,,,347,326,355,303,345,,
,289,,,348,326,355,303,345,,
,289,,,348,326,355,303,345,,
,289,,,348,326,355,303,345,,
,289,,,348,326,355,303,345,,
,289,,,348,326,355,303,345,,
,289,,,348,326,355,303,345,,
,289,,,348,326,355,303,345,,
,289,,,348,326,355,303,345,,
,289,,,348,326,355,303,345,,
,289,,,348,326,355,303,345,,
,289,,,348,326,355,303,345,,
,289,,,348,327,355,303,345,,
,289,,,348,327,355,303,345,,
,289,,,348,327,355,303,345,,
,289,,,348,327,355,303,345,,
,289,,,348,327,356,303,345,,
,289,,,348,327,356,303,345,,
,289,,,348,327,356,303,345,,
,289,,,348,327,356,303,345,,
,289,,,348,327,356,303,345,,
,289,,,348,327,356,303,345,,
,289,,,348,327,356,303,345,,
,289,,,348,327,356,303,345,,
,289,,,348,327,356,303,345,,
,289,,,348,327,356,303,345,,
,289,,,348,327,356,303,347,,
,289,,,348,327,356,303,347,,
,289,,,348,327,356,303,347,,
,289,,,348,327,356,303,347,,
,289,,,348,327,356,303,347,,
,289,,,348,327,356,303,347,,
,289,,,348,327,356,303,347,,
,289,,,348,327,356,303,347,,
,289,,,348,327,356,303,347,,
,289,,,348,327,356,303,347,,
,289,,,348,328,356,303,347,,
,289,,,348,328,356,303,347,,
,289,,,348,328,356,303,347,,
,289,,,348,328,356,303,347,,
,289,,,348,328,356,303,347,,
,289,,,350,328,356,303,347,,
,289,,,350,328,356,303,347,,
,289,,,350,328,357,303,347,,
,289,,,350,328,357,303,347,,
,289,,,350,328,357,303,347,,
,289,,,350,328,357,303,347,,
,289,,,350,328,357,303,347,,
,289,,,350,328,357,303,347,,
,289,,,350,328,357,303,347,,
,289,,,350,328,357,303,347,,
,289,,,350,328,357,303,347,,
,289,,,350,329,357,303,347,,
,289,,,350,329,357,303,347,,
,289,,,350,329,357,303,347,,
,289,,,350,329,357,303,347,,
,289,,,350,329,357,303,347,,
,290,,,350,329,357,303,347,,
,290,,,350,329,357,303,347,,
,290,,,350,329,357,303,347,,
,290,,,350,329,357,303,347,,
,290,,,350,330,357,303,347,,
,290,,,350,330,357,303,347,,
,290,,,350,330,357,303,347,,
,290,,,350,330,357,303,347,,
,290,,,350,330,357,303,348,,
,290,,,350,330,357,303,348,,
,290,,,350,330,357,303,348,,
,290,,,350,330,357,303,348,,
,290,,,350,330,357,303,348,,
,290,,,350,330,357,304,348,,
,290,,,350,330,357,304,348,,
,290,,,350,330,357,304,348,,
,290,,,350,330,357,304,348,,
,290,,,350,330,357,304,348,,
,290,,,350,330,357,304,348,,
,290,,,350,330,357,304,348,,
,290,,,350,330,357,304,348,,
,290,,,350,330,357,304,348,,
,290,,,350,330,357,304,348,,
,290,,,350,330,357,304,348,,
,290,,,350,330,357,304,348,,
,290,,,350,330,357,304,348,,
,290,,,350,330,357,304,348,,
,290,,,350,330,357,304,348,,
,290,,,350,330,357,304,348,,
,290,,,350,330,359,304,348,,
,290,,,350,330,359,304,348,,
,290,,,350,330,359,304,348,,
,290,,,350,330,359,304,348,,
,290,,,350,330,359,304,348,,
,290,,,350,330,360,304,348,,
,290,,,350,330,360,304,348,,
,290,,,350,330,360,304,348,,
,290,,,350,330,360,304,348,,
,290,,,350,330,360,304,348,,
,290,,,350,330,360,304,348,,
,290,,,350,330,360,304,348,,
,290,,,350,331,360,304,348,,
,290,,,350,331,360,304,348,,
,290,,,350,331,360,304,348,,
,290,,,350,331,360,304,348,,
,290,,,350,331,360,304,348,,
,290,,,350,331,360,304,348,,
,290,,,350,331,360,304,348,,
,290,,,350,331,360,304,348,,
,290,,,350,331,360,304,348,,
,290,,,351,331,360,304,348,,
,290,,,351,331,360,304,348,,
,290,,,351,331,360,304,348,,
,290,,,351,331,360,304,348,,
,290,,,351,331,360,304,348,,
,290,,,351,331,360,304,348,,
,290,,,352,331,360,304,348,,
,290,,,352,331,360,304,348,,
,290,,,352,331,361,305,348,,
,290,,,352,331,361,305,348,,
,290,,,352,331,361,305,348,,
,290,,,352,331,361,305,348,,
,290,,,352,331,361,305,348,,
,290,,,352,333,361,305,348,,
,290,,,352,333,361,305,348,,
,290,,,352,334,361,305,348,,
,290,,,352,334,361,305,348,,
,290,,,352,334,361,305,348,,
,290,,,352,334,361,305,348,,
,290,,,352,334,361,305,348,,
,290,,,352,334,361,305,348,,
,290,,,352,336,361,305,348,,
,290,,,352,336,361,305,348,,
,290,,,352,336,361,305,348,,
,290,,,352,336,361,305,348,,
,290,,,352,336,361,305,348,,
,290,,,352,338,361,305,348,,
,290,,,352,341,361,305,348,,
,290,,,352,341,361,305,348,,
,290,,,352,341,361,305,348,,
,290,,,352,341,361,305,348,,
,290,,,352,341,361,305,348,,
,290,,,352,341,361,305,348,,
,290,,,352,341,361,305,348,,
,291,,,352,341,361,305,348,,
,291,,,352,341,361,305,348,,
,291,,,352,341,361,305,348,,
,291,,,352,341,361,305,348,,
,291,,,352,341,361,305,348,,
,291,,,352,341,361,305,348,,
,291,,,352,341,361,305,348,,
,291,,,352,341,361,305,348,,
,291,,,352,341,361,305,348,,
,291,,,352,,361,305,348,,
,291,,,352,,361,305,348,,
,291,,,352,,361,305,348,,
,291,,,353,,361,305,348,,
,291,,,353,,361,305,348,,
,291,,,353,,361,305,348,,
,291,,,353,,361,305,348,,
,291,,,353,,361,306,348,,
,291,,,353,,361,306,348,,
,291,,,353,,361,306,348,,
,291,,,353,,361,306,348,,
,291,,,353,,361,306,348,,
,291,,,353,,361,306,348,,
,291,,,353,,361,306,348,,
,291,,,353,,361,306,348,,
,291,,,353,,361,306,348,,
,291,,,353,,361,306,348,,
,291,,,353,,361,306,348,,
,291,,,353,,362,306,348,,
,291,,,353,,362,306,348,,
,291,,,353,,362,306,348,,
,291,,,353,,362,306,348,,
,291,,,353,,362,306,348,,
,291,,,353,,362,306,348,,
,291,,,353,,362,306,348,,
,291,,,353,,362,306,348,,
,291,,,353,,362,306,348,,
,291,,,353,,362,306,348,,
,291,,,353,,362,306,348,,
,291,,,353,,362,306,348,,
,291,,,353,,362,306,348,,
,291,,,353,,362,306,350,,
,291,,,353,,362,306,350,,
,291,,,353,,362,306,350,,
,291,,,353,,362,306,350,,
,291,,,353,,362,306,350,,
,291,,,353,,362,306,350,,
,291,,,353,,362,306,350,,
,291,,,353,,362,306,350,,
,291,,,353,,362,306,350,,
,291,,,354,,362,306,350,,
,291,,,354,,362,306,350,,
,291,,,354,,362,306,350,,
,291,,,354,,362,306,350,,
,291,,,354,,362,306,350,,
,291,,,354,,362,306,350,,
,291,,,354,,362,306,350,,
,291,,,354,,362,306,350,,
,291,,,354,,362,306,350,,
,291,,,354,,362,306,350,,
,291,,,354,,362,306,350,,
,291,,,354,,362,306,350,,
,291,,,354,,362,306,350,,
,291,,,354,,362,306,350,,
,291,,,354,,362,306,350,,
,291,,,354,,362,306,350,,
,291,,,354,,362,306,350,,
,291,,,354,,362,306,350,,
,291,,,354,,362,306,350,,
,291,,,354,,362,306,350,,
,291,,,354,,362,306,350,,
,291,,,354,,362,306,350,,
,291,,,354,,362,306,350,,
,291,,,354,,362,306,350,,
,291,,,354,,362,306,350,,
,291,,,354,,362,306,350,,
,291,,,354,,362,306,350,,
,291,,,354,,362,306,350,,
,291,,,354,,362,306,350,,
,291,,,354,,362,306,350,,
,291,,,354,,362,306,350,,
,291,,,354,,363,306,350,,
,291,,,354,,363,306,350,,
,291,,,354,,363,306,350,,
,291,,,354,,363,306,350,,
,291,,,354,,363,306,350,,
,291,,,354,,363,306,350,,
,291,,,354,,363,306,350,,
,291,,,354,,363,306,350,,
,291,,,354,,363,306,350,,
,291,,,354,,363,306,350,,
,291,,,354,,363,306,350,,
,291,,,354,,363,306,350,,
,291,,,354,,363,306,350,,
,291,,,354,,364,306,350,,
,291,,,354,,364,306,350,,
,291,,,354,,364,306,350,,
,291,,,354,,364,306,350,,
,291,,,354,,364,306,350,,
,291,,,354,,364,306,350,,
,291,,,354,,364,306,350,,
,291,,,354,,364,306,350,,
,291,,,354,,364,306,350,,
,291,,,354,,364,306,350,,
,292,,,354,,364,306,350,,
,292,,,354,,364,306,350,,
,292,,,354,,364,306,350,,
,292,,,354,,364,306,350,,
,292,,,354,,364,306,350,,
,292,,,354,,364,306,350,,
,292,,,354,,364,306,350,,
,292,,,354,,364,306,350,,
,292,,,354,,364,306,350,,
,292,,,355,,364,306,350,,
,292,,,355,,364,306,350,,
,292,,,355,,364,306,350,,
,292,,,355,,364,306,350,,
,292,,,355,,364,308,350,,
,292,,,355,,364,308,350,,
,292,,,355,,364,308,350,,
,292,,,355,,364,308,350,,
,292,,,355,,364,308,350,,
,292,,,355,,364,308,350,,
,292,,,355,,364,308,350,,
,292,,,355,,364,308,350,,
,292,,,355,,364,308,351,,
,292,,,355,,364,308,351,,
,292,,,355,,364,308,351,,
,292,,,355,,364,308,351,,
,292,,,355,,364,308,351,,
,292,,,355,,364,308,351,,
,292,,,355,,364,308,351,,
,292,,,355,,364,308,351,,
,292,,,355,,364,308,351,,
,292,,,355,,364,308,351,,
,292,,,355,,364,308,351,,
,292,,,355,,364,308,351,,
,292,,,355,,364,308,351,,
,292,,,355,,364,308,351,,
,292,,,355,,364,308,351,,
,292,,,355,,364,308,351,,
,292,,,355,,364,308,351,,
,292,,,355,,364,308,351,,
,292,,,355,,364,308,351,,
,292,,,355,,364,308,351,,
,292,,,355,,364,308,351,,
,292,,,355,,364,308,351,,
,292,,,355,,364,308,351,,
,292,,,355,,364,308,351,,
,292,,,355,,364,308,351,,
,292,,,355,,364,308,351,,
,292,,,355,,364,308,351,,
,292,,,355,,364,308,351,,
,292,,,355,,364,308,351,,
,292,,,355,,364,308,351,,
,292,,,355,,364,308,351,,
,292,,,355,,364,308,351,,
,292,,,355,,364,308,351,,
,292,,,355,,364,308,351,,
,292,,,355,,364,309,351,,
,292,,,355,,364,309,351,,
,292,,,355,,364,309,351,,
,292,,,355,,364,309,351,,
,292,,,355,,364,309,351,,
,292,,,355,,364,309,351,,
,292,,,355,,364,309,351,,
,292,,,355,,364,309,351,,
,292,,,355,,364,309,351,,
,292,,,355,,364,309,351,,
,292,,,355,,364,309,351,,
,292,,,355,,364,309,351,,
,292,,,355,,364,309,351,,
,292,,,355,,364,309,351,,
,292,,,355,,364,309,351,,
,292,,,355,,364,309,351,,
,292,,,355,,364,309,351,,
,292,,,355,,364,309,351,,
,292,,,355,,364,309,351,,
,292,,,355,,364,309,351,,
,292,,,355,,364,309,351,,
,292,,,355,,364,309,351,,
,292,,,355,,364,309,351,,
,292,,,355,,364,309,351,,
,292,,,355,,364,309,351,,
,292,,,355,,365,309,351,,
,292,,,355,,365,309,351,,
,292,,,355,,365,309,351,,
,292,,,355,,365,309,351,,
,292,,,355,,365,309,351,,
,292,,,355,,365,309,351,,
,292,,,355,,365,309,351,,
,292,,,355,,365,309,351,,
,292,,,355,,365,309,351,,
,292,,,355,,365,309,351,,
,292,,,355,,365,309,351,,
,292,,,355,,365,309,351,,
,292,,,355,,365,309,351,,
,292,,,355,,365,309,351,,
,292,,,355,,365,309,351,,
,292,,,355,,365,309,351,,
,292,,,355,,365,309,351,,
,292,,,355,,365,309,351,,
,292,,,355,,365,309,351,,
,292,,,355,,365,309,351,,
,293,,,355,,,309,351,,
,293,,,355,,,309,351,,
,293,,,355,,,309,351,,
,293,,,355,,,309,351,,
,293,,,355,,,309,351,,
,293,,,355,,,309,351,,
,293,,,355,,,309,351,,
,293,,,355,,,309,351,,
,293,,,355,,,309,351,,
,293,,,355,,,309,351,,
,293,,,355,,,309,351,,
,293,,,355,,,309,351,,
,293,,,355,,,309,351,,
,293,,,355,,,309,351,,
,293,,,355,,,309,351,,
,293,,,355,,,309,351,,
,293,,,355,,,309,351,,
,293,,,355,,,309,351,,
,293,,,355,,,310,351,,
,293,,,355,,,310,351,,
,293,,,355,,,310,351,,
,293,,,355,,,310,351,,
,293,,,355,,,310,351,,
,293,,,355,,,310,351,,
,293,,,355,,,310,351,,
,293,,,355,,,310,351,,
,293,,,355,,,310,351,,
,294,,,355,,,310,351,,
,294,,,355,,,310,351,,
,294,,,355,,,310,351,,
,294,,,355,,,310,351,,
,294,,,355,,,310,353,,
,294,,,356,,,310,353,,
,294,,,356,,,310,353,,
,294,,,356,,,310,353,,
,294,,,356,,,310,353,,
,294,,,356,,,310,353,,
,294,,,356,,,310,353,,
,294,,,356,,,310,353,,
,294,,,356,,,310,353,,
,294,,,356,,,310,353,,
,294,,,356,,,310,353,,
,294,,,356,,,310,353,,
,294,,,356,,,310,353,,
,294,,,356,,,310,353,,
,294,,,356,,,310,353,,
,294,,,356,,,310,353,,
,294,,,356,,,310,353,,
,294,,,356,,,310,353,,
,294,,,356,,,310,353,,
,294,,,356,,,310,353,,
,294,,,356,,,310,353,,
,294,,,356,,,310,353,,
,294,,,356,,,310,353,,
,294,,,356,,,310,353,,
,294,,,356,,,310,353,,
,294,,,356,,,310,353,,
,294,,,356,,,310,353,,
,294,,,356,,,310,353,,
,294,,,356,,,310,353,,
,294,,,356,,,310,353,,
,294,,,356,,,310,353,,
,294,,,356,,,310,353,,
,294,,,356,,,310,353,,
,294,,,356,,,310,353,,
,294,,,356,,,310,353,,
,294,,,356,,,310,353,,
,294,,,356,,,310,353,,
,294,,,356,,,310,353,,
,294,,,356,,,310,353,,
,294,,,356,,,310,353,,
,294,,,356,,,310,353,,
,294,,,356,,,310,353,,
,294,,,356,,,310,353,,
,294,,,356,,,310,353,,
,294,,,356,,,310,353,,
,295,,,356,,,310,353,,
,295,,,356,,,310,353,,
,295,,,356,,,310,353,,
,295,,,356,,,310,353,,
,295,,,356,,,310,353,,
,295,,,356,,,310,353,,
,295,,,356,,,310,353,,
,295,,,356,,,310,353,,
,295,,,356,,,310,353,,
,295,,,356,,,310,353,,
,295,,,356,,,310,353,,
,295,,,356,,,310,353,,
,295,,,356,,,310,353,,
,295,,,356,,,310,353,,
,295,,,356,,,310,353,,
,295,,,356,,,310,353,,
,295,,,356,,,310,353,,
,295,,,356,,,310,353,,
,295,,,356,,,310,353,,
,295,,,356,,,310,353,,
,295,,,356,,,310,353,,
,295,,,356,,,310,353,,
,295,,,356,,,310,353,,
,295,,,356,,,310,353,,
,295,,,356,,,310,353,,
,295,,,356,,,310,353,,
,295,,,356,,,310,353,,
,295,,,356,,,310,353,,
,295,,,356,,,310,353,,
,296,,,356,,,310,353,,
,296,,,357,,,310,353,,
,296,,,357,,,310,353,,
,296,,,357,,,310,353,,
,296,,,357,,,310,353,,
,296,,,357,,,310,353,,
,296,,,357,,,310,353,,
,296,,,357,,,310,353,,
,296,,,357,,,310,353,,
,296,,,357,,,310,353,,
,296,,,357,,,310,353,,
,296,,,357,,,310,353,,
,296,,,357,,,310,353,,
,296,,,357,,,310,353,,
,296,,,357,,,310,353,,
,296,,,358,,,310,353,,
,296,,,358,,,310,353,,
,296,,,358,,,310,353,,
,296,,,358,,,310,353,,
,296,,,358,,,310,353,,
,296,,,358,,,310,353,,
,296,,,358,,,310,353,,
,296,,,358,,,310,353,,
,296,,,358,,,310,353,,
,296,,,358,,,310,353,,
,296,,,358,,,310,353,,
,296,,,358,,,310,354,,
,296,,,358,,,310,354,,
,296,,,358,,,310,354,,
,296,,,358,,,310,354,,
,296,,,360,,,310,354,,
,296,,,360,,,310,354,,
,296,,,360,,,310,354,,
,296,,,360,,,310,354,,
,296,,,360,,,310,354,,
,297,,,360,,,310,354,,
,297,,,360,,,310,354,,
,297,,,360,,,310,354,,
,297,,,360,,,310,354,,
,297,,,360,,,310,354,,
,297,,,360,,,310,354,,
,297,,,360,,,310,354,,
,297,,,360,,,310,354,,
,298,,,360,,,311,354,,
,298,,,360,,,311,354,,
,298,,,360,,,311,354,,
,298,,,360,,,311,354,,
,298,,,360,,,311,354,,
,298,,,360,,,311,354,,
,298,,,360,,,312,354,,
,298,,,360,,,312,354,,
,298,,,360,,,312,354,,
,298,,,360,,,312,354,,
,298,,,360,,,312,354,,
,298,,,360,,,312,355,,
,298,,,361,,,312,355,,
,298,,,361,,,312,355,,
,298,,,361,,,312,355,,
,298,,,361,,,312,355,,
,298,,,361,,,312,355,,
,298,,,361,,,312,355,,
,298,,,361,,,312,355,,
,298,,,361,,,312,355,,
,298,,,361,,,312,355,,
,298,,,361,,,312,355,,
,299,,,361,,,312,355,,
,299,,,361,,,312,355,,
,299,,,361,,,312,355,,
,299,,,361,,,312,355,,
,299,,,361,,,312,355,,
,299,,,361,,,312,355,,
,299,,,361,,,312,355,,
,299,,,361,,,312,355,,
,299,,,361,,,312,355,,
,299,,,361,,,312,355,,
,299,,,361,,,312,355,,
,299,,,361,,,312,355,,
,299,,,361,,,312,355,,
,299,,,361,,,312,355,,
,299,,,361,,,312,355,,
,299,,,361,,,312,355,,
,299,,,361,,,312,355,,
,299,,,361,,,312,355,,
,299,,,361,,,312,355,,
,299,,,361,,,312,355,,
,299,,,361,,,312,355,,
,299,,,361,,,312,355,,
,299,,,361,,,312,355,,
,301,,,361,,,312,355,,
,301,,,361,,,312,355,,
,301,,,361,,,312,355,,
,301,,,361,,,312,355,,
,301,,,361,,,312,355,,
,301,,,361,,,312,355,,
,301,,,361,,,312,355,,
,301,,,361,,,312,355,,
,301,,,361,,,312,355,,
,301,,,361,,,312,355,,
,301,,,361,,,312,355,,
,301,,,361,,,312,355,,
,301,,,361,,,312,355,,
,301,,,361,,,312,355,,
,301,,,361,,,312,355,,
,301,,,361,,,312,355,,
,301,,,361,,,313,355,,
,301,,,361,,,313,356,,
,301,,,361,,,313,356,,
,301,,,361,,,313,356,,
,301,,,361,,,313,356,,
,301,,,361,,,313,356,,
,301,,,361,,,313,356,,
,301,,,361,,,313,356,,
,301,,,361,,,313,356,,
,301,,,361,,,313,356,,
,302,,,361,,,313,356,,
,302,,,361,,,313,356,,
,302,,,361,,,313,356,,
,302,,,361,,,313,356,,
,302,,,361,,,313,356,,
,302,,,361,,,313,356,,
,302,,,361,,,313,356,,
,302,,,361,,,313,356,,
,302,,,361,,,313,356,,
,302,,,361,,,313,356,,
,302,,,361,,,313,356,,
,302,,,361,,,313,356,,
,302,,,361,,,313,356,,
,302,,,361,,,313,356,,
,302,,,361,,,313,356,,
,302,,,362,,,313,356,,
,302,,,362,,,313,356,,
,302,,,362,,,313,356,,
,302,,,362,,,313,356,,
,302,,,362,,,313,356,,
,302,,,362,,,313,356,,
,302,,,362,,,313,356,,
,302,,,362,,,313,356,,
,302,,,362,,,313,356,,
,302,,,362,,,313,356,,
,302,,,362,,,313,356,,
,302,,,362,,,313,356,,
,302,,,362,,,313,356,,
,302,,,362,,,313,356,,
,302,,,362,,,313,356,,
,302,,,362,,,313,356,,
,302,,,362,,,313,357,,
,302,,,362,,,314,357,,
,303,,,362,,,314,357,,
,303,,,362,,,314,357,,
,303,,,362,,,314,357,,
,303,,,362,,,314,357,,
,303,,,362,,,314,357,,
,303,,,362,,,314,357,,
,303,,,362,,,314,357,,
,303,,,362,,,314,357,,
,303,,,362,,,314,361,,
,303,,,362,,,314,361,,
,303,,,362,,,314,361,,
,303,,,362,,,314,361,,
,303,,,362,,,314,361,,
,303,,,362,,,314,361,,
,304,,,362,,,314,361,,
,304,,,362,,,314,361,,
,304,,,362,,,314,361,,
,304,,,362,,,314,361,,
,304,,,362,,,314,361,,
,304,,,362,,,314,361,,
,304,,,362,,,314,361,,
,304,,,362,,,314,361,,
,305,,,362,,,314,361,,
,305,,,362,,,316,361,,
,305,,,362,,,316,361,,
,305,,,362,,,316,361,,
,305,,,362,,,316,361,,
,305,,,362,,,316,361,,
,306,,,362,,,316,361,,
,306,,,362,,,316,361,,
,306,,,362,,,316,361,,
,306,,,362,,,316,361,,
,306,,,362,,,316,361,,
,306,,,362,,,316,361,,
,306,,,362,,,316,361,,
,306,,,362,,,316,361,,
,306,,,362,,,316,361,,
,306,,,362,,,316,361,,
,306,,,362,,,316,361,,
,306,,,362,,,316,361,,
,306,,,362,,,316,361,,
,306,,,362,,,316,361,,
,306,,,362,,,316,361,,
,306,,,362,,,316,361,,
,306,,,362,,,316,361,,
,307,,,362,,,316,361,,
,308,,,362,,,316,361,,
,308,,,362,,,316,361,,
,308,,,362,,,316,361,,
,308,,,362,,,316,361,,
,308,,,362,,,316,361,,
,308,,,362,,,316,361,,
,308,,,362,,,316,361,,
,308,,,362,,,316,361,,
,308,,,362,,,316,361,,
,308,,,362,,,316,361,,
,308,,,362,,,317,361,,
,308,,,362,,,317,361,,
,308,,,362,,,317,361,,
,308,,,362,,,317,362,,
,308,,,362,,,317,362,,
,308,,,362,,,317,362,,
,308,,,362,,,317,362,,
,308,,,362,,,317,362,,
,308,,,362,,,317,362,,
,308,,,362,,,317,362,,
,308,,,362,,,317,362,,
,308,,,362,,,317,362,,
,308,,,362,,,317,362,,
,308,,,363,,,317,362,,
,308,,,363,,,317,362,,
,308,,,363,,,317,362,,
,308,,,363,,,317,362,,
,308,,,363,,,317,362,,
,308,,,363,,,317,362,,
,308,,,363,,,317,362,,
,308,,,363,,,317,362,,
,309,,,363,,,317,362,,
,309,,,363,,,317,362,,
,309,,,363,,,317,362,,
,309,,,363,,,317,362,,
,309,,,363,,,317,362,,
,309,,,363,,,317,362,,
,309,,,363,,,317,362,,
,309,,,363,,,317,362,,
,309,,,363,,,317,362,,
,309,,,363,,,317,362,,
,309,,,363,,,317,362,,
,309,,,363,,,317,362,,
,309,,,363,,,317,362,,
,309,,,363,,,317,362,,
,309,,,363,,,317,362,,
,309,,,363,,,317,362,,
,309,,,363,,,317,362,,
,309,,,363,,,317,362,,
,309,,,363,,,317,362,,
,310,,,363,,,317,362,,
,310,,,363,,,317,362,,
,310,,,363,,,317,362,,
,310,,,363,,,317,362,,
,310,,,363,,,317,362,,
,310,,,363,,,317,362,,
,310,,,363,,,317,362,,
,310,,,363,,,317,362,,
,310,,,363,,,317,362,,
,310,,,363,,,317,362,,
,310,,,363,,,317,362,,
,310,,,363,,,317,362,,
,310,,,363,,,317,362,,
,310,,,363,,,318,362,,
,310,,,363,,,318,362,,
,310,,,363,,,318,362,,
,310,,,363,,,318,362,,
,310,,,363,,,318,362,,
,310,,,363,,,319,362,,
,310,,,363,,,319,362,,
,311,,,363,,,319,362,,
,311,,,363,,,319,362,,
,311,,,363,,,319,362,,
,311,,,363,,,319,362,,
,312,,,363,,,319,362,,
,312,,,363,,,319,362,,
,312,,,363,,,319,362,,
,312,,,363,,,319,362,,
,312,,,363,,,319,362,,
,312,,,363,,,319,362,,
,312,,,363,,,319,362,,
,312,,,363,,,319,362,,
,312,,,363,,,319,362,,
,312,,,363,,,319,362,,
,312,,,363,,,319,362,,
,313,,,363,,,319,362,,
,313,,,363,,,319,362,,
,313,,,363,,,319,362,,
,313,,,363,,,319,362,,
,313,,,363,,,319,362,,
,313,,,363,,,319,362,,
,313,,,363,,,320,362,,
,313,,,363,,,320,363,,
,313,,,363,,,320,363,,
,313,,,363,,,320,363,,
,313,,,363,,,320,363,,
,313,,,363,,,320,363,,
,313,,,363,,,320,363,,
,313,,,363,,,320,363,,
,313,,,363,,,320,363,,
,313,,,363,,,320,363,,
,313,,,363,,,320,363,,
,313,,,363,,,321,363,,
,315,,,363,,,321,363,,
,315,,,363,,,321,363,,
,316,,,363,,,321,363,,
,316,,,363,,,321,363,,
,316,,,363,,,321,363,,
,316,,,363,,,321,363,,
,316,,,363,,,321,363,,
,316,,,363,,,321,363,,
,316,,,363,,,321,363,,
,316,,,363,,,321,363,,
,316,,,363,,,322,363,,
,316,,,363,,,322,363,,
,316,,,363,,,322,363,,
,316,,,363,,,322,363,,
,316,,,363,,,322,363,,
,316,,,363,,,322,363,,
,316,,,363,,,322,363,,
,316,,,363,,,322,363,,
,316,,,363,,,322,363,,
,316,,,363,,,322,363,,
,316,,,364,,,322,363,,
,316,,,364,,,322,363,,
,317,,,364,,,322,363,,
,317,,,364,,,322,363,,
,317,,,364,,,322,363,,
,317,,,364,,,322,363,,
,317,,,364,,,322,363,,
,317,,,364,,,322,363,,
,317,,,364,,,322,363,,
,317,,,364,,,322,363,,
,317,,,364,,,322,363,,
,318,,,364,,,322,363,,
,318,,,364,,,322,363,,
,318,,,364,,,322,363,,
,318,,,364,,,322,363,,
,318,,,364,,,322,363,,
,319,,,364,,,322,363,,
,319,,,364,,,322,363,,
,319,,,364,,,322,363,,
,319,,,364,,,322,363,,
,319,,,364,,,322,363,,
,319,,,364,,,322,363,,
,319,,,364,,,322,363,,
,319,,,364,,,322,364,,
,319,,,364,,,323,364,,
,319,,,364,,,323,364,,
,320,,,364,,,323,364,,
,320,,,364,,,323,364,,
,320,,,364,,,323,364,,
,320,,,364,,,323,364,,
,320,,,364,,,323,364,,
,320,,,364,,,323,364,,
,320,,,364,,,323,364,,
,321,,,364,,,323,364,,
,321,,,364,,,323,364,,
,321,,,364,,,323,364,,
,321,,,364,,,323,364,,
,321,,,364,,,323,364,,
,321,,,364,,,324,364,,
,321,,,364,,,324,364,,
,322,,,364,,,324,364,,
,322,,,364,,,326,364,,
,322,,,364,,,326,364,,
,322,,,364,,,326,364,,
,322,,,364,,,327,364,,
,322,,,364,,,327,364,,
,322,,,364,,,327,364,,
,322,,,364,,,327,364,,
,322,,,364,,,328,364,,
,322,,,364,,,329,364,,
,322,,,364,,,329,364,,
,323,,,364,,,329,364,,
,324,,,364,,,329,364,,
,324,,,364,,,329,364,,
,324,,,364,,,329,364,,
,325,,,364,,,330,364,,
,326,,,364,,,330,364,,
,327,,,364,,,330,364,,
,327,,,364,,,330,364,,
,327,,,364,,,330,364,,
,327,,,364,,,330,364,,
,328,,,364,,,330,364,,
,328,,,364,,,333,364,,
,328,,,364,,,333,364,,
,329,,,364,,,337,364,,
,329,,,364,,,337,364,,
,329,,,364,,,337,364,,
,330,,,364,,,337,364,,
,330,,,364,,,337,364,,
,332,,,364,,,337,364,,
,332,,,364,,,337,364,,
,333,,,364,,,339,364,,
,334,,,364,,,339,364,,
,335,,,364,,,339,364,,
,336,,,364,,,339,364,,
,339,,,364,,,341,364,,
,340,,,364,,,341,364,,
,341,,,364,,,344,364,,
,345,,,364,,,351,365,,
,351,,,364,,,,365,,
,,,,364,,,,365,,
,,,,364,,,,365,,
,,,,364,,,,,,
,,,,365,,,,,,
,,,,365,,,,,,
,,,,365,,,,,,
,,,,365,,,,,,
,,,,365,,,,,,
,,,,365,,,,,,
,,,,365,,,,,,
,,,,365,,,,,,
,,,,365,,,,,,
,,,,365,,,,,,
,,,,365,,,,,,
,,,,365,,,,,,
,,,,365,,,,,,
,,,,365,,,,,,
,,,,365,,,,,,
,,,,365,,,,,,
,,,,365,,,,,,
