Hatchery Fall Chinook,Wild Coho,Hatchery Coho,Wild Late Chum,Hatchery Late Chum
214,236,233,002,002
214,236,250,002,002
215,236,250,002,002
215,236,250,002,002
215,236,259,002,002
215,236,259,002,002
216,236,259,002,002
216,236,259,002,002
217,236,260,003,002
217,236,260,003,002
220,236,260,003,002
220,259,260,003,002
220,268,260,003,002
221,268,267,003,002
221,268,268,003,002
221,268,268,003,002
222,268,268,003,002
222,268,268,003,002
222,268,268,003,002
223,268,268,003,002
223,268,268,003,002
223,268,268,003,002
223,268,268,003,002
224,268,268,003,002
224,268,268,003,002
224,268,268,003,002
225,268,268,003,002
225,268,268,003,002
225,268,268,003,002
226,268,268,003,002
226,268,268,003,002
227,268,268,003,002
227,269,268,003,002
228,269,268,003,002
228,269,268,003,002
229,269,268,003,002
229,269,269,003,002
229,269,269,003,002
229,269,269,003,002
229,269,269,003,002
230,269,269,003,002
230,269,269,003,002
230,269,269,003,002
230,269,269,003,002
230,269,269,003,002
230,269,269,003,002
230,269,269,003,002
230,269,269,003,002
230,269,269,003,002
230,269,269,003,002
230,269,269,003,002
230,270,269,003,002
230,270,269,003,002
230,270,269,003,002
230,270,269,003,002
231,270,269,003,002
231,270,270,003,002
231,270,270,003,002
231,270,270,003,002
232,270,270,003,002
232,270,270,003,002
232,270,270,003,002
232,270,270,003,002
232,270,270,003,002
232,270,270,004,002
232,270,270,004,002
233,270,270,004,002
233,270,270,004,002
233,270,270,004,002
233,270,270,004,002
233,270,270,005,002
234,270,270,005,002
234,270,270,005,002
234,270,270,005,002
234,270,270,005,002
234,270,270,005,002
234,270,270,005,002
235,270,270,005,002
236,270,270,005,002
236,270,270,005,002
236,270,270,005,002
236,270,270,005,002
236,270,270,005,002
236,270,270,005,002
236,270,270,005,002
236,270,270,005,002
236,270,270,005,002
239,270,270,005,002
239,270,270,005,002
239,271,271,005,002
239,271,271,005,002
239,271,271,005,002
239,271,271,005,002
240,271,271,005,002
241,271,271,005,002
241,271,271,005,002
241,271,271,005,002
241,271,271,005,002
241,271,271,005,002
241,271,271,005,002
241,271,271,005,334
241,271,271,005,334
241,271,271,005,334
241,271,271,005,334
241,271,271,005,335
241,271,271,005,335
241,271,272,005,335
241,271,272,005,335
241,271,272,005,335
241,271,272,005,335
241,271,272,005,335
241,271,272,005,335
241,271,272,005,335
241,271,273,005,335
242,272,273,005,335
242,272,273,005,335
242,272,273,005,335
242,272,273,005,335
242,272,273,005,335
242,272,273,005,335
242,272,273,005,335
242,272,273,005,335
242,272,273,005,335
242,272,273,005,335
242,272,273,005,335
242,272,273,005,335
242,272,273,005,335
242,272,273,005,335
242,272,273,005,335
242,272,273,005,335
243,272,273,005,335
243,272,273,005,336
243,272,273,005,336
243,272,273,005,336
243,272,273,005,336
243,272,273,005,336
243,272,273,005,336
243,272,273,005,336
243,272,273,005,336
243,272,273,005,336
243,272,273,005,336
244,272,273,005,336
244,272,273,005,336
244,272,273,005,336
244,272,273,005,338
244,272,273,005,338
244,272,273,005,338
244,272,273,005,338
244,272,273,005,338
244,272,273,005,338
244,272,273,005,338
244,272,273,005,339
244,272,273,005,339
244,272,273,005,339
244,272,273,005,339
244,272,273,005,339
244,272,273,005,339
244,273,273,005,340
244,273,273,005,340
244,273,273,005,340
244,273,273,005,340
244,273,273,005,340
244,273,273,005,341
244,273,273,005,341
244,273,273,005,341
244,273,273,005,341
244,273,273,005,341
244,273,273,005,341
244,273,273,005,341
244,273,273,005,342
244,273,273,005,342
244,273,273,005,342
244,273,273,005,342
244,273,273,005,342
244,273,273,005,342
244,273,273,005,342
244,273,273,005,342
244,273,273,005,342
244,273,273,005,342
244,273,273,005,342
244,273,274,005,342
244,273,274,005,342
244,273,274,005,342
244,273,274,005,342
244,273,274,005,342
244,273,274,005,342
244,273,274,005,342
244,273,274,005,342
244,273,274,005,342
244,273,274,005,342
244,273,274,005,342
244,273,274,005,342
244,273,274,005,342
244,273,274,005,342
244,273,274,005,342
244,273,274,005,342
244,273,274,005,342
244,273,274,005,342
244,273,274,005,342
244,273,274,005,342
244,273,274,005,342
244,273,274,005,342
244,273,274,005,342
244,273,274,005,342
244,273,275,005,342
244,273,275,005,342
244,273,275,005,342
244,273,275,005,342
244,273,275,005,342
244,273,275,005,342
244,273,275,005,342
244,273,275,005,342
244,273,275,005,342
244,273,275,005,342
244,273,275,005,342
244,273,275,005,342
244,273,275,005,342
244,273,275,005,343
244,273,275,005,343
244,273,275,005,343
244,273,275,006,343
244,273,275,006,343
244,273,275,006,343
244,273,275,007,343
244,273,275,007,343
244,273,275,007,343
244,273,275,008,343
244,273,275,008,343
244,273,275,008,343
245,273,275,008,343
245,273,275,010,343
245,273,275,010,344
245,273,275,010,344
245,273,275,010,344
245,273,275,010,344
245,273,275,010,344
245,273,275,010,344
245,273,275,010,344
245,273,275,010,344
245,273,275,010,344
245,273,275,010,344
245,273,275,010,344
245,273,275,010,344
245,273,275,010,344
245,273,275,010,344
245,273,275,010,344
245,273,275,010,344
245,273,275,013,344
245,273,275,013,344
245,273,275,013,344
245,273,275,015,344
245,273,275,017,344
245,273,276,017,344
245,273,276,021,344
245,273,276,023,344
245,273,276,027,345
245,273,276,029,345
245,273,276,313,345
245,274,276,313,345
245,274,276,313,345
245,274,276,313,345
245,274,276,319,345
245,274,276,330,346
245,274,276,330,346
245,275,276,330,346
246,275,276,330,346
246,275,276,331,346
246,275,276,331,346
246,275,276,331,346
246,275,276,332,346
246,275,276,333,346
246,275,276,333,346
247,275,276,333,346
247,275,276,333,346
247,275,276,333,346
247,275,276,333,346
247,275,276,333,346
247,275,276,333,346
247,275,276,333,346
247,275,276,333,348
248,275,276,333,348
248,275,276,333,348
248,275,276,333,348
248,275,276,333,348
248,275,276,333,348
248,275,277,333,348
248,275,277,333,348
248,275,277,333,348
248,275,277,333,348
248,276,277,333,349
248,276,279,333,349
248,276,279,333,349
248,276,279,334,349
248,276,279,334,349
248,276,279,334,349
248,276,279,334,349
248,276,279,334,349
248,276,279,334,349
248,276,279,334,349
248,276,279,335,349
248,277,279,335,349
248,277,279,335,349
249,277,279,335,350
249,279,279,335,350
249,279,279,335,350
249,279,279,335,350
249,280,279,335,350
249,280,279,335,350
249,280,279,335,350
249,280,279,335,351
249,280,279,335,351
249,280,279,335,351
249,280,279,335,351
249,280,279,335,351
249,280,279,335,351
249,280,279,335,351
249,280,279,335,351
249,280,279,335,351
249,280,279,335,351
249,280,279,335,351
249,280,279,335,351
249,280,279,335,351
249,280,279,335,351
249,280,279,335,351
249,280,279,335,351
250,280,279,335,351
250,280,279,335,351
250,280,279,335,351
250,282,279,335,351
250,282,279,335,351
250,282,279,335,351
250,282,279,335,351
250,282,279,335,351
250,282,279,335,351
250,282,279,335,351
250,282,280,335,351
250,282,280,335,351
250,282,280,335,351
250,282,280,335,351
250,282,280,335,351
250,282,280,335,351
250,282,280,335,351
250,282,280,335,351
250,282,280,335,352
250,282,280,335,352
250,282,280,335,352
250,282,280,335,352
250,282,280,335,352
250,282,280,335,352
250,284,280,335,355
250,284,280,335,355
250,284,280,335,355
250,284,280,335,355
250,284,280,335,355
250,284,280,335,358
250,284,280,335,358
250,284,280,335,358
250,284,280,335,361
250,284,280,335,361
250,284,280,335,361
250,284,280,335,361
250,284,280,335,361
250,284,280,335,361
250,284,280,335,361
250,284,280,335,361
250,284,280,335,361
250,284,280,335,361
251,284,280,335,363
251,284,280,335,363
251,284,280,335,363
251,284,280,335,363
251,284,280,335,363
251,284,280,335,363
251,284,280,335,363
251,284,280,335,363
251,284,280,335,363
251,284,280,335,363
251,284,280,335,363
251,284,280,335,363
251,284,280,335,363
251,284,280,335,363
251,284,280,335,363
251,284,280,335,363
251,284,280,335,363
251,284,280,335,365
251,284,280,335,365
251,284,280,335,365
251,284,280,335,365
251,284,280,336,365
251,284,280,336,365
251,284,280,336,365
251,284,280,336,365
251,284,280,336,365
251,284,280,336,365
251,284,280,337,365
251,284,281,337,365
251,284,281,337,365
251,284,281,337,365
251,284,282,337,365
251,284,282,337,
251,284,282,338,
251,284,282,338,
251,284,282,338,
251,284,282,338,
251,284,282,338,
251,284,282,338,
251,284,282,338,
251,284,282,338,
251,284,282,338,
251,284,282,338,
251,284,282,338,
251,284,282,338,
251,284,282,338,
251,284,282,338,
251,284,282,338,
251,284,282,338,
251,284,282,338,
251,284,283,338,
251,284,283,338,
251,284,283,338,
251,284,283,338,
251,284,283,338,
251,284,283,338,
251,284,283,338,
251,284,284,338,
251,284,284,338,
251,284,284,338,
251,284,284,338,
251,284,284,339,
251,284,284,339,
251,284,284,339,
251,284,284,339,
251,284,284,339,
251,284,284,339,
251,284,284,339,
251,284,284,339,
251,284,284,339,
251,284,284,339,
251,284,284,339,
251,284,284,339,
251,284,284,339,
251,284,284,339,
251,284,284,339,
251,284,284,339,
251,284,284,339,
251,284,284,339,
251,284,284,339,
251,284,284,340,
251,284,284,340,
251,284,284,340,
251,284,284,340,
251,284,284,340,
251,284,284,340,
251,284,284,340,
251,284,284,340,
251,284,284,340,
251,284,284,340,
252,284,284,340,
252,284,284,340,
252,284,284,340,
252,284,284,340,
252,284,284,340,
252,284,284,340,
252,284,284,340,
252,284,284,340,
252,284,284,340,
252,284,284,340,
252,284,284,340,
252,284,284,340,
252,284,284,340,
252,284,284,340,
252,284,284,340,
252,284,284,340,
252,284,284,340,
252,284,284,341,
252,284,284,341,
252,284,284,342,
252,284,284,342,
252,284,284,342,
252,286,284,342,
252,286,284,342,
252,286,284,342,
252,286,284,342,
252,286,284,342,
252,286,284,342,
252,286,284,342,
252,286,284,342,
252,286,284,342,
252,286,284,342,
253,286,284,342,
253,286,284,342,
253,286,284,342,
253,286,284,342,
253,286,284,342,
253,286,284,342,
253,286,284,342,
253,286,284,342,
253,286,284,342,
254,286,284,342,
254,286,284,342,
254,286,284,343,
254,286,284,343,
254,286,284,343,
254,286,284,343,
254,286,284,343,
254,286,284,343,
254,286,284,343,
254,286,284,343,
254,286,284,343,
254,286,284,343,
254,286,284,343,
254,286,284,343,
254,286,284,343,
254,286,284,343,
254,286,284,343,
254,286,284,343,
254,286,284,343,
254,286,284,343,
254,286,284,343,
254,286,284,343,
254,286,284,343,
254,286,284,343,
254,286,284,343,
254,286,284,343,
254,286,284,343,
254,286,284,344,
254,286,284,344,
254,286,284,344,
254,286,284,344,
254,286,284,344,
254,286,284,344,
254,286,284,344,
254,286,284,344,
254,286,284,344,
254,286,284,344,
254,286,284,344,
254,286,284,345,
254,286,284,345,
254,286,284,345,
254,286,284,345,
254,286,284,345,
254,286,284,345,
254,286,284,345,
254,286,284,345,
254,286,284,345,
254,286,284,345,
254,286,284,345,
254,286,284,345,
254,286,284,345,
254,286,284,345,
254,286,284,345,
254,286,284,345,
254,286,284,345,
254,286,284,345,
254,286,284,345,
255,286,284,345,
255,286,284,345,
255,286,284,345,
255,286,284,345,
255,286,285,345,
255,286,285,345,
255,286,285,345,
255,286,285,345,
255,288,285,345,
255,288,285,345,
255,288,285,345,
255,288,285,345,
255,288,285,345,
255,288,285,345,
255,288,285,345,
255,288,285,345,
255,288,285,345,
255,288,285,345,
255,288,285,345,
255,288,285,345,
255,288,285,346,
255,288,285,346,
255,288,285,346,
255,288,285,346,
255,288,285,346,
255,288,285,346,
255,288,285,346,
255,288,285,346,
255,288,285,346,
255,288,285,346,
255,288,285,346,
255,288,285,346,
255,288,285,346,
255,288,285,346,
255,288,285,346,
255,288,285,346,
256,288,285,346,
256,288,285,346,
256,288,285,346,
256,288,285,346,
256,288,285,346,
257,288,285,346,
257,288,285,346,
257,288,285,346,
257,288,285,346,
257,288,285,346,
257,288,285,346,
257,288,285,346,
257,288,285,346,
257,288,285,346,
257,288,285,346,
257,288,285,346,
257,288,285,346,
257,288,285,346,
257,288,285,346,
257,288,285,346,
257,288,285,346,
257,288,285,346,
257,288,285,346,
257,288,285,346,
257,288,285,346,
257,288,285,346,
257,288,285,346,
257,288,285,346,
257,288,286,346,
257,288,286,346,
257,288,286,346,
257,288,286,346,
257,288,286,347,
257,288,286,347,
257,288,286,347,
257,288,286,347,
257,288,286,347,
257,288,286,347,
257,288,286,347,
257,288,286,347,
257,288,286,347,
257,288,286,347,
257,288,286,347,
257,288,286,347,
257,288,286,347,
257,288,286,347,
257,288,286,347,
257,288,286,347,
257,288,286,347,
258,288,286,347,
258,288,286,347,
258,288,286,347,
258,288,286,347,
258,288,286,347,
258,288,286,347,
258,288,286,347,
258,288,286,347,
258,288,286,347,
258,288,286,347,
258,288,286,347,
258,288,286,347,
258,288,286,347,
258,288,286,347,
258,288,286,347,
258,288,286,347,
258,288,286,347,
258,288,286,347,
258,288,286,347,
258,288,286,347,
258,288,286,348,
258,288,286,348,
258,288,286,348,
258,288,286,348,
258,288,286,348,
258,288,286,348,
258,288,286,348,
258,288,286,348,
258,288,286,348,
258,288,286,348,
258,288,286,348,
258,288,286,348,
258,288,286,348,
258,288,286,348,
259,288,286,348,
259,288,286,348,
259,288,286,348,
259,288,286,348,
259,288,286,348,
259,288,286,348,
259,289,286,348,
259,289,286,348,
259,289,286,348,
259,289,287,348,
259,289,287,348,
260,289,287,348,
260,289,287,349,
260,289,287,349,
261,289,287,349,
261,289,287,349,
261,289,287,349,
261,289,287,349,
261,289,287,349,
261,289,287,349,
261,289,287,349,
261,289,287,350,
261,289,287,350,
261,289,287,350,
261,289,287,350,
261,289,287,350,
261,289,287,350,
261,289,287,350,
261,289,288,350,
261,289,288,350,
261,289,288,350,
261,289,288,350,
261,289,288,350,
261,289,288,350,
261,289,288,350,
261,289,288,350,
261,289,288,350,
261,289,288,350,
261,289,288,350,
261,289,288,350,
261,289,288,350,
261,289,288,350,
261,289,288,350,
261,289,288,350,
261,289,288,350,
261,289,288,350,
261,289,288,350,
261,289,288,350,
261,289,288,350,
261,289,288,350,
261,289,288,350,
261,289,288,350,
261,289,288,351,
261,289,288,351,
261,289,288,351,
261,289,288,351,
261,289,288,351,
261,289,288,351,
261,289,288,351,
261,289,288,351,
261,289,288,351,
261,289,288,351,
261,289,288,351,
261,289,288,351,
261,289,288,351,
261,289,288,351,
261,289,288,351,
261,289,288,351,
261,289,288,351,
261,289,288,351,
261,289,288,351,
261,289,288,351,
261,289,288,351,
261,289,288,351,
261,289,288,351,
261,289,288,351,
261,289,288,352,
261,289,288,352,
261,289,288,352,
261,289,288,352,
261,289,288,352,
261,289,288,352,
261,289,288,352,
261,289,288,352,
261,289,288,352,
262,289,288,352,
262,289,288,352,
262,289,288,352,
262,289,288,352,
262,289,288,352,
262,289,288,352,
262,289,288,352,
262,289,288,352,
262,289,288,352,
262,289,288,352,
262,289,288,352,
262,289,288,352,
262,289,288,352,
263,289,288,352,
263,289,288,352,
263,289,288,352,
263,289,288,352,
263,289,288,352,
263,289,288,352,
263,289,288,352,
263,289,288,353,
263,289,288,353,
263,289,288,353,
263,289,288,354,
263,289,288,354,
263,289,288,354,
263,289,288,354,
263,289,288,354,
263,289,288,354,
263,289,288,354,
263,289,288,354,
263,290,288,354,
263,290,288,354,
263,290,288,354,
263,290,288,354,
263,290,288,354,
263,290,288,354,
263,290,288,354,
263,290,288,354,
263,290,288,354,
263,290,288,354,
263,290,288,354,
263,290,288,354,
263,290,288,354,
263,290,288,354,
263,290,288,354,
263,290,288,354,
263,290,288,354,
263,290,288,354,
263,290,288,354,
263,290,288,354,
263,290,288,354,
263,290,288,354,
263,290,288,354,
263,290,288,354,
263,290,288,354,
264,290,288,354,
264,290,288,354,
264,290,288,354,
264,291,288,354,
264,291,288,354,
264,291,288,354,
264,291,288,354,
264,291,288,354,
264,291,289,354,
264,291,289,354,
264,291,289,354,
265,291,289,354,
265,291,289,354,
265,291,289,354,
265,291,289,354,
265,291,289,354,
265,291,289,354,
265,291,289,354,
265,291,289,354,
265,291,289,354,
265,291,289,354,
265,291,289,354,
265,291,289,354,
265,291,289,354,
265,291,289,354,
265,291,289,354,
265,291,289,354,
265,291,289,354,
265,291,289,354,
265,291,289,354,
266,292,289,354,
266,292,289,354,
266,292,289,354,
266,292,289,354,
266,292,289,354,
266,292,289,354,
266,292,289,354,
266,292,289,354,
266,292,289,354,
266,292,289,354,
266,292,289,354,
266,292,289,354,
266,292,289,354,
266,292,289,354,
266,292,289,354,
266,292,289,354,
266,292,289,354,
266,292,289,354,
266,292,289,354,
266,292,289,355,
266,292,289,355,
266,292,289,355,
266,292,289,355,
266,292,289,355,
266,292,289,355,
266,292,289,356,
266,292,289,356,
266,292,289,356,
266,292,289,356,
266,292,289,356,
266,292,289,356,
266,292,289,356,
266,292,289,356,
266,292,289,356,
266,292,289,356,
266,292,289,356,
267,292,289,356,
267,292,289,356,
267,292,289,356,
267,292,289,356,
267,292,289,356,
267,292,289,356,
267,292,289,357,
267,292,289,357,
267,292,289,357,
267,292,289,357,
267,292,289,357,
267,292,289,357,
267,292,289,357,
267,292,289,357,
267,292,289,357,
267,292,289,357,
267,292,289,357,
267,292,289,358,
267,292,289,358,
267,292,289,358,
267,292,289,358,
267,292,289,358,
267,292,289,358,
267,292,289,358,
267,292,289,358,
267,292,289,358,
267,292,289,358,
267,292,289,358,
267,292,289,359,
267,292,289,359,
267,292,289,359,
267,292,289,359,
267,292,289,359,
267,292,289,359,
267,292,289,359,
267,292,289,359,
267,292,289,359,
267,292,289,359,
267,292,289,359,
267,292,289,359,
267,292,289,359,
267,292,289,359,
267,292,289,359,
267,292,289,359,
267,293,289,359,
267,293,289,359,
267,293,289,359,
267,293,289,359,
267,293,289,359,
267,293,289,359,
267,293,289,359,
267,293,289,359,
268,293,289,360,
268,293,289,360,
268,293,289,360,
268,293,289,360,
268,293,290,360,
268,293,290,360,
268,293,290,360,
268,293,290,360,
268,293,290,360,
268,293,290,360,
268,293,290,360,
268,293,290,360,
268,293,290,360,
268,293,290,360,
268,293,290,360,
268,293,290,360,
268,293,291,360,
268,293,291,360,
268,293,291,360,
268,293,291,360,
268,293,291,360,
268,293,291,360,
268,293,291,360,
268,297,291,361,
268,297,291,361,
268,297,291,361,
268,297,291,361,
268,297,291,361,
268,297,291,361,
268,297,291,361,
268,297,291,361,
268,297,291,361,
268,297,291,361,
268,297,291,361,
268,297,291,362,
268,297,291,362,
268,297,291,362,
268,297,291,362,
268,297,291,362,
268,297,291,362,
268,297,291,362,
268,297,291,362,
268,297,291,363,
268,297,291,363,
268,297,291,363,
268,297,291,363,
268,297,291,363,
268,297,291,363,
268,297,292,363,
268,297,292,363,
268,297,292,363,
268,297,292,364,
268,297,292,364,
268,297,292,364,
268,297,292,364,
268,297,292,364,
268,297,292,364,
268,297,292,364,
268,297,292,364,
268,297,292,365,
268,297,292,365,
268,297,292,366,
268,297,292,366,
268,297,292,366,
268,297,292,366,
268,297,292,366,
268,297,292,366,
268,297,292,,
268,297,292,,
268,297,292,,
268,297,292,,
268,297,292,,
268,297,292,,
268,298,292,,
268,298,292,,
268,298,292,,
268,298,292,,
268,298,292,,
268,298,292,,
268,298,292,,
268,298,292,,
268,298,292,,
268,298,292,,
268,298,292,,
268,298,292,,
268,298,292,,
268,298,292,,
268,298,292,,
268,298,292,,
268,298,292,,
268,299,292,,
268,299,292,,
268,299,292,,
268,299,292,,
269,299,292,,
269,299,292,,
269,299,292,,
269,299,292,,
269,299,292,,
269,299,292,,
269,299,292,,
269,302,292,,
269,302,292,,
269,302,293,,
269,302,293,,
269,302,293,,
269,302,293,,
269,302,293,,
269,302,293,,
269,302,293,,
269,302,293,,
269,302,293,,
269,302,293,,
269,302,293,,
269,302,293,,
269,302,293,,
269,302,293,,
269,302,293,,
269,311,293,,
269,311,293,,
269,311,293,,
269,314,293,,
269,314,293,,
269,314,293,,
269,314,293,,
269,314,293,,
269,314,293,,
269,314,293,,
269,314,293,,
269,314,293,,
269,314,293,,
269,314,293,,
269,314,293,,
269,314,293,,
269,314,293,,
269,314,293,,
269,314,293,,
269,314,293,,
269,315,293,,
269,315,293,,
269,315,293,,
269,318,293,,
269,318,293,,
269,318,293,,
269,318,293,,
269,318,293,,
269,318,293,,
269,318,293,,
269,318,293,,
269,318,293,,
269,318,293,,
269,318,293,,
269,318,293,,
269,318,293,,
269,318,293,,
269,318,293,,
269,318,293,,
269,318,293,,
269,318,293,,
269,318,293,,
269,318,293,,
269,318,293,,
269,318,293,,
269,318,293,,
269,318,294,,
269,318,294,,
269,318,294,,
269,318,294,,
269,318,294,,
269,318,294,,
269,,294,,
269,,294,,
269,,294,,
269,,294,,
269,,294,,
269,,294,,
269,,294,,
269,,294,,
269,,294,,
269,,294,,
269,,294,,
269,,294,,
270,,294,,
270,,294,,
270,,295,,
270,,295,,
270,,295,,
270,,295,,
270,,295,,
270,,295,,
270,,295,,
270,,295,,
270,,295,,
270,,295,,
270,,295,,
270,,295,,
270,,295,,
270,,295,,
270,,295,,
270,,295,,
270,,295,,
270,,295,,
270,,295,,
270,,295,,
270,,295,,
270,,295,,
270,,295,,
270,,295,,
270,,295,,
270,,295,,
270,,295,,
270,,295,,
270,,295,,
270,,295,,
270,,295,,
270,,295,,
270,,295,,
270,,295,,
270,,295,,
270,,295,,
270,,295,,
270,,295,,
270,,295,,
270,,295,,
270,,295,,
270,,296,,
270,,296,,
270,,296,,
270,,296,,
270,,296,,
270,,296,,
270,,296,,
270,,296,,
270,,296,,
271,,296,,
271,,296,,
271,,296,,
271,,296,,
271,,296,,
271,,296,,
271,,296,,
271,,296,,
271,,296,,
271,,296,,
271,,296,,
271,,296,,
271,,296,,
271,,296,,
271,,296,,
271,,296,,
271,,296,,
271,,296,,
271,,296,,
271,,296,,
271,,296,,
271,,296,,
271,,296,,
271,,296,,
271,,296,,
271,,296,,
271,,296,,
271,,296,,
271,,296,,
271,,296,,
271,,296,,
271,,296,,
271,,296,,
271,,296,,
271,,296,,
271,,296,,
271,,296,,
271,,296,,
271,,296,,
271,,296,,
271,,296,,
271,,296,,
271,,296,,
271,,296,,
271,,296,,
271,,296,,
271,,296,,
271,,296,,
271,,296,,
271,,296,,
271,,296,,
271,,296,,
271,,296,,
271,,296,,
271,,296,,
271,,296,,
271,,296,,
271,,296,,
271,,296,,
271,,296,,
271,,296,,
271,,296,,
271,,296,,
271,,296,,
271,,296,,
271,,296,,
271,,296,,
271,,296,,
271,,296,,
271,,296,,
271,,296,,
271,,296,,
271,,296,,
271,,296,,
271,,296,,
271,,296,,
271,,296,,
271,,296,,
271,,296,,
271,,296,,
271,,296,,
271,,296,,
271,,296,,
271,,296,,
271,,296,,
272,,296,,
272,,296,,
272,,296,,
272,,296,,
272,,296,,
272,,296,,
272,,296,,
272,,296,,
272,,296,,
272,,296,,
272,,296,,
272,,296,,
272,,296,,
272,,296,,
272,,296,,
272,,296,,
272,,296,,
272,,296,,
272,,296,,
272,,296,,
272,,296,,
272,,296,,
272,,296,,
272,,296,,
272,,296,,
272,,297,,
272,,297,,
272,,297,,
272,,297,,
272,,297,,
272,,297,,
272,,297,,
272,,297,,
272,,297,,
272,,297,,
272,,297,,
272,,297,,
272,,297,,
272,,297,,
272,,297,,
272,,297,,
272,,297,,
272,,297,,
272,,297,,
272,,297,,
272,,297,,
272,,297,,
272,,297,,
272,,297,,
272,,297,,
272,,297,,
272,,297,,
272,,297,,
272,,297,,
272,,297,,
272,,297,,
272,,297,,
272,,297,,
272,,297,,
272,,297,,
272,,297,,
272,,297,,
272,,297,,
272,,297,,
272,,297,,
273,,297,,
273,,297,,
273,,297,,
273,,297,,
273,,297,,
273,,297,,
273,,297,,
273,,297,,
273,,297,,
273,,297,,
273,,297,,
273,,297,,
273,,297,,
273,,297,,
273,,299,,
273,,299,,
273,,299,,
273,,299,,
273,,299,,
273,,299,,
273,,299,,
273,,299,,
273,,299,,
273,,299,,
273,,299,,
273,,299,,
273,,299,,
273,,299,,
273,,299,,
273,,299,,
273,,299,,
273,,299,,
273,,299,,
273,,299,,
273,,299,,
273,,299,,
273,,299,,
273,,299,,
273,,299,,
273,,299,,
273,,299,,
273,,299,,
273,,299,,
273,,299,,
273,,299,,
273,,299,,
273,,299,,
273,,299,,
273,,299,,
273,,299,,
273,,299,,
273,,299,,
273,,299,,
273,,299,,
273,,299,,
273,,299,,
273,,299,,
273,,299,,
273,,299,,
273,,299,,
273,,299,,
273,,299,,
273,,299,,
273,,299,,
273,,299,,
273,,299,,
273,,299,,
273,,299,,
273,,299,,
273,,299,,
273,,299,,
273,,299,,
273,,299,,
273,,299,,
273,,301,,
273,,301,,
273,,302,,
273,,302,,
273,,302,,
273,,302,,
273,,302,,
273,,302,,
273,,302,,
273,,302,,
273,,302,,
273,,302,,
273,,302,,
273,,302,,
273,,302,,
273,,302,,
274,,302,,
274,,302,,
274,,302,,
274,,303,,
274,,303,,
274,,303,,
274,,303,,
274,,303,,
274,,303,,
274,,304,,
274,,304,,
274,,304,,
274,,304,,
274,,304,,
274,,304,,
274,,304,,
274,,304,,
274,,304,,
274,,305,,
274,,305,,
274,,306,,
274,,306,,
274,,306,,
274,,306,,
274,,306,,
274,,306,,
274,,306,,
274,,306,,
274,,306,,
274,,310,,
274,,310,,
274,,310,,
274,,310,,
274,,310,,
274,,311,,
274,,311,,
274,,311,,
274,,314,,
274,,314,,
274,,314,,
274,,314,,
274,,314,,
274,,314,,
274,,316,,
274,,316,,
274,,316,,
274,,318,,
274,,318,,
274,,318,,
274,,318,,
274,,318,,
274,,318,,
274,,318,,
274,,318,,
274,,318,,
274,,318,,
274,,319,,
274,,319,,
274,,320,,
274,,320,,
274,,320,,
274,,320,,
274,,321,,
274,,321,,
274,,321,,
274,,321,,
274,,321,,
274,,321,,
274,,321,,
274,,321,,
274,,321,,
274,,321,,
274,,321,,
274,,323,,
274,,323,,
274,,323,,
274,,323,,
274,,323,,
274,,323,,
274,,324,,
274,,325,,
274,,325,,
274,,325,,
274,,327,,
274,,327,,
274,,327,,
274,,329,,
274,,329,,
274,,329,,
274,,329,,
274,,330,,
274,,330,,
274,,330,,
274,,332,,
274,,332,,
274,,332,,
274,,332,,
274,,332,,
274,,334,,
274,,,,
274,,,,
274,,,,
274,,,,
274,,,,
274,,,,
274,,,,
274,,,,
274,,,,
274,,,,
274,,,,
274,,,,
274,,,,
274,,,,
274,,,,
274,,,,
274,,,,
274,,,,
274,,,,
274,,,,
274,,,,
274,,,,
274,,,,
274,,,,
274,,,,
274,,,,
274,,,,
274,,,,
274,,,,
274,,,,
274,,,,
274,,,,
274,,,,
274,,,,
274,,,,
274,,,,
274,,,,
274,,,,
274,,,,
274,,,,
274,,,,
274,,,,
274,,,,
274,,,,
274,,,,
274,,,,
274,,,,
274,,,,
274,,,,
274,,,,
274,,,,
274,,,,
274,,,,
274,,,,
274,,,,
274,,,,
274,,,,
274,,,,
274,,,,
274,,,,
274,,,,
274,,,,
274,,,,
274,,,,
274,,,,
274,,,,
274,,,,
274,,,,
274,,,,
274,,,,
274,,,,
274,,,,
274,,,,
274,,,,
275,,,,
275,,,,
275,,,,
275,,,,
275,,,,
275,,,,
275,,,,
275,,,,
275,,,,
275,,,,
275,,,,
275,,,,
275,,,,
275,,,,
275,,,,
275,,,,
275,,,,
275,,,,
275,,,,
275,,,,
275,,,,
275,,,,
275,,,,
275,,,,
275,,,,
275,,,,
275,,,,
275,,,,
275,,,,
275,,,,
275,,,,
275,,,,
275,,,,
275,,,,
275,,,,
275,,,,
275,,,,
275,,,,
275,,,,
275,,,,
275,,,,
275,,,,
275,,,,
275,,,,
275,,,,
275,,,,
275,,,,
275,,,,
275,,,,
275,,,,
275,,,,
275,,,,
275,,,,
275,,,,
275,,,,
275,,,,
275,,,,
275,,,,
275,,,,
275,,,,
275,,,,
275,,,,
275,,,,
275,,,,
275,,,,
275,,,,
275,,,,
275,,,,
275,,,,
275,,,,
275,,,,
275,,,,
275,,,,
275,,,,
275,,,,
275,,,,
275,,,,
275,,,,
275,,,,
275,,,,
275,,,,
275,,,,
275,,,,
275,,,,
275,,,,
275,,,,
275,,,,
275,,,,
275,,,,
275,,,,
275,,,,
275,,,,
275,,,,
275,,,,
275,,,,
275,,,,
275,,,,
275,,,,
275,,,,
275,,,,
275,,,,
275,,,,
275,,,,
275,,,,
275,,,,
275,,,,
275,,,,
275,,,,
275,,,,
275,,,,
275,,,,
275,,,,
275,,,,
275,,,,
275,,,,
275,,,,
275,,,,
275,,,,
275,,,,
275,,,,
275,,,,
275,,,,
275,,,,
275,,,,
275,,,,
275,,,,
275,,,,
275,,,,
275,,,,
275,,,,
275,,,,
275,,,,
275,,,,
275,,,,
275,,,,
275,,,,
275,,,,
275,,,,
275,,,,
275,,,,
275,,,,
275,,,,
275,,,,
275,,,,
275,,,,
275,,,,
275,,,,
275,,,,
275,,,,
275,,,,
275,,,,
275,,,,
275,,,,
275,,,,
275,,,,
275,,,,
275,,,,
275,,,,
275,,,,
275,,,,
275,,,,
275,,,,
275,,,,
275,,,,
275,,,,
275,,,,
275,,,,
275,,,,
275,,,,
275,,,,
275,,,,
275,,,,
275,,,,
275,,,,
275,,,,
276,,,,
276,,,,
276,,,,
276,,,,
276,,,,
276,,,,
276,,,,
276,,,,
276,,,,
276,,,,
276,,,,
276,,,,
276,,,,
276,,,,
277,,,,
277,,,,
277,,,,
277,,,,
277,,,,
277,,,,
277,,,,
277,,,,
277,,,,
277,,,,
277,,,,
277,,,,
277,,,,
277,,,,
277,,,,
277,,,,
277,,,,
277,,,,
277,,,,
277,,,,
277,,,,
277,,,,
277,,,,
277,,,,
277,,,,
277,,,,
277,,,,
277,,,,
277,,,,
278,,,,
278,,,,
278,,,,
278,,,,
278,,,,
278,,,,
278,,,,
278,,,,
278,,,,
278,,,,
278,,,,
278,,,,
278,,,,
278,,,,
278,,,,
278,,,,
278,,,,
278,,,,
278,,,,
278,,,,
278,,,,
278,,,,
278,,,,
278,,,,
278,,,,
278,,,,
278,,,,
278,,,,
278,,,,
278,,,,
278,,,,
278,,,,
278,,,,
278,,,,
278,,,,
278,,,,
278,,,,
278,,,,
278,,,,
279,,,,
279,,,,
279,,,,
279,,,,
279,,,,
279,,,,
279,,,,
279,,,,
279,,,,
279,,,,
279,,,,
279,,,,
279,,,,
279,,,,
279,,,,
279,,,,
279,,,,
279,,,,
279,,,,
279,,,,
279,,,,
279,,,,
279,,,,
279,,,,
279,,,,
279,,,,
280,,,,
280,,,,
280,,,,
280,,,,
280,,,,
280,,,,
280,,,,
280,,,,
280,,,,
280,,,,
280,,,,
280,,,,
280,,,,
280,,,,
280,,,,
280,,,,
280,,,,
280,,,,
280,,,,
280,,,,
280,,,,
280,,,,
280,,,,
280,,,,
280,,,,
280,,,,
280,,,,
280,,,,
280,,,,
280,,,,
280,,,,
280,,,,
280,,,,
280,,,,
280,,,,
281,,,,
281,,,,
281,,,,
281,,,,
281,,,,
281,,,,
281,,,,
281,,,,
281,,,,
281,,,,
281,,,,
281,,,,
281,,,,
281,,,,
281,,,,
281,,,,
281,,,,
281,,,,
281,,,,
281,,,,
281,,,,
281,,,,
281,,,,
281,,,,
281,,,,
281,,,,
281,,,,
281,,,,
281,,,,
281,,,,
281,,,,
281,,,,
281,,,,
281,,,,
281,,,,
281,,,,
281,,,,
281,,,,
281,,,,
281,,,,
281,,,,
281,,,,
281,,,,
281,,,,
281,,,,
281,,,,
281,,,,
281,,,,
281,,,,
281,,,,
281,,,,
281,,,,
281,,,,
281,,,,
281,,,,
281,,,,
281,,,,
281,,,,
281,,,,
281,,,,
281,,,,
281,,,,
281,,,,
281,,,,
281,,,,
282,,,,
282,,,,
282,,,,
282,,,,
282,,,,
282,,,,
282,,,,
282,,,,
282,,,,
282,,,,
282,,,,
282,,,,
282,,,,
282,,,,
282,,,,
282,,,,
283,,,,
283,,,,
283,,,,
283,,,,
283,,,,
283,,,,
283,,,,
283,,,,
283,,,,
283,,,,
283,,,,
283,,,,
283,,,,
283,,,,
283,,,,
283,,,,
283,,,,
283,,,,
283,,,,
283,,,,
283,,,,
283,,,,
283,,,,
283,,,,
283,,,,
283,,,,
283,,,,
283,,,,
283,,,,
283,,,,
283,,,,
283,,,,
283,,,,
283,,,,
283,,,,
283,,,,
283,,,,
283,,,,
283,,,,
283,,,,
283,,,,
283,,,,
283,,,,
283,,,,
283,,,,
283,,,,
283,,,,
283,,,,
283,,,,
283,,,,
283,,,,
283,,,,
283,,,,
283,,,,
283,,,,
284,,,,
284,,,,
284,,,,
284,,,,
284,,,,
284,,,,
284,,,,
284,,,,
284,,,,
284,,,,
284,,,,
284,,,,
284,,,,
284,,,,
284,,,,
284,,,,
284,,,,
284,,,,
284,,,,
284,,,,
284,,,,
284,,,,
284,,,,
284,,,,
284,,,,
284,,,,
284,,,,
284,,,,
284,,,,
284,,,,
284,,,,
284,,,,
284,,,,
284,,,,
284,,,,
284,,,,
284,,,,
284,,,,
284,,,,
284,,,,
284,,,,
284,,,,
284,,,,
284,,,,
284,,,,
284,,,,
284,,,,
284,,,,
284,,,,
284,,,,
284,,,,
284,,,,
284,,,,
284,,,,
284,,,,
284,,,,
284,,,,
284,,,,
284,,,,
284,,,,
284,,,,
284,,,,
284,,,,
284,,,,
284,,,,
284,,,,
284,,,,
284,,,,
284,,,,
284,,,,
284,,,,
284,,,,
284,,,,
284,,,,
284,,,,
284,,,,
284,,,,
284,,,,
284,,,,
284,,,,
284,,,,
285,,,,
285,,,,
285,,,,
285,,,,
285,,,,
285,,,,
285,,,,
285,,,,
285,,,,
285,,,,
285,,,,
285,,,,
285,,,,
285,,,,
285,,,,
285,,,,
285,,,,
285,,,,
285,,,,
285,,,,
285,,,,
285,,,,
285,,,,
285,,,,
285,,,,
285,,,,
285,,,,
285,,,,
285,,,,
285,,,,
285,,,,
285,,,,
285,,,,
285,,,,
285,,,,
285,,,,
285,,,,
285,,,,
286,,,,
286,,,,
286,,,,
286,,,,
286,,,,
286,,,,
286,,,,
286,,,,
286,,,,
286,,,,
286,,,,
286,,,,
286,,,,
286,,,,
286,,,,
286,,,,
286,,,,
286,,,,
286,,,,
286,,,,
286,,,,
286,,,,
286,,,,
286,,,,
286,,,,
286,,,,
286,,,,
286,,,,
286,,,,
286,,,,
286,,,,
286,,,,
286,,,,
286,,,,
286,,,,
286,,,,
286,,,,
286,,,,
286,,,,
286,,,,
286,,,,
286,,,,
286,,,,
286,,,,
286,,,,
286,,,,
286,,,,
286,,,,
286,,,,
286,,,,
286,,,,
286,,,,
286,,,,
286,,,,
286,,,,
287,,,,
287,,,,
287,,,,
287,,,,
287,,,,
287,,,,
287,,,,
287,,,,
287,,,,
287,,,,
287,,,,
287,,,,
287,,,,
287,,,,
287,,,,
288,,,,
288,,,,
288,,,,
288,,,,
288,,,,
288,,,,
288,,,,
288,,,,
288,,,,
288,,,,
288,,,,
288,,,,
288,,,,
288,,,,
288,,,,
288,,,,
288,,,,
288,,,,
288,,,,
288,,,,
288,,,,
288,,,,
288,,,,
288,,,,
288,,,,
288,,,,
288,,,,
288,,,,
288,,,,
288,,,,
288,,,,
288,,,,
288,,,,
288,,,,
288,,,,
288,,,,
288,,,,
288,,,,
288,,,,
288,,,,
288,,,,
288,,,,
289,,,,
289,,,,
289,,,,
289,,,,
289,,,,
289,,,,
289,,,,
289,,,,
289,,,,
289,,,,
289,,,,
289,,,,
289,,,,
289,,,,
289,,,,
289,,,,
289,,,,
289,,,,
289,,,,
289,,,,
289,,,,
289,,,,
289,,,,
289,,,,
289,,,,
289,,,,
289,,,,
289,,,,
289,,,,
289,,,,
289,,,,
289,,,,
289,,,,
289,,,,
289,,,,
289,,,,
289,,,,
289,,,,
289,,,,
289,,,,
289,,,,
289,,,,
290,,,,
290,,,,
290,,,,
290,,,,
291,,,,
291,,,,
291,,,,
291,,,,
291,,,,
291,,,,
291,,,,
291,,,,
291,,,,
291,,,,
291,,,,
291,,,,
291,,,,
291,,,,
291,,,,
291,,,,
291,,,,
291,,,,
291,,,,
291,,,,
291,,,,
291,,,,
291,,,,
291,,,,
291,,,,
291,,,,
291,,,,
291,,,,
291,,,,
291,,,,
291,,,,
291,,,,
291,,,,
291,,,,
291,,,,
291,,,,
291,,,,
291,,,,
291,,,,
291,,,,
291,,,,
291,,,,
291,,,,
291,,,,
291,,,,
291,,,,
291,,,,
291,,,,
291,,,,
292,,,,
292,,,,
292,,,,
292,,,,
292,,,,
292,,,,
292,,,,
292,,,,
292,,,,
292,,,,
292,,,,
292,,,,
292,,,,
292,,,,
292,,,,
292,,,,
292,,,,
294,,,,
294,,,,
294,,,,
294,,,,
294,,,,
294,,,,
294,,,,
294,,,,
294,,,,
294,,,,
295,,,,
295,,,,
295,,,,
295,,,,
296,,,,
298,,,,
299,,,,
299,,,,
301,,,,
301,,,,
301,,,,
309,,,,
318,,,,
