Hatchery Fall Chinook,Hatchery Coho,Hatchery Chum
191,240,296
191,241,297
193,244,297
193,245,297
194,247,297
194,248,298
195,249,298
195,249,298
196,250,298
196,250,299
196,251,300
196,251,300
196,251,300
196,252,301
196,252,301
196,252,301
197,253,301
198,253,301
198,254,301
199,254,301
199,254,301
199,254,301
200,254,301
200,254,301
200,254,301
200,255,301
200,255,301
200,255,302
200,255,302
200,255,302
201,255,303
201,256,303
202,256,303
202,256,303
203,256,303
203,256,303
203,256,303
203,256,303
203,256,303
203,257,304
203,257,304
203,257,304
203,257,304
204,258,304
204,258,304
204,258,304
205,258,304
205,258,304
205,258,304
206,258,305
206,258,305
206,258,305
206,258,305
207,258,305
207,258,305
208,258,305
208,258,305
209,258,305
209,258,305
209,258,305
209,258,305
209,258,305
209,258,305
209,259,305
209,259,305
210,259,305
210,259,305
210,259,305
210,259,305
210,259,305
210,259,305
210,259,305
210,259,305
210,259,305
210,259,305
211,259,305
211,260,305
211,260,305
211,260,306
212,260,306
212,260,306
212,260,306
212,260,306
212,260,306
212,260,306
212,260,306
212,260,306
212,260,306
213,260,306
213,260,306
213,260,306
213,260,306
213,260,306
213,260,306
213,260,306
213,260,306
213,261,306
213,261,306
213,261,306
213,261,306
213,261,306
213,261,306
213,261,306
214,262,306
214,262,306
214,262,306
214,262,306
214,262,306
214,262,306
214,262,306
214,262,306
215,262,306
215,262,306
216,262,306
216,262,306
216,262,306
216,262,306
216,262,306
217,262,306
217,262,306
217,262,306
217,262,306
217,262,306
217,262,306
217,262,306
217,262,306
217,262,306
217,263,306
217,263,306
217,263,306
217,263,306
217,263,306
217,263,306
217,263,306
217,263,306
217,263,306
218,263,306
218,263,306
218,263,306
218,263,307
218,263,307
218,263,307
218,263,307
218,263,307
219,263,307
219,263,307
219,263,307
219,263,307
219,263,307
219,263,307
219,264,307
219,264,307
219,264,307
219,264,307
219,264,307
219,264,307
219,264,307
219,264,307
219,264,307
219,264,307
219,264,307
219,264,307
219,264,307
219,264,307
219,264,307
219,264,307
219,264,307
219,264,307
219,264,307
219,264,307
219,264,307
219,264,307
219,264,307
219,265,307
219,265,307
219,265,307
219,265,307
219,265,307
219,265,307
220,265,307
220,265,307
220,265,307
220,265,307
220,265,307
220,265,307
220,265,307
220,265,307
220,265,307
220,265,307
220,265,307
220,265,307
220,265,308
220,265,308
221,265,308
221,265,308
221,265,308
221,265,308
221,265,308
221,265,308
221,265,308
221,265,308
221,265,308
221,265,308
221,266,308
221,266,308
221,266,308
221,266,308
221,266,308
221,266,308
221,266,308
221,266,308
221,266,308
222,266,308
222,266,308
222,266,308
222,266,308
222,266,308
222,266,308
222,266,308
222,266,308
222,266,308
222,266,308
222,266,308
222,266,308
222,266,308
222,266,308
222,266,308
222,266,308
223,266,308
223,267,308
223,267,308
223,267,308
223,267,308
223,267,308
224,267,308
224,267,308
224,267,308
224,267,308
224,267,308
224,267,308
224,267,308
224,267,308
224,267,308
224,267,308
224,267,309
224,267,309
224,267,309
224,267,309
224,267,309
224,267,309
224,267,309
224,267,309
224,267,309
224,268,309
225,268,309
225,268,309
225,268,309
225,268,309
225,268,309
225,268,309
225,268,309
225,268,309
225,268,309
225,268,309
225,268,309
225,268,309
225,268,309
225,268,309
225,268,309
225,268,309
226,268,309
226,268,309
226,268,309
226,268,309
226,268,310
226,268,310
226,268,310
226,268,310
226,268,310
226,268,310
226,268,310
226,268,310
226,268,310
226,268,310
226,268,310
226,268,310
226,268,310
226,268,310
226,268,310
227,268,310
227,268,310
227,268,310
227,268,310
227,268,310
227,268,310
227,268,310
227,268,310
227,268,310
227,268,310
227,268,310
227,268,310
227,268,310
227,268,310
227,268,310
227,268,310
227,268,310
227,268,310
227,268,310
227,268,310
227,268,310
227,268,310
227,268,310
227,268,310
227,268,310
227,268,310
227,268,310
227,268,310
227,269,310
227,269,310
227,269,310
227,269,310
227,269,310
227,269,310
227,269,310
227,269,310
227,269,310
227,269,310
227,269,310
227,269,310
227,269,310
227,269,310
227,269,310
227,269,310
227,269,310
227,269,310
227,269,310
227,269,310
227,269,310
227,269,310
228,269,310
228,269,310
228,269,310
228,269,311
228,269,311
228,269,311
228,269,311
228,269,311
228,269,311
228,269,311
228,269,311
228,269,311
228,269,311
228,269,311
228,269,311
228,269,311
228,269,311
228,269,311
228,269,311
228,269,311
228,269,311
228,269,311
228,269,311
228,269,311
228,269,311
228,269,311
228,269,311
228,269,311
228,269,311
228,269,311
228,269,311
229,269,311
229,269,311
229,269,311
229,269,311
230,269,311
230,269,311
230,269,311
230,269,311
230,269,311
231,269,311
231,269,311
231,269,311
231,269,311
231,269,311
232,269,311
232,269,311
232,269,311
232,269,311
233,269,311
233,269,311
233,269,311
233,269,311
233,269,311
233,269,311
233,269,311
233,269,311
233,269,311
233,269,311
233,269,311
233,269,311
233,269,311
233,269,312
233,269,312
233,269,312
233,269,312
233,269,312
234,269,312
234,269,312
234,269,312
234,270,312
234,270,312
234,270,312
234,270,312
234,270,312
234,270,312
234,270,312
234,270,312
234,270,312
234,270,312
234,270,312
234,270,312
234,270,312
235,270,312
235,270,312
235,270,312
235,270,312
235,270,312
235,270,312
235,270,312
235,270,312
235,270,312
235,270,312
235,270,312
235,270,312
235,270,312
235,270,312
235,270,312
235,270,312
235,270,312
235,270,312
235,270,312
235,270,312
236,270,312
236,270,312
236,271,312
236,271,312
236,271,312
236,271,312
236,271,312
236,271,312
236,271,312
236,271,312
236,271,312
236,271,312
236,271,312
236,271,312
236,271,312
237,271,312
237,271,312
237,271,312
237,271,312
237,271,312
237,271,312
237,272,312
237,272,312
237,272,312
237,272,312
237,272,313
237,272,313
237,272,313
237,272,313
237,272,313
237,272,313
237,272,313
237,272,313
237,272,313
237,272,313
237,272,313
237,272,313
237,272,313
237,272,313
237,272,313
237,272,313
237,272,313
237,272,313
237,272,313
237,272,313
237,272,313
238,272,313
238,272,313
238,273,313
238,273,313
238,273,313
238,273,313
238,273,313
238,273,313
238,273,313
238,273,313
239,273,313
239,273,313
239,273,313
239,273,313
239,273,313
239,273,313
239,273,313
239,273,313
239,273,313
239,273,313
239,273,313
239,273,313
239,273,313
240,273,313
240,273,313
240,273,313
240,273,313
240,273,313
240,273,313
240,273,313
240,273,313
240,273,313
240,273,313
240,273,313
240,273,313
240,273,313
240,273,313
240,273,313
240,273,313
240,273,313
240,273,313
240,273,313
240,273,313
240,273,313
240,273,313
241,273,313
241,273,313
241,273,313
241,273,313
241,273,313
241,273,313
241,273,313
241,273,313
241,273,313
241,273,313
241,273,313
241,273,313
241,273,313
241,273,313
241,273,314
241,273,314
241,273,314
241,273,314
241,273,314
241,273,314
241,273,314
241,273,314
241,273,314
241,273,314
241,273,314
241,273,314
241,273,314
241,273,314
241,273,314
241,273,314
241,273,314
241,273,314
241,273,314
241,273,314
241,273,314
242,273,314
242,273,314
242,273,314
242,273,314
242,273,314
242,273,314
242,274,314
242,274,314
242,274,314
242,274,314
242,274,314
242,274,314
242,274,314
242,274,314
242,274,314
242,274,314
242,274,314
242,274,314
242,274,314
242,274,314
242,274,314
242,274,314
242,274,314
242,274,314
242,274,314
242,274,314
242,274,314
242,274,314
242,274,314
242,274,314
242,274,314
242,274,314
242,275,314
243,275,314
243,275,314
243,275,314
243,275,314
243,275,314
243,275,314
243,275,314
243,275,314
243,275,314
243,275,314
243,275,314
243,275,314
243,275,314
243,275,314
243,275,314
243,275,314
243,275,314
243,275,314
243,275,314
243,275,314
243,275,314
243,275,314
243,275,314
243,275,314
243,275,314
243,275,314
243,275,314
243,275,314
243,275,314
243,275,314
243,275,314
244,275,314
244,275,314
244,275,314
244,275,314
244,275,314
244,275,314
244,275,314
244,275,314
244,275,314
244,275,314
244,275,314
244,275,314
244,275,314
244,275,314
244,275,314
244,275,314
244,275,314
244,275,314
244,275,314
244,276,314
244,276,314
244,276,314
244,276,314
244,276,314
244,276,314
244,276,314
244,276,314
244,276,314
244,276,314
244,276,314
244,276,314
244,276,315
244,276,315
244,276,315
244,276,315
245,276,315
245,276,315
245,276,315
245,276,315
245,276,315
245,276,315
245,276,315
245,276,315
245,276,315
245,276,315
245,276,315
245,276,315
245,276,315
245,276,315
245,276,315
245,276,315
245,276,315
245,276,315
245,276,315
246,276,315
246,276,315
246,276,315
246,276,315
246,276,315
246,276,315
246,276,315
246,276,315
246,276,315
246,276,315
246,276,315
246,276,315
246,276,315
246,276,315
246,276,315
246,276,315
246,277,315
246,277,315
246,278,315
246,278,315
247,278,315
247,278,315
247,278,315
247,278,315
247,278,315
247,278,315
247,278,315
247,278,315
247,278,315
247,278,315
247,278,315
247,278,315
247,278,315
247,278,315
247,278,315
247,279,315
247,279,315
247,279,315
247,279,315
247,279,315
247,279,315
247,280,315
247,280,315
247,280,316
247,280,316
247,280,316
247,280,316
247,280,316
247,280,316
247,280,316
247,280,316
247,280,316
247,280,316
247,280,316
247,280,316
247,280,316
247,280,316
247,280,316
247,280,316
247,280,316
247,280,316
247,280,316
247,280,316
247,280,316
247,280,316
247,280,316
247,280,316
247,280,316
247,280,316
247,280,316
247,280,316
247,280,316
247,280,316
248,280,316
248,280,316
248,280,316
248,280,316
248,280,316
248,280,316
248,280,316
248,280,316
248,280,316
248,280,316
248,280,316
248,280,316
248,280,316
248,280,316
248,280,316
248,280,316
248,280,316
248,280,316
248,280,316
248,280,316
248,280,316
248,280,316
248,280,316
248,280,316
248,280,316
248,280,316
248,280,316
248,280,316
248,280,316
248,280,316
248,280,316
248,280,316
248,280,316
248,280,316
248,280,316
248,280,316
248,280,316
248,280,316
248,280,316
248,280,316
248,280,316
248,280,316
248,280,316
248,280,316
248,280,316
248,280,316
248,280,316
248,280,316
248,280,316
248,280,316
248,280,316
248,280,316
248,280,316
248,280,316
248,280,316
248,280,316
248,280,316
248,280,316
249,280,316
249,281,316
249,281,316
249,281,316
249,281,316
249,281,316
249,281,316
249,281,316
249,281,316
249,281,316
249,281,316
249,281,316
249,281,316
249,281,316
249,281,316
249,281,316
249,281,316
249,281,316
249,281,316
249,281,316
249,281,317
249,281,317
249,281,317
249,281,317
249,281,317
249,281,317
249,281,317
249,281,317
249,281,317
249,281,317
249,281,317
249,281,317
250,281,317
250,281,317
250,281,317
250,281,317
250,281,317
250,281,317
250,281,317
250,281,317
250,281,317
250,281,317
250,281,317
250,281,317
250,281,317
250,281,317
250,281,317
250,281,317
250,281,317
250,281,317
250,281,317
250,281,317
250,281,317
250,281,317
250,281,317
250,281,317
250,281,317
250,281,317
250,281,317
250,281,317
250,281,317
250,281,317
250,281,317
250,281,317
250,282,317
250,282,317
250,282,317
250,282,317
250,282,317
250,282,317
250,282,317
250,282,317
250,282,317
250,282,317
250,282,317
250,282,317
250,282,317
250,282,317
250,282,317
250,282,317
250,282,317
250,282,317
250,282,317
250,282,317
250,282,317
250,282,317
250,282,317
250,282,317
250,282,317
250,282,317
250,282,317
250,282,317
250,282,317
250,282,317
250,282,317
250,282,317
250,282,317
250,282,317
250,282,317
250,282,317
250,282,317
250,282,317
250,282,317
250,282,317
250,282,317
250,282,317
250,282,317
250,282,317
250,282,317
250,282,317
250,282,317
250,282,317
250,282,317
250,282,317
250,282,317
250,282,317
250,282,317
250,282,318
250,282,318
250,282,318
251,282,318
251,282,318
251,282,318
251,282,318
251,282,318
251,282,318
251,282,318
251,282,318
251,282,318
251,282,318
251,282,318
251,282,318
251,282,318
251,282,318
251,282,318
251,282,318
251,282,318
251,283,318
251,283,318
251,283,318
251,283,318
251,283,318
251,283,318
251,283,318
251,283,318
251,283,318
251,283,318
251,283,318
251,283,318
251,283,318
251,283,318
251,283,318
251,283,318
251,283,318
251,283,318
251,283,318
251,283,318
251,283,318
251,283,318
251,283,318
251,283,318
251,283,318
251,283,318
251,283,318
251,283,318
251,283,318
251,283,318
251,283,318
251,283,318
251,283,318
251,283,318
251,283,318
251,283,318
251,283,318
252,283,318
252,283,318
252,283,318
252,283,318
252,283,318
252,283,319
252,283,319
252,283,319
252,283,319
252,283,319
252,284,319
252,284,319
252,284,319
252,284,319
252,284,319
252,284,319
252,284,319
252,284,319
252,284,319
252,284,319
252,284,319
252,284,319
252,284,319
252,284,319
252,284,319
252,284,319
252,284,319
252,284,319
252,284,319
252,284,319
252,284,319
252,284,319
252,284,319
252,284,319
252,285,319
252,285,319
252,285,319
252,285,319
252,285,319
252,285,319
252,285,319
253,285,319
253,285,319
253,285,319
253,285,319
253,285,319
253,285,319
253,285,319
253,285,319
253,285,319
253,285,319
253,285,319
253,285,319
253,285,319
253,285,319
253,285,319
253,285,319
253,285,319
253,285,319
253,285,319
253,285,319
253,285,319
253,285,319
253,285,319
253,286,319
253,286,319
253,286,319
253,287,319
253,287,319
253,287,319
253,287,319
253,287,319
253,287,319
253,287,319
253,287,319
253,287,319
253,287,319
253,287,319
253,287,319
253,287,319
253,287,319
253,287,319
253,287,319
253,287,319
253,287,319
253,287,319
253,287,319
253,287,319
253,287,319
253,287,319
253,287,319
253,287,319
253,287,319
253,287,319
253,287,319
253,287,319
253,287,319
253,287,319
253,287,319
253,287,319
253,287,319
253,287,319
254,287,319
254,287,319
254,287,319
254,287,319
254,287,319
254,287,319
254,287,319
254,287,319
254,287,319
254,287,319
254,287,319
254,287,319
254,287,319
254,287,319
254,287,319
254,287,319
254,287,319
254,287,319
254,287,319
254,287,320
254,287,320
254,287,320
254,287,320
254,287,320
254,287,320
254,287,320
254,287,320
254,287,320
254,287,320
254,287,320
254,287,320
254,287,320
254,287,320
254,287,320
254,287,320
254,287,320
254,287,320
254,287,320
254,287,320
254,287,320
254,287,320
254,287,320
254,287,320
254,287,320
254,287,320
254,287,320
254,287,320
254,287,320
254,287,320
254,287,320
254,287,320
254,287,320
254,287,320
254,287,320
254,287,320
254,287,320
254,287,320
254,287,320
254,287,320
254,287,320
254,287,320
254,287,320
254,287,320
254,287,320
254,287,320
254,287,320
254,287,320
254,287,320
254,287,320
254,287,320
254,287,320
254,287,320
254,287,320
254,288,320
255,288,320
255,288,320
255,288,320
255,288,320
255,288,320
255,288,320
255,288,320
255,288,320
255,288,320
255,288,320
255,288,320
255,288,321
255,288,321
255,288,321
255,288,321
255,288,321
255,288,321
255,288,321
255,288,321
255,288,321
255,288,321
255,288,321
255,288,321
255,288,321
255,288,321
255,288,321
255,288,321
255,288,321
255,288,321
255,288,321
255,288,321
255,288,321
255,288,321
256,288,321
256,288,321
256,288,321
256,288,321
256,288,321
256,288,321
256,288,321
256,288,321
256,288,321
256,288,321
256,288,321
256,288,321
256,288,321
256,288,321
256,288,321
256,288,321
256,288,322
256,288,322
256,288,322
256,288,322
256,288,322
256,288,322
256,288,322
256,288,322
256,288,322
256,288,322
256,288,322
256,288,322
256,288,322
256,288,322
256,288,322
256,288,322
256,288,322
256,288,322
256,288,322
256,288,322
256,288,322
256,288,322
256,288,322
256,288,322
256,288,322
256,288,322
256,288,322
256,288,322
256,288,322
256,288,322
256,288,322
256,288,322
256,288,322
256,288,322
256,288,322
256,288,322
256,288,322
256,288,322
256,288,322
256,288,322
256,288,322
256,288,322
256,288,322
256,288,322
256,288,322
256,288,322
256,288,322
256,288,322
256,288,322
256,288,322
256,288,322
256,288,322
256,288,322
256,288,322
256,288,322
256,288,322
257,288,322
257,288,322
257,288,322
257,288,322
257,288,322
257,288,322
257,288,322
257,288,322
257,288,322
257,288,322
257,288,322
257,288,322
257,288,322
257,288,322
257,288,322
257,288,322
257,288,322
257,288,322
257,288,322
257,288,322
257,288,322
257,288,322
257,288,322
257,288,322
257,288,322
257,288,322
257,288,322
257,288,322
257,288,322
257,288,322
257,288,322
257,288,322
257,289,322
257,289,322
257,289,322
257,289,322
257,289,322
257,289,322
257,289,322
257,289,322
257,289,322
257,289,322
257,289,322
257,289,322
257,289,322
257,290,322
258,290,322
258,290,322
258,290,322
258,290,322
258,290,322
258,290,322
258,290,322
258,290,322
258,290,322
258,290,322
258,290,322
258,290,322
258,290,322
258,290,322
258,290,322
258,290,322
258,290,322
258,290,322
258,290,322
258,290,322
258,290,322
258,290,322
258,290,322
258,290,322
258,290,322
258,290,322
258,290,322
258,290,322
258,290,322
258,290,322
258,290,322
258,290,322
258,290,322
258,290,322
258,290,322
258,290,322
258,291,322
258,291,322
258,291,322
258,291,323
258,291,323
258,291,323
258,291,323
258,291,323
258,291,323
258,291,323
258,291,323
258,291,323
258,291,323
258,291,323
258,291,323
258,291,323
258,291,323
258,291,323
258,291,323
259,291,323
259,291,323
259,291,323
259,291,323
259,291,323
259,291,323
259,291,323
259,291,323
259,291,323
259,291,323
259,291,323
259,291,323
259,291,323
259,291,323
259,291,323
259,291,323
259,291,323
259,291,323
259,291,323
259,291,323
259,291,323
259,291,323
259,291,323
259,291,323
259,291,323
259,291,323
259,291,323
259,291,323
259,291,323
259,291,323
259,291,323
259,292,323
259,292,323
259,292,323
259,292,323
259,292,323
259,292,323
259,292,323
259,292,323
259,292,323
259,292,323
259,292,323
259,292,323
259,292,323
259,292,323
259,292,323
259,292,323
259,292,323
259,292,323
259,292,323
259,292,323
259,292,323
259,292,323
259,292,323
259,292,323
259,292,323
259,292,323
259,292,323
259,292,323
259,292,323
259,292,323
259,292,323
259,292,323
259,292,323
259,292,323
259,292,323
259,292,323
259,292,323
259,292,323
259,292,323
259,292,323
259,292,323
259,292,323
259,292,323
259,292,323
259,292,323
259,292,323
259,292,323
259,292,323
259,292,323
259,292,323
259,292,323
259,292,323
259,292,323
259,292,323
259,292,324
259,292,324
259,292,324
259,292,324
259,292,324
259,292,324
259,292,324
259,292,324
259,292,324
259,292,324
259,292,324
259,292,324
259,292,324
259,292,324
259,292,324
259,293,324
259,293,324
259,293,324
259,293,324
259,293,324
259,293,324
259,293,324
259,293,324
259,293,324
259,293,324
259,293,324
259,293,324
259,293,324
259,293,324
259,293,324
259,293,324
259,293,324
259,293,324
259,293,324
259,293,324
259,293,324
259,293,324
259,293,324
259,293,324
259,293,324
259,293,324
260,293,324
260,293,324
260,293,324
260,293,324
260,293,324
260,293,324
260,293,324
260,293,324
260,293,324
260,293,324
260,293,324
260,293,324
260,293,324
260,293,324
260,293,324
260,293,324
260,293,324
260,293,324
260,293,324
260,293,324
260,293,324
260,293,324
260,293,324
260,293,324
260,293,324
260,293,324
260,293,324
260,293,324
260,293,324
260,293,324
260,294,324
260,294,324
260,294,324
260,294,324
260,294,324
260,294,324
260,294,324
260,294,324
260,294,324
260,294,324
260,294,324
260,294,324
260,294,324
260,294,324
261,294,324
261,294,324
261,294,324
261,294,324
261,294,324
261,294,324
261,294,324
261,294,324
261,294,325
261,294,325
261,294,325
261,294,325
261,294,325
261,294,325
261,294,325
261,294,325
261,294,325
261,294,325
261,294,325
261,294,325
261,294,325
261,294,325
261,294,325
261,294,325
261,294,325
261,294,325
261,294,325
261,294,325
261,294,325
261,294,325
261,294,325
261,294,325
261,294,325
261,294,325
261,294,325
261,294,325
261,294,325
261,295,325
262,295,325
262,295,325
262,295,325
262,295,325
262,295,325
262,295,325
262,295,325
262,295,325
262,295,325
262,295,325
262,295,325
262,295,325
262,295,325
262,295,325
262,295,325
262,295,325
262,295,325
262,295,325
262,295,325
262,295,325
262,295,325
262,295,325
262,295,325
262,295,325
262,295,325
262,295,325
262,295,325
262,295,325
262,295,325
262,295,325
262,295,325
262,295,325
262,295,325
262,295,325
262,295,325
262,295,325
262,295,325
262,295,325
262,295,325
262,295,325
262,295,325
262,295,325
262,296,325
262,296,325
262,296,325
262,296,325
262,296,325
263,296,325
263,296,325
263,296,325
263,296,325
263,296,325
263,296,325
263,296,325
263,296,325
263,296,325
263,296,325
263,296,326
263,296,326
263,296,326
263,296,326
263,296,326
263,296,326
263,296,326
263,296,326
263,296,326
263,296,326
263,296,326
263,296,326
263,296,326
263,296,326
263,296,326
263,296,326
263,296,326
263,296,326
263,296,326
263,296,326
263,296,326
263,296,326
263,296,326
263,296,326
263,296,326
263,296,326
263,296,326
263,296,326
263,296,326
263,296,326
263,296,327
263,296,327
263,296,327
263,296,327
263,296,327
263,296,327
263,296,327
263,296,327
263,296,327
263,296,327
263,296,327
263,296,327
263,296,327
263,296,327
263,296,327
263,296,327
263,296,327
263,296,327
263,296,327
263,296,327
263,296,327
263,296,327
263,296,327
263,296,327
263,296,327
263,296,327
263,296,327
263,296,327
264,296,327
264,296,327
264,296,327
264,296,327
264,296,327
264,296,327
264,296,327
264,296,328
264,296,328
264,296,328
264,296,328
264,296,328
264,296,328
264,296,328
264,296,328
264,296,328
264,296,328
264,296,328
264,296,328
264,296,328
264,296,328
264,296,328
264,296,328
264,296,328
264,296,328
264,296,328
264,296,328
264,296,328
264,296,328
264,296,328
264,296,328
264,296,328
264,296,328
264,296,328
264,296,329
264,296,329
264,296,329
264,296,329
264,296,329
264,296,329
264,296,329
264,296,329
264,296,329
264,296,329
265,296,329
265,296,329
265,296,329
265,296,329
265,296,329
265,296,329
265,296,329
265,296,329
265,296,329
265,296,329
265,296,329
265,296,329
265,296,329
265,296,329
265,296,329
265,296,329
265,296,329
265,296,329
265,296,329
265,296,329
265,296,329
265,296,329
265,296,329
265,296,329
265,296,329
265,296,329
265,296,329
265,297,329
265,297,329
265,297,329
265,297,329
265,297,329
265,297,329
265,297,329
265,297,329
265,297,329
265,297,329
265,297,329
265,297,329
265,297,329
265,297,329
265,297,329
265,297,329
265,297,329
265,297,329
265,297,329
265,297,329
265,297,329
265,297,329
265,297,329
265,297,330
265,297,330
265,297,330
265,297,330
265,297,330
265,297,330
265,297,330
265,297,330
266,297,330
266,297,330
266,297,330
266,297,330
266,297,330
266,297,330
266,297,330
266,297,330
266,297,330
266,297,330
266,297,330
266,297,330
266,297,330
266,297,330
266,297,331
266,297,331
266,297,331
266,297,331
266,297,331
266,297,331
266,297,332
266,297,332
266,297,332
266,297,332
266,297,332
266,297,332
266,297,332
266,297,332
266,297,332
266,297,332
266,297,332
266,297,332
266,297,332
266,297,332
266,297,333
266,297,333
266,297,333
266,297,333
266,297,333
266,297,333
266,298,333
266,298,333
266,298,333
266,298,333
266,298,333
266,298,333
266,298,333
266,298,333
266,298,333
266,298,333
266,298,333
266,298,333
266,298,333
266,298,334
266,298,334
266,298,334
266,298,334
266,298,334
266,298,334
266,298,335
266,298,335
266,298,335
266,298,335
266,298,335
266,298,335
266,298,335
266,298,335
266,298,335
266,298,335
267,298,335
267,298,335
267,298,336
267,298,336
267,299,336
267,299,336
267,299,336
267,299,336
267,299,336
267,299,336
267,299,337
267,299,337
267,299,337
267,299,337
267,299,337
267,299,337
267,299,338
267,299,339
267,299,339
267,299,339
267,299,339
267,300,339
267,300,339
267,300,340
267,300,340
267,300,340
267,300,340
267,300,340
267,300,340
267,301,344
267,301,344
267,301,
267,301,
267,301,
267,301,
267,301,
267,301,
267,301,
267,301,
267,301,
267,301,
267,301,
267,301,
267,301,
267,301,
267,301,
267,301,
267,301,
267,301,
267,301,
267,301,
267,301,
267,301,
267,301,
267,301,
267,301,
267,301,
267,301,
267,301,
267,301,
267,301,
267,301,
267,301,
267,301,
267,301,
267,301,
267,301,
267,301,
267,301,
267,301,
267,301,
267,301,
267,301,
267,301,
267,301,
267,301,
267,301,
267,301,
267,301,
267,301,
267,301,
267,301,
267,301,
267,301,
267,301,
267,301,
267,301,
267,301,
267,301,
267,301,
267,301,
267,301,
268,301,
268,301,
268,301,
268,301,
268,301,
268,302,
268,302,
268,302,
268,302,
268,302,
268,302,
268,302,
268,302,
268,302,
268,302,
268,302,
268,302,
268,302,
268,302,
268,302,
268,302,
268,302,
268,302,
268,302,
268,302,
268,302,
268,302,
268,302,
268,302,
268,302,
268,302,
268,302,
268,302,
268,302,
268,302,
268,302,
268,302,
268,302,
268,302,
268,302,
268,302,
268,302,
268,302,
268,302,
268,302,
268,303,
268,303,
269,303,
269,303,
269,303,
269,303,
269,303,
269,303,
269,303,
269,303,
269,303,
269,303,
269,303,
269,303,
269,303,
269,303,
269,303,
269,303,
269,303,
269,303,
269,303,
269,303,
269,303,
269,303,
269,303,
269,303,
269,303,
269,303,
269,303,
269,303,
269,303,
269,303,
269,303,
269,303,
269,303,
269,303,
269,303,
269,303,
269,303,
269,303,
269,303,
269,303,
269,303,
269,303,
269,303,
270,303,
270,304,
270,304,
270,304,
270,304,
270,304,
270,304,
270,304,
270,304,
270,304,
270,304,
270,304,
270,304,
270,304,
270,304,
270,304,
270,304,
270,304,
270,304,
270,304,
270,304,
270,304,
270,304,
270,304,
270,304,
270,304,
270,304,
270,304,
270,304,
270,304,
270,304,
270,304,
270,304,
270,304,
270,304,
270,304,
270,304,
270,304,
271,304,
271,304,
271,304,
271,304,
271,304,
271,304,
271,304,
271,304,
271,304,
271,304,
271,304,
271,304,
271,304,
271,304,
271,304,
271,304,
271,304,
271,304,
271,304,
271,304,
271,304,
271,304,
271,304,
271,304,
271,304,
271,304,
271,304,
271,304,
271,304,
271,304,
271,304,
271,304,
271,304,
271,304,
271,304,
271,304,
271,304,
271,304,
271,304,
271,304,
271,304,
271,304,
271,304,
271,304,
271,304,
271,304,
271,304,
271,304,
271,305,
271,305,
271,305,
271,305,
271,305,
271,305,
271,307,
271,307,
272,308,
272,308,
272,308,
272,308,
272,308,
272,308,
272,308,
272,308,
272,308,
272,308,
272,308,
272,308,
272,308,
272,308,
272,308,
272,308,
272,308,
272,308,
272,308,
272,308,
272,308,
272,308,
272,308,
272,308,
272,308,
272,308,
272,308,
272,309,
272,309,
272,309,
272,309,
272,309,
272,309,
272,309,
272,309,
273,309,
273,309,
273,309,
273,309,
273,309,
273,309,
273,309,
273,309,
273,309,
273,309,
273,309,
273,309,
273,309,
273,309,
273,309,
273,309,
273,310,
273,310,
273,310,
273,310,
273,310,
273,310,
273,310,
273,310,
273,310,
273,310,
273,310,
273,310,
273,310,
273,310,
273,310,
273,310,
273,311,
273,311,
273,311,
273,311,
273,311,
273,311,
273,311,
273,311,
273,311,
273,311,
273,311,
273,311,
273,311,
273,311,
273,311,
273,311,
273,311,
273,311,
273,311,
274,311,
274,311,
274,311,
274,311,
274,311,
274,311,
274,311,
274,312,
274,312,
274,312,
274,312,
274,312,
274,313,
274,313,
274,313,
275,313,
275,313,
275,313,
275,313,
275,313,
275,313,
275,313,
275,313,
276,313,
276,313,
276,313,
276,313,
276,313,
276,313,
276,313,
276,313,
276,313,
276,313,
276,313,
276,313,
276,313,
276,313,
276,314,
276,314,
276,314,
276,314,
276,314,
276,314,
276,314,
276,314,
276,314,
276,314,
276,314,
276,314,
276,314,
276,314,
276,314,
276,314,
276,314,
276,314,
276,314,
276,314,
277,314,
277,314,
277,314,
277,314,
277,314,
277,314,
277,314,
277,314,
277,314,
278,314,
278,314,
278,314,
278,314,
278,314,
278,314,
278,314,
278,314,
278,316,
278,316,
278,316,
278,316,
278,316,
278,317,
278,317,
278,317,
278,319,
278,319,
278,319,
278,319,
278,319,
278,319,
278,320,
278,320,
278,322,
278,323,
278,323,
278,323,
278,323,
278,323,
278,324,
279,325,
279,325,
279,325,
279,325,
279,325,
279,325,
279,325,
279,325,
279,325,
279,325,
279,325,
279,325,
279,333,
279,333,
279,333,
279,333,
279,333,
279,333,
279,340,
279,344,
279,344,
279,344,
279,344,
280,344,
280,344,
280,344,
280,344,
280,344,
280,344,
280,344,
280,344,
280,344,
280,344,
281,344,
281,344,
281,344,
282,344,
282,344,
282,344,
282,344,
282,344,
282,344,
282,344,
282,344,
282,344,
283,344,
283,344,
283,344,
283,344,
283,344,
283,344,
283,344,
284,344,
284,344,
284,344,
284,344,
284,344,
284,344,
284,344,
284,344,
285,344,
285,344,
285,344,
285,344,
285,344,
285,344,
285,344,
287,344,
287,344,
288,344,
290,344,
292,344,
