Wild Fall Chinook,Hatchery Fall Chinook,Hatchery Summer Steelhead,Hatchery Winter Steelhead,Hatchery Winter-Late Steelhead,Wild Coho,Hatchery Coho,Wild Chum
266,200,007,002,003,011,011,015
266,246,007,003,003,011,011,015
266,248,007,003,005,011,011,015
266,248,007,003,005,011,011,015
266,248,007,003,005,015,011,015
266,248,007,003,005,263,011,244
266,250,009,003,005,266,011,244
266,252,009,003,005,266,011,244
266,253,009,003,008,266,011,244
266,253,009,003,008,266,011,278
266,253,009,003,008,266,011,293
266,255,009,003,008,271,011,293
266,255,009,003,008,271,011,293
266,255,009,003,008,271,011,293
271,255,009,003,008,271,011,293
271,255,011,003,008,271,011,293
271,259,011,003,008,271,011,294
271,260,011,003,008,271,011,294
271,260,011,003,008,271,011,294
271,260,011,003,008,271,011,294
280,261,011,003,008,271,011,294
280,264,011,003,008,271,011,294
280,264,011,003,008,271,011,294
280,264,011,003,008,271,011,294
280,264,011,003,008,271,011,294
280,264,011,004,008,271,011,294
280,264,011,005,008,271,011,294
280,264,011,005,008,271,011,294
280,264,011,005,008,271,011,299
280,265,011,005,008,271,011,299
280,265,011,005,008,271,011,299
280,265,011,005,008,271,011,299
280,265,011,005,008,271,011,299
280,265,011,005,008,271,011,299
280,265,013,005,008,271,011,299
280,265,013,005,008,271,011,299
280,265,013,005,008,271,011,299
280,265,013,005,008,271,011,299
280,265,013,005,008,271,011,299
280,266,013,005,008,271,011,299
280,266,013,005,008,271,011,299
280,266,013,005,008,271,011,299
280,266,013,005,008,272,011,299
280,266,013,005,008,272,011,299
280,266,013,005,008,272,011,299
280,266,013,005,008,287,011,299
280,266,013,005,008,287,011,299
280,266,013,005,008,287,011,299
280,266,013,005,008,287,011,299
280,266,013,005,008,287,011,299
280,268,013,005,008,287,011,299
280,268,013,005,008,287,011,299
280,268,013,005,008,287,011,300
280,268,013,005,008,287,011,300
280,268,013,005,008,287,011,300
280,268,013,005,008,287,011,300
280,269,013,005,008,287,011,300
280,271,013,006,008,287,011,300
280,271,013,006,008,287,011,300
281,271,013,006,008,287,011,300
281,271,013,006,008,287,011,300
281,271,013,006,008,289,011,300
281,271,013,006,008,289,011,300
281,271,013,006,008,289,011,300
281,271,013,006,008,289,011,300
281,271,013,006,008,289,011,300
281,271,013,006,008,289,011,300
281,271,147,006,008,289,011,300
281,271,151,006,008,289,011,300
281,271,161,006,008,289,011,300
281,272,161,006,008,289,011,300
281,272,162,006,008,289,011,300
281,272,162,006,008,289,011,300
281,272,162,006,008,293,011,303
281,272,162,006,008,293,011,303
281,272,166,009,011,293,011,303
281,272,166,009,011,293,011,303
281,272,170,009,011,293,011,303
281,272,170,009,011,293,011,303
281,272,170,009,011,293,011,303
281,272,170,009,011,293,011,303
281,272,170,009,011,293,011,303
281,272,170,009,011,293,011,303
281,272,171,009,011,293,011,303
281,272,171,009,011,293,011,303
281,272,171,009,011,293,011,303
281,272,171,009,011,293,011,303
281,272,171,009,011,293,011,303
281,272,171,009,011,293,011,303
281,272,171,009,011,293,011,303
281,272,171,009,011,293,011,303
281,272,171,009,011,293,011,303
281,272,171,009,011,293,011,303
281,272,171,009,011,293,011,303
281,272,171,009,011,293,011,303
283,272,171,009,011,298,011,303
283,272,171,009,011,298,011,303
283,272,173,009,011,298,011,303
283,272,173,009,011,298,011,303
283,272,173,009,011,298,011,303
283,272,173,009,012,298,011,303
283,272,173,009,012,298,020,303
283,272,173,009,012,298,256,303
283,272,173,009,013,298,256,303
283,272,173,009,013,298,256,303
283,272,173,009,013,298,259,303
283,272,173,009,013,298,259,304
283,272,174,009,022,298,259,304
283,272,175,009,022,298,259,304
283,272,175,009,022,298,259,304
283,272,180,009,022,298,259,304
283,272,180,009,022,298,259,304
283,272,180,009,022,298,259,304
283,272,181,009,022,298,259,304
283,272,181,009,022,298,259,304
283,272,181,009,022,298,260,304
283,272,181,009,022,298,260,304
283,272,181,009,022,298,260,304
283,273,182,009,022,298,260,304
283,273,182,009,025,298,260,304
283,273,182,009,025,298,260,304
283,273,182,009,025,298,261,304
283,273,183,009,025,298,261,304
283,273,183,009,025,298,261,304
283,273,183,009,025,298,264,304
283,273,183,009,025,298,264,304
283,273,183,009,025,298,264,304
286,273,183,009,025,298,264,304
286,273,183,009,025,298,264,304
286,273,183,009,025,298,264,304
286,274,183,009,025,298,265,304
286,274,183,009,025,298,265,304
286,278,183,009,025,298,265,304
286,278,183,009,025,298,265,304
286,278,183,009,025,298,265,304
286,278,183,009,025,298,265,304
286,278,183,009,025,298,265,304
286,280,183,009,025,298,265,304
286,280,185,009,025,298,265,304
286,280,185,009,025,298,265,304
286,280,185,009,025,298,265,304
286,280,185,009,025,298,265,304
286,280,185,009,025,298,266,304
286,280,185,009,025,298,266,304
286,280,185,009,025,298,266,304
286,280,185,009,025,299,266,304
286,280,185,009,025,299,266,304
286,280,185,009,025,299,266,304
286,280,185,009,025,299,266,304
286,280,185,009,025,299,266,304
286,280,185,009,025,299,266,304
286,280,185,009,032,299,266,304
286,280,185,009,032,299,266,304
286,280,185,009,032,299,268,304
286,280,185,010,032,299,268,304
286,280,185,010,032,299,268,304
286,280,187,010,032,299,268,304
286,280,187,010,032,299,268,304
286,280,187,010,032,299,270,304
286,280,187,010,032,299,270,304
286,280,188,010,032,299,270,304
286,280,188,010,032,299,270,304
286,280,189,010,032,299,270,304
286,280,189,010,032,299,270,304
286,280,189,010,032,299,270,304
286,280,189,010,032,299,270,304
286,281,192,010,032,299,270,304
286,281,192,010,032,299,271,304
286,281,192,013,032,299,271,304
286,281,192,013,032,299,271,304
286,281,192,013,032,299,271,304
286,281,192,013,032,299,271,304
286,281,192,013,032,299,271,304
286,281,194,013,032,299,271,304
286,281,194,013,032,299,271,304
286,281,194,013,032,299,271,304
286,281,194,013,032,299,271,304
286,281,194,013,032,299,271,304
286,281,194,013,032,299,271,304
286,281,194,013,034,301,271,304
286,281,196,013,034,301,271,304
286,281,196,013,034,301,272,304
286,281,196,014,034,301,272,304
286,281,196,014,034,301,272,304
286,281,196,014,034,301,272,304
286,281,196,014,034,302,272,304
286,281,196,014,034,302,272,305
286,281,196,014,034,302,272,305
286,281,196,015,034,302,272,305
286,281,197,015,034,302,272,305
287,281,197,015,034,302,272,305
287,281,197,015,034,302,272,305
287,281,197,015,034,302,272,305
287,281,197,015,034,302,272,305
287,281,197,015,034,302,272,305
287,281,197,015,034,302,272,305
287,281,197,015,034,302,272,305
287,281,197,016,034,302,272,305
287,281,197,016,036,302,272,305
287,281,197,016,036,302,272,305
287,281,197,016,036,302,272,305
287,281,197,016,036,302,272,305
287,281,197,016,036,302,272,305
287,281,197,016,036,302,272,305
287,281,199,016,036,302,272,305
287,281,201,016,036,302,272,305
287,282,201,016,037,302,272,305
287,282,201,016,037,302,272,305
287,282,201,017,037,302,272,305
287,282,201,017,037,302,272,305
287,282,201,017,037,302,272,305
287,282,201,017,037,302,272,305
287,282,201,017,037,302,272,306
287,282,201,017,037,302,272,306
287,282,204,017,037,302,272,306
287,282,204,017,037,302,272,306
287,282,204,017,037,302,272,306
287,282,204,017,037,302,272,306
287,282,204,018,037,302,272,306
287,282,204,018,037,302,272,306
287,282,204,018,037,302,272,306
287,282,204,019,037,302,272,306
287,282,204,019,037,302,272,306
287,282,204,019,037,302,272,306
287,282,205,019,037,302,272,306
287,282,205,019,037,304,272,306
287,282,206,019,037,304,272,306
287,282,206,020,037,304,272,306
287,282,206,020,037,304,272,306
287,282,206,020,037,304,273,306
287,283,206,020,037,304,273,306
287,283,206,020,038,304,273,306
287,283,206,020,038,304,273,306
287,283,206,020,038,304,273,306
287,283,206,020,038,304,273,306
287,283,206,020,038,304,273,306
287,283,206,020,038,304,273,306
287,283,206,020,038,304,273,306
287,283,206,020,038,304,273,306
287,283,206,020,038,304,273,306
287,283,206,020,038,304,273,306
288,283,206,020,038,304,273,306
288,283,206,020,038,304,276,306
288,283,207,020,038,304,276,306
288,283,207,020,038,304,276,306
288,283,207,020,038,305,276,306
288,283,207,020,038,305,276,306
288,283,207,020,038,305,276,306
288,283,207,020,038,305,276,306
288,283,208,020,038,305,276,306
288,283,208,020,038,305,276,306
288,283,212,020,038,305,276,306
288,283,212,020,038,305,276,306
288,283,212,020,038,305,276,306
288,283,212,020,038,305,276,306
288,283,212,020,038,305,276,306
289,283,212,020,038,305,276,306
289,283,212,020,038,305,276,306
289,283,215,020,038,305,276,306
289,283,215,020,038,305,276,306
289,283,215,020,038,305,277,306
289,283,215,020,038,305,277,306
289,283,215,020,038,306,277,306
289,283,215,020,038,306,277,306
289,283,215,020,039,306,277,306
289,283,215,020,040,306,277,306
289,283,215,020,040,306,277,306
289,283,215,020,040,306,277,306
289,283,215,020,040,306,277,306
289,283,215,020,040,306,277,306
289,283,215,020,045,306,279,306
289,283,218,020,045,306,279,306
289,283,218,020,045,306,279,306
289,283,218,020,045,306,279,306
289,283,218,020,045,306,279,306
289,283,218,020,045,306,279,306
289,283,219,020,045,306,279,306
289,283,219,020,045,306,279,306
289,283,219,020,045,306,279,306
289,283,219,020,045,306,279,306
289,283,219,020,045,306,280,306
289,283,219,020,045,306,280,306
289,283,219,020,045,306,280,306
289,283,219,020,045,306,280,306
289,283,219,020,045,306,280,306
289,283,219,020,045,306,280,306
289,283,219,020,045,306,280,306
289,283,222,020,045,306,280,306
289,283,222,020,045,306,280,306
289,283,222,020,045,306,280,306
289,283,222,020,045,306,281,306
289,283,222,020,045,306,281,306
289,283,222,020,045,306,281,306
289,283,222,020,045,306,281,306
289,284,222,020,045,306,281,306
289,284,223,020,045,306,281,306
289,284,223,020,045,307,281,306
289,284,223,020,045,307,281,306
289,284,223,020,045,307,281,306
289,285,223,020,045,307,281,306
289,285,223,020,045,307,281,306
289,285,223,020,045,307,281,306
289,285,223,020,045,307,281,306
289,285,223,020,045,307,281,306
289,285,223,020,045,307,281,307
289,285,223,020,045,307,281,307
289,285,223,020,045,307,281,307
289,285,224,020,045,307,281,307
289,285,224,020,045,307,281,307
289,285,224,020,045,307,281,307
289,285,224,020,045,307,281,307
289,285,224,021,045,307,281,307
289,285,224,021,045,307,281,307
289,285,224,021,045,307,281,307
289,286,224,021,045,307,281,307
289,286,224,021,045,307,281,307
289,286,224,021,045,308,281,307
289,286,224,021,045,308,281,307
289,286,224,022,045,308,281,307
289,286,224,022,045,308,281,307
289,286,224,022,045,308,281,307
289,286,224,023,045,308,281,307
289,286,224,023,046,308,281,307
289,286,224,023,046,308,281,307
289,286,224,024,046,308,281,307
289,286,225,024,046,308,281,307
289,286,225,024,046,308,281,307
289,286,225,024,046,308,281,307
289,286,225,024,046,308,281,307
289,286,225,024,046,308,281,307
289,286,225,024,046,308,281,307
289,286,225,024,046,308,281,307
289,286,225,024,048,309,281,307
289,286,225,024,048,309,281,307
289,286,225,024,048,309,281,307
289,286,225,024,048,309,282,307
289,286,225,024,048,309,282,307
289,286,225,024,048,309,282,307
289,286,225,024,048,309,282,307
289,286,225,024,048,309,282,307
289,286,225,024,048,309,282,307
289,286,225,024,048,309,282,307
289,286,225,024,048,309,282,307
289,286,225,025,048,309,282,307
289,286,225,025,048,309,282,307
289,286,230,025,048,309,282,307
289,286,230,025,048,309,282,307
289,286,230,025,048,309,282,307
289,286,230,025,048,309,282,307
289,286,230,025,048,309,282,307
289,286,230,025,048,309,282,307
289,286,230,025,048,309,282,307
289,286,230,025,048,309,282,307
289,286,230,025,048,311,282,307
289,286,230,025,048,311,283,307
289,286,230,025,048,311,283,307
292,286,230,025,048,311,283,307
292,286,230,025,048,311,283,307
292,286,230,025,048,311,283,307
292,286,230,025,048,311,283,307
292,286,230,025,048,311,283,307
292,286,230,025,048,311,283,307
292,286,230,027,048,311,283,307
292,286,230,027,048,311,283,307
292,286,230,027,048,311,283,307
292,286,230,027,048,311,283,307
292,286,230,027,048,311,283,308
292,286,230,027,048,311,283,308
292,286,230,027,048,311,283,308
292,286,230,027,048,311,283,308
292,286,230,027,048,311,283,308
292,286,230,027,048,311,283,308
292,286,230,027,048,311,283,308
292,286,230,027,048,311,283,308
292,286,230,027,048,311,283,308
292,286,230,027,048,311,283,308
292,286,231,027,048,311,283,308
292,286,231,027,048,311,283,308
292,286,231,027,048,312,283,308
292,286,231,027,048,312,283,308
292,286,232,027,048,312,283,308
292,286,232,027,048,312,283,309
292,286,232,027,048,312,283,309
292,286,232,027,048,312,283,309
292,286,232,027,048,312,283,309
292,286,232,027,048,312,283,309
292,286,232,027,048,312,283,309
293,286,232,027,048,312,283,309
293,286,232,027,048,312,283,309
293,286,232,027,053,312,283,309
293,286,232,027,053,312,283,309
293,286,232,027,053,312,283,309
293,286,232,027,053,314,283,309
293,286,233,027,053,314,283,309
293,286,233,027,053,314,283,309
293,287,233,027,053,314,283,309
293,287,233,027,053,314,283,309
293,287,233,027,053,314,283,309
293,287,233,027,053,314,283,309
293,287,233,027,053,314,283,309
293,287,233,027,053,314,283,309
293,287,233,027,053,314,283,309
293,287,233,027,053,314,283,309
293,287,233,027,053,314,285,309
293,287,233,027,053,314,285,309
293,287,233,027,053,314,285,309
293,287,233,027,053,314,285,309
293,287,233,027,053,314,285,309
293,287,233,027,053,314,285,309
293,287,233,027,053,314,285,309
293,287,233,027,053,314,285,309
293,287,233,027,053,314,285,309
293,287,233,027,053,314,285,309
293,287,233,027,053,314,285,309
293,287,233,027,053,314,285,309
293,287,234,027,053,314,285,309
293,287,234,027,053,314,285,309
293,287,234,027,053,314,286,309
293,287,234,027,053,314,286,309
293,287,234,030,053,314,286,309
293,287,234,030,053,314,286,309
293,287,234,030,053,314,286,309
293,287,234,030,054,314,286,309
293,287,234,030,054,314,286,309
293,287,235,030,054,314,286,309
293,287,235,030,054,314,286,309
293,287,235,030,054,314,286,309
293,287,235,030,054,314,286,309
293,287,235,030,054,314,286,309
293,287,235,030,054,314,286,309
293,287,235,030,054,314,286,309
293,287,235,030,054,314,286,309
293,287,235,030,054,314,286,309
293,287,235,030,054,314,286,309
293,287,235,030,054,314,286,309
293,287,236,030,054,314,286,309
293,287,236,030,054,314,286,309
293,287,236,030,054,314,286,309
293,287,237,031,054,314,286,309
293,287,237,031,054,314,286,309
293,287,237,031,054,314,286,309
293,287,237,031,054,314,286,309
293,287,237,031,054,314,286,309
293,287,237,031,054,314,286,309
293,287,237,031,054,314,286,309
293,287,237,031,054,314,286,309
293,287,237,031,054,314,286,309
293,287,237,031,054,314,286,309
293,287,237,031,054,314,286,309
293,287,237,031,054,314,286,309
293,287,237,031,054,314,286,309
293,287,237,031,054,314,286,309
293,287,237,031,054,314,286,309
293,287,237,031,054,314,286,309
293,287,237,031,054,314,286,309
293,287,237,031,055,314,286,309
293,287,237,031,055,314,286,309
293,287,237,031,055,314,286,309
293,287,237,031,055,315,286,309
293,287,237,031,055,315,286,309
293,287,237,031,055,315,286,309
293,287,237,032,055,315,286,309
293,287,237,032,055,315,286,309
293,287,237,032,061,315,286,309
293,287,237,032,061,316,286,309
293,287,237,032,061,316,286,309
293,287,237,032,062,316,286,309
293,287,237,032,062,316,286,309
293,287,237,032,062,316,286,309
293,287,237,032,062,316,286,309
293,287,237,032,062,316,286,309
293,287,237,032,062,316,286,309
293,287,237,032,062,316,286,309
293,287,237,032,062,316,286,309
294,287,237,032,062,316,286,309
294,287,237,032,062,316,286,309
294,287,237,032,062,316,286,309
294,287,237,032,062,316,286,309
294,287,237,032,062,316,286,309
294,287,237,032,062,316,286,309
294,287,237,032,062,316,286,309
294,287,237,033,062,316,286,310
294,287,237,033,062,316,286,310
294,287,237,033,062,316,286,310
294,288,237,033,062,316,286,310
294,288,239,033,062,316,286,310
294,288,242,033,062,317,286,310
294,288,242,033,062,317,286,310
295,288,242,033,062,317,286,310
295,288,242,033,062,317,286,310
295,288,242,033,066,317,286,310
295,288,242,033,066,317,286,310
295,288,242,033,066,317,286,310
295,288,242,033,066,317,286,310
295,288,242,033,066,317,286,310
295,288,242,033,066,317,286,310
295,288,242,033,066,317,286,310
295,288,242,036,066,317,286,310
295,288,242,036,066,317,286,310
297,288,242,036,066,317,286,310
297,288,242,036,066,317,286,310
297,288,242,036,066,317,286,310
297,288,242,037,066,317,286,310
297,288,243,037,066,317,286,310
297,288,243,037,067,317,286,310
297,288,243,037,067,317,286,310
297,288,243,037,067,317,286,310
297,288,243,037,067,317,286,310
297,288,243,038,068,317,286,310
297,288,243,038,068,317,286,310
297,288,243,038,068,317,286,310
297,288,243,038,068,317,287,310
297,288,243,038,068,317,287,310
297,288,243,042,068,317,287,310
297,288,243,042,068,317,287,310
297,288,243,042,068,317,287,310
297,288,243,042,068,317,287,310
297,289,243,042,068,317,287,310
297,289,243,042,068,317,287,310
297,289,243,042,068,317,287,310
297,289,243,042,068,317,287,310
297,289,243,042,068,317,287,310
297,289,243,042,068,318,287,310
297,289,243,042,069,318,287,310
298,289,243,042,069,318,287,310
298,289,243,042,069,318,287,310
298,289,243,042,069,318,287,310
298,289,243,042,069,318,287,310
298,289,243,042,069,318,287,310
298,289,243,042,069,318,287,310
298,289,243,042,069,318,287,310
298,289,243,042,069,318,287,310
298,289,243,044,069,318,287,310
298,289,243,044,069,318,287,310
298,289,243,046,069,318,287,310
298,289,243,046,070,318,287,310
298,289,243,046,070,318,287,310
298,289,243,046,070,318,287,310
298,289,243,048,070,318,287,310
298,289,243,048,070,318,287,310
298,289,243,048,070,318,287,310
298,289,243,049,070,318,287,310
298,289,243,049,070,318,287,310
298,289,243,049,070,318,287,310
298,289,243,049,070,318,287,310
298,289,243,049,070,318,287,310
298,289,243,049,070,318,287,310
298,289,243,049,070,318,287,310
298,290,243,049,070,318,287,310
298,290,243,049,070,318,287,310
298,290,243,049,071,318,287,310
298,290,243,049,071,318,287,310
298,290,243,051,071,318,287,310
298,290,243,051,071,318,287,310
298,290,243,051,071,318,287,310
298,290,243,051,071,318,287,310
298,290,243,052,071,318,287,310
298,290,243,052,071,318,288,310
298,290,243,052,071,318,288,310
299,290,243,053,071,318,288,310
299,290,243,053,071,318,288,310
299,290,243,054,071,318,288,310
299,290,243,054,071,318,288,310
299,290,243,054,071,318,288,310
299,290,243,054,071,318,288,310
299,290,243,054,071,318,288,310
299,290,243,054,071,318,288,310
299,290,243,055,071,318,288,310
299,290,243,055,071,318,288,310
299,290,243,055,071,318,288,310
299,290,243,055,075,318,288,310
299,290,243,055,075,318,289,310
299,290,243,055,075,318,289,310
299,290,243,055,076,318,289,310
299,290,243,055,076,318,289,310
299,290,243,055,076,318,289,310
299,290,243,055,076,318,289,310
299,290,243,055,081,318,289,310
299,290,243,055,081,318,289,310
299,290,243,056,081,318,289,310
299,290,243,056,081,318,289,310
299,290,243,056,081,318,289,310
299,290,243,056,081,318,289,310
299,290,243,056,081,318,289,310
299,290,243,056,081,318,289,310
299,290,243,057,081,318,289,310
299,290,243,057,081,318,289,310
299,290,243,057,081,318,289,310
299,290,243,057,081,318,289,310
299,290,243,057,081,318,289,310
299,290,243,057,081,318,289,310
299,290,243,057,081,318,289,310
299,290,243,057,081,318,289,310
299,290,243,057,081,318,289,310
299,290,243,057,081,318,289,310
299,290,243,057,081,318,289,310
299,290,243,057,081,318,289,310
299,290,243,057,081,318,289,310
299,290,243,058,081,318,289,310
299,290,243,058,081,318,289,310
299,290,243,060,081,318,289,310
299,290,243,060,081,318,289,310
299,290,243,060,081,318,289,310
299,290,243,060,081,318,289,310
299,290,243,060,081,318,289,310
299,290,243,060,082,318,289,310
299,290,243,060,082,318,289,310
299,290,243,060,082,318,289,310
299,290,243,060,082,318,289,310
299,290,243,060,082,318,289,310
299,290,243,060,082,318,289,310
299,290,243,060,082,318,289,310
299,290,243,060,082,318,289,310
299,290,243,060,082,318,289,310
299,290,243,060,082,318,289,310
299,290,243,060,082,318,289,310
299,290,243,060,082,318,289,310
299,290,243,061,082,318,289,311
299,290,243,061,082,318,289,311
299,290,243,062,082,318,289,311
299,290,244,062,082,318,289,311
299,290,244,062,082,318,289,311
299,290,244,062,082,318,289,311
299,290,244,062,082,318,289,311
299,290,244,062,082,318,289,311
299,290,244,062,082,318,290,311
299,290,244,062,082,318,290,311
299,290,244,062,082,318,290,311
299,290,244,062,082,318,290,311
299,290,244,062,082,318,290,311
299,290,244,062,082,318,290,311
299,290,244,062,082,318,290,311
299,290,244,064,082,318,290,311
299,290,244,064,082,318,290,311
299,290,244,064,082,318,290,311
299,290,244,064,082,318,290,311
299,290,244,064,082,318,290,311
299,290,244,064,082,318,290,311
299,290,244,064,082,318,290,311
299,290,244,064,082,318,292,311
299,290,244,064,082,318,292,311
299,290,244,064,082,318,292,311
299,290,244,064,082,318,292,311
299,290,244,065,082,318,292,311
299,290,244,065,082,318,292,311
299,290,244,065,082,318,292,311
299,290,244,065,082,318,292,311
299,290,244,067,082,318,292,311
299,290,244,067,082,321,292,311
299,290,244,067,082,321,292,311
299,290,244,067,082,321,292,311
299,290,244,067,082,321,293,311
299,290,244,067,082,321,293,311
299,292,244,067,084,321,293,311
299,292,245,067,084,321,293,311
299,292,245,067,084,321,293,311
299,292,245,067,084,321,293,311
299,292,245,067,084,321,293,311
299,292,245,067,084,321,293,311
299,292,245,070,084,321,293,311
299,292,245,070,084,321,293,311
299,292,245,070,084,321,293,311
299,292,245,070,084,321,293,311
299,292,245,070,084,321,293,311
299,292,246,070,084,321,293,311
299,292,246,071,084,321,293,311
299,292,246,071,084,321,293,311
299,292,246,071,084,321,293,311
299,292,246,072,084,321,293,311
299,292,246,072,084,321,293,311
299,292,246,072,084,321,293,311
299,292,246,075,084,321,293,311
299,292,246,075,084,321,293,311
299,292,246,075,084,321,293,311
299,292,246,075,084,321,293,311
299,292,246,075,084,321,293,311
299,292,246,075,084,321,293,311
299,292,246,079,084,321,293,311
299,292,246,079,084,321,293,311
299,292,246,079,084,321,293,311
299,292,246,083,084,321,293,311
299,292,246,083,084,321,293,311
299,292,246,083,084,321,293,311
299,292,246,084,084,321,293,311
299,292,246,084,084,321,293,311
299,292,246,292,084,321,293,311
299,292,246,292,084,321,294,311
300,292,246,295,084,321,294,311
300,292,246,295,084,321,294,311
300,292,246,295,084,321,294,311
300,292,246,295,084,321,294,311
300,292,246,295,084,321,294,311
300,292,246,295,084,321,294,311
300,292,246,295,084,321,294,311
300,292,247,295,084,321,294,311
300,292,247,295,084,321,294,311
300,292,247,295,084,321,294,311
300,292,247,300,084,321,294,311
300,292,247,300,084,321,294,311
300,292,247,300,084,321,294,311
300,292,247,300,084,321,294,311
300,292,247,300,084,321,294,311
300,292,247,300,084,321,294,311
300,292,247,300,084,321,294,311
300,292,247,308,084,321,294,311
300,292,247,308,084,321,294,311
300,292,247,308,084,321,294,311
300,292,247,308,084,321,294,311
300,292,247,308,084,321,294,311
300,292,247,308,084,321,294,312
300,292,247,309,089,322,294,312
300,292,247,309,089,322,294,312
300,292,247,309,089,322,294,312
300,292,247,309,089,322,294,312
300,292,247,309,089,322,294,313
300,292,247,309,089,322,294,313
300,292,247,309,089,322,294,313
300,292,247,309,089,322,294,313
300,292,247,309,089,322,294,313
300,292,247,309,089,322,294,313
300,292,247,309,089,322,294,313
300,292,247,309,089,322,294,313
300,292,247,309,089,322,294,313
300,292,247,309,089,322,294,313
300,292,247,309,089,322,294,313
300,292,247,311,089,322,294,313
300,292,247,311,089,322,295,313
300,292,247,311,089,322,295,313
300,292,247,311,089,322,295,313
300,292,248,311,089,322,295,313
300,292,248,313,089,322,295,313
300,292,248,314,089,322,295,313
300,292,249,314,089,322,295,313
300,292,249,314,089,322,295,313
300,292,249,314,089,322,295,313
300,292,249,314,089,322,295,313
300,292,249,314,089,322,295,313
300,292,249,314,089,322,295,313
300,292,249,314,089,322,296,313
300,292,249,316,089,322,296,313
300,292,249,316,089,322,296,313
300,292,249,316,089,322,296,313
300,292,249,316,123,322,296,313
300,292,249,316,123,322,296,313
300,292,249,316,123,322,296,313
300,292,250,316,123,322,297,313
300,292,250,316,123,322,297,313
300,292,250,316,123,322,297,313
300,292,251,316,123,322,297,313
300,293,251,316,123,322,297,313
300,293,251,316,123,322,297,313
300,293,251,316,123,322,297,313
300,293,251,316,123,322,297,313
300,293,251,316,123,322,297,313
300,293,251,316,123,322,297,313
300,293,251,316,123,322,297,313
300,293,251,316,123,322,297,313
300,293,251,316,123,322,297,313
300,293,251,316,123,322,297,313
300,293,251,316,123,322,297,313
300,293,251,316,123,322,297,313
300,293,251,316,123,322,297,313
300,293,251,316,123,322,297,313
300,293,251,316,123,322,297,313
300,293,251,316,123,322,297,313
301,293,251,316,123,322,297,313
301,293,251,316,123,322,297,313
301,293,251,316,123,322,297,313
301,293,251,316,123,322,297,313
301,293,251,316,123,322,297,313
301,293,251,316,123,322,297,313
301,293,251,316,123,322,297,313
301,293,251,318,123,322,297,313
301,293,251,318,123,322,297,313
301,293,251,318,123,322,297,313
301,293,251,318,329,322,297,313
301,293,251,318,329,322,297,313
301,293,251,318,329,322,297,313
301,293,251,318,329,322,297,313
301,293,251,318,329,322,297,313
301,293,251,318,329,322,297,313
301,293,251,318,329,322,297,313
301,293,251,318,329,322,297,313
301,293,251,318,329,322,297,313
301,293,251,318,329,322,297,313
301,293,251,318,329,322,297,313
301,293,251,318,329,322,297,313
301,293,251,318,329,322,297,313
301,293,251,318,329,322,297,313
301,293,251,318,329,322,297,313
301,293,251,318,329,322,297,314
301,293,251,318,329,322,297,314
301,293,251,318,329,322,297,314
301,293,251,318,329,322,297,314
301,293,251,318,329,322,297,314
301,293,251,318,329,322,297,314
301,293,251,318,329,323,297,314
301,293,251,318,329,323,297,314
301,293,251,318,329,323,297,314
301,293,251,318,329,323,297,314
301,293,251,318,329,323,297,314
301,293,251,318,329,323,297,314
301,293,251,318,329,323,297,314
301,293,251,318,329,323,297,314
301,293,251,318,329,323,297,314
301,293,251,320,329,323,297,314
301,293,251,320,329,323,297,314
301,293,251,323,329,323,297,314
301,293,251,323,329,323,297,314
301,293,251,323,329,323,297,314
301,293,251,323,329,323,297,314
301,293,251,323,329,323,297,314
301,293,251,323,329,324,297,314
301,293,251,323,329,324,298,314
301,293,251,323,329,324,298,314
301,293,251,323,329,324,298,314
301,293,252,323,329,324,298,314
301,293,252,323,329,324,298,314
301,293,252,323,329,324,298,314
301,293,252,323,329,324,298,314
301,293,252,323,329,324,298,315
301,293,252,323,329,324,298,315
301,293,252,323,329,324,298,315
301,293,252,323,329,324,298,315
301,293,252,323,329,324,298,315
301,293,252,323,329,324,298,315
301,293,252,323,329,324,298,315
301,293,252,323,329,324,298,315
301,293,252,323,329,324,298,315
301,293,252,323,329,324,298,315
301,293,252,323,329,324,298,315
302,293,252,323,329,324,298,315
302,293,252,323,329,324,298,315
302,293,252,323,329,324,298,315
302,293,252,323,329,324,298,315
302,293,252,323,329,324,298,315
302,293,252,323,329,324,298,315
302,293,252,323,329,324,298,315
302,293,252,323,329,324,298,315
302,293,252,323,329,324,298,315
304,293,252,323,329,324,298,315
304,293,252,323,329,324,298,315
304,293,252,323,329,324,298,316
304,293,252,323,329,324,298,316
304,293,252,323,329,324,298,316
304,293,252,323,329,324,298,316
304,293,252,323,329,324,298,316
304,293,252,323,329,324,298,316
304,293,252,323,329,324,298,316
304,293,252,323,329,324,298,316
304,293,252,323,329,324,298,316
304,293,252,323,329,324,298,316
304,293,252,323,329,324,298,316
304,293,252,323,329,324,298,316
304,293,252,323,329,324,298,316
304,294,252,323,329,324,298,316
304,294,252,323,329,324,298,316
304,294,252,323,329,324,298,316
304,294,252,323,329,324,298,316
304,294,252,323,329,324,298,316
304,294,252,323,329,324,298,316
304,294,252,323,329,324,298,316
304,294,252,323,329,324,298,316
304,294,252,323,329,324,298,316
304,294,252,323,329,324,298,316
304,294,252,323,329,324,298,316
304,294,252,323,329,324,298,316
304,294,252,323,329,324,298,316
304,294,252,323,329,328,298,316
304,294,252,323,329,328,298,316
304,294,252,323,329,328,298,316
304,294,252,323,329,328,298,316
304,294,252,323,329,328,298,316
304,294,252,323,329,328,298,316
304,294,252,323,329,328,298,316
304,294,252,323,332,328,298,316
304,294,252,323,332,328,298,316
304,294,252,323,332,328,298,316
304,294,252,323,332,328,298,316
304,294,252,323,332,328,298,316
304,294,252,323,332,328,298,316
304,294,252,323,332,328,298,316
304,294,252,323,332,328,298,316
304,294,252,323,332,328,298,316
304,294,252,323,332,328,298,316
304,294,252,323,332,328,299,316
304,294,252,323,332,328,299,316
304,294,253,323,332,328,299,316
304,294,253,324,332,328,299,316
304,294,253,324,332,328,299,316
304,294,253,324,332,328,299,316
304,294,253,324,332,328,299,316
304,294,253,324,332,328,299,316
304,294,253,324,332,328,299,316
305,294,253,324,332,328,299,316
305,294,253,324,340,328,299,316
305,294,253,324,340,328,299,316
305,294,253,324,340,328,299,316
305,294,253,324,340,328,299,316
305,294,253,324,340,328,299,316
306,294,253,328,340,328,299,316
306,294,253,331,340,328,299,316
306,294,253,331,340,328,299,316
306,294,253,331,340,328,299,316
306,294,253,332,340,328,299,316
306,294,253,332,340,328,299,316
306,294,253,332,340,328,299,316
306,294,253,332,340,328,299,316
306,294,253,332,340,328,299,316
306,294,253,332,340,328,299,316
306,294,253,332,340,328,299,316
306,294,253,333,340,328,299,316
306,294,253,333,340,328,299,316
306,294,253,333,340,328,299,316
306,294,253,333,340,328,299,316
306,294,253,333,340,328,299,316
306,294,253,333,340,328,299,316
306,294,253,337,340,328,299,316
306,294,253,337,340,328,299,316
306,294,253,337,340,328,299,316
306,294,253,337,340,328,299,316
306,294,253,337,340,328,299,316
306,294,253,337,340,328,300,316
306,294,253,337,340,328,300,316
306,294,253,337,340,328,300,316
306,294,253,337,340,328,300,316
306,294,253,337,340,328,300,316
307,294,253,337,340,328,300,316
307,294,253,337,340,328,300,316
307,294,253,337,340,328,300,316
307,294,253,337,340,328,300,316
307,294,253,337,340,328,300,316
307,294,253,338,340,328,300,316
307,294,253,338,340,328,300,316
307,294,253,338,340,328,300,316
307,294,253,338,341,328,300,316
307,294,253,338,341,328,300,316
307,294,253,338,341,328,300,316
307,294,253,338,349,328,300,316
307,294,253,338,349,328,300,316
307,294,253,338,349,328,300,316
307,294,253,338,349,328,300,316
307,294,253,338,349,328,300,316
308,294,253,338,349,328,300,316
308,294,253,338,349,328,300,316
308,294,253,338,349,328,300,316
308,294,253,339,349,328,300,316
308,294,253,339,349,328,300,316
308,294,253,339,349,328,300,316
308,294,253,339,349,328,300,316
308,294,253,339,349,329,300,316
308,294,253,339,349,329,300,316
308,294,253,342,350,329,300,316
308,294,253,342,350,329,300,316
308,294,253,342,350,329,300,316
308,294,253,342,350,329,300,316
308,294,253,342,350,329,300,316
308,294,253,342,350,329,300,316
308,294,253,344,350,329,300,316
308,294,253,344,350,329,300,316
308,294,253,344,350,329,300,317
308,294,253,344,350,329,300,317
308,294,253,344,350,329,300,317
309,294,253,344,350,329,300,317
309,294,253,344,350,329,300,317
309,294,253,344,350,329,300,317
311,294,253,344,350,329,300,317
311,294,254,344,350,329,300,317
311,294,254,344,350,329,300,317
311,294,254,344,350,329,300,317
311,294,254,344,350,329,300,317
311,294,254,344,350,329,300,317
311,294,254,344,350,331,300,317
311,294,254,344,350,331,300,317
311,294,254,344,350,331,301,317
311,294,254,344,350,331,301,317
311,294,255,344,350,331,301,317
311,294,255,344,350,331,301,317
311,294,255,344,350,331,301,317
311,294,255,344,350,331,301,317
311,294,255,344,350,331,301,317
311,295,255,344,350,331,301,317
311,295,255,344,350,331,301,317
311,295,255,344,350,331,301,317
311,295,255,344,350,331,301,317
311,295,255,344,350,331,301,317
311,295,255,344,350,331,301,317
311,295,255,344,350,331,301,317
311,295,255,345,350,331,301,317
311,295,255,345,350,331,301,317
311,295,255,346,350,331,301,317
311,295,255,346,350,331,301,317
311,295,255,346,350,331,301,317
311,295,256,346,350,331,302,317
311,295,256,346,350,331,302,317
311,295,256,346,362,332,302,317
311,295,256,346,362,332,302,317
311,295,256,346,362,332,302,317
311,295,256,346,362,332,302,317
312,295,256,346,362,332,302,317
312,295,256,346,362,332,302,317
312,295,256,346,362,332,302,317
312,295,256,346,362,332,304,317
312,295,256,346,362,332,304,317
312,295,256,352,362,332,304,317
312,295,256,352,362,332,304,317
312,295,256,352,362,332,304,317
312,295,256,352,362,332,304,317
312,295,256,352,362,332,304,317
312,295,256,352,362,332,304,317
312,295,256,352,362,332,304,317
312,295,256,352,362,332,304,317
312,295,256,352,362,332,304,317
312,295,256,352,362,332,304,317
312,295,256,352,362,332,304,317
312,295,256,352,362,332,304,317
312,295,256,352,362,332,304,317
312,295,256,352,362,332,304,317
312,295,256,352,362,332,304,317
313,295,256,352,362,332,304,318
313,295,256,352,362,332,304,318
313,295,256,352,362,332,304,318
313,295,256,352,362,332,304,318
313,295,256,352,362,332,304,318
313,295,256,356,362,332,304,318
313,295,256,356,362,332,304,318
313,295,256,356,362,332,304,318
313,295,256,356,362,332,304,318
313,295,256,356,362,332,304,318
313,295,256,356,362,332,304,318
313,295,256,356,362,332,304,318
313,295,256,356,362,332,304,318
313,295,256,356,362,332,304,318
313,295,256,356,362,332,304,318
313,295,256,356,362,332,304,318
313,295,256,356,362,334,304,318
313,295,256,356,362,334,304,318
313,295,256,356,362,334,304,318
313,295,256,356,362,334,304,318
313,295,256,356,362,334,304,318
313,295,256,356,362,334,304,318
314,295,256,360,362,336,304,318
314,295,256,360,362,336,304,318
314,295,256,360,362,336,304,318
314,295,256,360,362,336,304,318
314,295,256,360,362,336,304,318
318,295,256,360,362,336,304,318
318,295,256,360,362,336,304,318
318,295,257,360,362,336,304,318
321,295,257,360,362,336,304,318
322,295,257,361,362,336,304,318
322,295,257,361,362,336,304,318
322,295,257,361,362,336,304,318
322,295,257,361,362,336,304,318
322,295,257,361,362,336,304,318
322,295,257,361,362,336,304,318
322,295,257,361,362,336,304,318
322,295,257,361,362,336,304,318
322,295,257,361,362,336,304,318
322,295,257,361,362,336,304,318
322,295,257,361,362,336,304,318
322,295,257,361,362,336,304,318
322,296,257,361,362,336,304,318
322,296,257,361,362,336,304,318
322,296,257,361,362,336,304,318
322,296,257,361,362,336,304,318
322,296,257,361,362,336,304,318
322,296,257,361,362,336,304,318
322,296,257,361,362,336,304,318
322,296,257,361,362,336,304,318
322,296,257,361,362,336,304,318
322,296,257,361,362,336,304,318
322,296,257,361,362,336,304,318
322,296,257,361,362,336,304,318
326,296,257,361,362,336,304,318
326,296,257,361,362,336,304,318
328,296,257,361,362,336,304,318
328,296,257,361,362,336,304,318
328,296,257,362,362,336,304,318
328,296,257,362,362,336,304,318
328,297,257,362,362,336,304,318
328,297,257,362,362,336,304,318
328,297,257,362,362,336,304,318
328,297,257,362,362,336,304,318
328,297,257,362,362,336,304,318
328,297,258,362,362,336,304,318
328,297,258,362,362,336,305,318
328,297,258,362,362,336,305,318
328,297,258,362,362,336,305,318
328,297,258,362,362,336,305,318
332,297,258,362,362,336,305,318
332,297,258,362,362,336,305,318
332,297,258,362,362,336,305,318
332,297,258,362,362,336,305,318
350,297,258,362,362,336,305,318
350,297,258,362,362,336,305,318
350,297,258,362,362,336,305,318
350,298,258,362,362,336,305,318
350,298,258,362,362,336,305,318
350,298,258,362,,336,305,318
,298,258,362,,336,305,318
,298,258,362,,336,305,318
,298,258,362,,336,306,318
,298,258,362,,336,306,318
,298,258,362,,336,306,318
,298,258,362,,336,306,318
,298,258,362,,336,306,318
,298,258,362,,336,306,318
,298,258,362,,336,306,318
,298,258,362,,336,306,318
,298,258,362,,336,306,318
,298,258,362,,336,306,318
,298,258,362,,338,306,318
,298,258,362,,338,306,318
,298,258,362,,338,306,318
,298,258,362,,338,306,318
,298,258,362,,338,306,318
,298,259,362,,338,306,318
,298,259,362,,338,306,318
,298,259,362,,338,306,318
,298,259,362,,338,306,318
,298,259,362,,338,306,318
,298,259,362,,338,306,318
,298,259,362,,338,306,318
,298,259,362,,338,306,318
,298,259,362,,338,306,318
,298,259,362,,338,306,318
,298,259,362,,338,306,318
,298,259,362,,338,306,318
,298,259,362,,338,306,318
,298,259,362,,338,306,318
,298,259,362,,338,306,318
,298,259,362,,338,306,318
,298,259,362,,338,306,318
,298,260,362,,338,306,318
,298,260,362,,338,306,318
,298,260,362,,338,306,318
,298,261,362,,338,306,318
,298,261,362,,338,306,318
,298,261,362,,341,306,318
,298,261,362,,341,306,321
,298,261,362,,341,306,321
,298,261,362,,342,306,321
,298,261,362,,348,306,321
,298,261,362,,348,306,321
,298,261,362,,348,306,321
,298,261,364,,348,306,321
,298,261,364,,348,306,321
,298,261,364,,348,306,321
,298,261,364,,348,306,321
,298,261,364,,348,306,321
,298,261,364,,348,306,321
,298,261,364,,348,306,321
,298,261,364,,348,306,321
,298,261,364,,348,306,321
,298,261,364,,348,306,321
,299,261,364,,348,306,321
,299,261,364,,348,306,321
,299,261,364,,348,306,321
,299,261,364,,350,306,321
,299,261,364,,350,306,321
,299,261,364,,350,307,321
,299,261,364,,350,307,321
,299,261,364,,350,307,321
,299,261,364,,350,307,321
,299,261,364,,350,307,321
,299,261,365,,350,307,321
,299,261,365,,350,307,321
,299,261,365,,350,307,321
,299,261,365,,350,307,321
,299,261,365,,350,307,321
,299,261,365,,350,307,321
,299,261,365,,350,307,321
,299,261,365,,359,307,321
,299,261,365,,359,307,321
,299,261,365,,359,307,321
,299,261,365,,359,307,321
,299,261,365,,359,307,321
,299,261,365,,359,307,321
,299,261,365,,359,307,321
,299,261,365,,359,307,321
,299,261,365,,359,307,321
,299,261,365,,359,307,321
,299,261,365,,359,307,321
,299,261,365,,359,307,321
,299,261,365,,359,307,321
,299,261,365,,359,307,321
,299,261,365,,359,307,321
,299,261,365,,359,307,321
,299,261,365,,359,307,321
,299,261,365,,359,307,321
,299,261,365,,359,308,321
,299,261,365,,359,308,321
,299,261,365,,359,308,321
,299,261,365,,359,308,321
,299,261,365,,365,308,321
,299,261,365,,365,308,321
,299,261,365,,365,308,321
,299,261,365,,365,308,321
,299,261,,,365,308,321
,299,261,,,,308,321
,299,261,,,,308,321
,299,261,,,,308,321
,299,261,,,,308,321
,299,261,,,,308,321
,299,261,,,,308,321
,299,261,,,,308,321
,299,261,,,,308,321
,299,261,,,,308,321
,299,261,,,,308,321
,299,261,,,,308,321
,299,261,,,,308,321
,299,261,,,,308,321
,299,261,,,,308,321
,299,261,,,,308,321
,299,261,,,,308,321
,299,262,,,,309,321
,299,262,,,,309,321
,299,262,,,,309,321
,299,262,,,,309,321
,299,262,,,,309,321
,299,262,,,,309,321
,299,262,,,,309,321
,299,262,,,,309,321
,299,262,,,,309,321
,299,262,,,,309,321
,299,262,,,,309,321
,299,262,,,,309,321
,299,262,,,,309,321
,299,262,,,,309,321
,299,262,,,,309,322
,299,262,,,,309,322
,299,262,,,,309,322
,299,262,,,,309,322
,299,262,,,,309,322
,299,264,,,,309,322
,299,264,,,,309,322
,299,264,,,,309,322
,299,264,,,,309,322
,299,264,,,,309,322
,299,264,,,,309,322
,299,264,,,,309,322
,299,264,,,,309,322
,299,264,,,,309,322
,299,264,,,,309,322
,299,264,,,,309,322
,299,264,,,,309,322
,299,264,,,,309,322
,299,264,,,,309,322
,300,264,,,,309,322
,300,264,,,,309,322
,300,264,,,,309,322
,300,264,,,,309,322
,300,264,,,,309,322
,300,264,,,,309,322
,300,264,,,,309,322
,300,264,,,,309,322
,300,264,,,,309,322
,300,264,,,,309,322
,300,264,,,,309,322
,300,264,,,,309,322
,300,264,,,,309,322
,300,264,,,,309,322
,300,264,,,,309,322
,300,264,,,,309,322
,300,264,,,,309,322
,300,264,,,,309,322
,300,264,,,,310,322
,300,264,,,,310,322
,300,264,,,,310,322
,300,264,,,,310,322
,300,264,,,,312,322
,300,264,,,,312,322
,300,264,,,,312,322
,300,264,,,,312,322
,300,264,,,,312,322
,300,264,,,,312,322
,300,264,,,,312,322
,300,264,,,,312,322
,300,264,,,,312,322
,300,264,,,,312,322
,300,264,,,,312,322
,300,264,,,,312,322
,300,264,,,,312,322
,300,264,,,,313,322
,300,264,,,,313,322
,300,264,,,,313,322
,300,264,,,,313,322
,300,264,,,,313,322
,300,264,,,,313,322
,300,264,,,,313,322
,300,264,,,,313,322
,300,264,,,,313,322
,300,264,,,,313,322
,300,264,,,,314,322
,300,264,,,,314,322
,300,264,,,,314,322
,300,264,,,,314,322
,300,264,,,,314,322
,300,264,,,,314,322
,300,264,,,,314,322
,300,264,,,,314,322
,300,264,,,,314,322
,300,264,,,,314,322
,300,264,,,,314,322
,300,264,,,,314,322
,300,264,,,,314,322
,300,264,,,,314,322
,300,264,,,,314,322
,300,264,,,,314,322
,300,264,,,,314,322
,300,264,,,,314,322
,300,264,,,,314,322
,300,264,,,,314,322
,300,264,,,,314,322
,300,264,,,,314,322
,300,264,,,,314,322
,300,264,,,,314,322
,300,264,,,,314,322
,300,264,,,,314,322
,300,265,,,,314,322
,300,265,,,,314,322
,300,265,,,,314,322
,300,265,,,,314,322
,300,265,,,,314,322
,300,265,,,,314,322
,300,265,,,,314,322
,300,265,,,,314,322
,300,265,,,,314,322
,300,265,,,,314,322
,300,265,,,,314,322
,300,265,,,,314,322
,300,265,,,,314,322
,300,265,,,,314,322
,300,265,,,,314,322
,300,265,,,,314,322
,300,265,,,,314,322
,300,265,,,,314,322
,300,265,,,,314,322
,300,265,,,,314,322
,300,265,,,,314,322
,300,265,,,,314,322
,300,265,,,,314,322
,300,265,,,,314,322
,300,265,,,,314,322
,300,265,,,,314,322
,300,265,,,,314,322
,300,265,,,,314,322
,300,265,,,,314,322
,300,265,,,,314,322
,300,265,,,,314,322
,300,265,,,,314,322
,300,265,,,,314,322
,300,265,,,,314,322
,300,265,,,,314,322
,300,265,,,,314,322
,300,265,,,,314,322
,300,265,,,,314,322
,300,265,,,,314,322
,300,265,,,,314,322
,300,265,,,,314,322
,300,265,,,,314,322
,300,265,,,,314,322
,300,265,,,,314,322
,301,265,,,,314,322
,301,265,,,,314,322
,301,265,,,,314,322
,301,265,,,,314,322
,301,265,,,,314,322
,301,265,,,,314,322
,301,265,,,,314,322
,301,265,,,,314,322
,301,265,,,,314,322
,301,265,,,,315,322
,301,265,,,,315,322
,301,265,,,,315,322
,301,265,,,,315,322
,301,265,,,,315,322
,301,265,,,,315,322
,301,265,,,,315,322
,301,265,,,,315,322
,301,265,,,,315,322
,301,266,,,,315,322
,301,266,,,,315,322
,301,266,,,,315,322
,301,266,,,,315,323
,301,266,,,,315,323
,301,266,,,,315,323
,301,266,,,,315,323
,301,266,,,,315,323
,301,266,,,,315,323
,301,266,,,,315,323
,302,266,,,,315,323
,302,266,,,,315,323
,302,266,,,,315,323
,302,266,,,,315,323
,302,266,,,,315,323
,302,266,,,,315,323
,302,266,,,,315,323
,302,266,,,,315,323
,302,266,,,,315,323
,302,266,,,,316,323
,302,266,,,,316,323
,302,266,,,,316,323
,302,266,,,,316,323
,302,266,,,,316,323
,302,266,,,,316,323
,302,266,,,,316,323
,302,266,,,,316,323
,302,266,,,,316,323
,302,266,,,,316,323
,302,266,,,,316,323
,302,266,,,,316,323
,302,266,,,,316,323
,302,266,,,,316,323
,302,266,,,,316,323
,302,268,,,,316,323
,302,268,,,,316,323
,302,268,,,,316,323
,302,268,,,,316,323
,302,268,,,,316,323
,302,268,,,,316,323
,302,268,,,,316,323
,302,268,,,,316,323
,302,268,,,,316,323
,302,268,,,,316,323
,302,268,,,,316,323
,302,268,,,,316,323
,302,268,,,,317,323
,302,268,,,,317,323
,302,268,,,,317,323
,302,268,,,,317,323
,302,268,,,,317,323
,302,268,,,,317,323
,302,268,,,,317,323
,302,268,,,,317,328
,302,268,,,,317,328
,302,268,,,,317,328
,302,268,,,,317,328
,302,268,,,,317,328
,303,268,,,,317,328
,303,268,,,,317,328
,303,268,,,,317,328
,303,268,,,,317,328
,303,268,,,,317,328
,303,268,,,,317,328
,303,268,,,,317,328
,303,268,,,,317,328
,303,269,,,,317,328
,303,269,,,,317,328
,303,269,,,,317,328
,303,269,,,,317,328
,303,269,,,,317,328
,303,269,,,,317,328
,303,269,,,,317,328
,303,269,,,,317,328
,303,269,,,,317,328
,303,269,,,,317,328
,303,269,,,,317,328
,303,269,,,,317,328
,303,269,,,,317,328
,303,269,,,,317,328
,303,269,,,,317,328
,303,269,,,,317,328
,303,269,,,,317,328
,303,269,,,,317,328
,303,269,,,,317,328
,303,269,,,,317,328
,303,269,,,,317,328
,303,269,,,,317,328
,303,269,,,,317,328
,303,269,,,,317,328
,303,269,,,,317,328
,303,269,,,,317,328
,303,269,,,,318,328
,303,269,,,,318,328
,303,269,,,,318,328
,303,269,,,,318,328
,303,269,,,,318,328
,304,269,,,,318,328
,304,269,,,,318,328
,304,269,,,,318,328
,304,269,,,,318,328
,304,269,,,,318,328
,304,269,,,,318,328
,304,269,,,,318,328
,305,271,,,,318,328
,305,271,,,,318,328
,305,271,,,,318,328
,305,271,,,,318,328
,305,271,,,,318,328
,305,271,,,,318,328
,305,271,,,,318,328
,305,271,,,,318,328
,305,271,,,,318,328
,305,271,,,,318,328
,305,271,,,,318,328
,305,271,,,,318,328
,305,271,,,,318,328
,305,271,,,,318,328
,305,271,,,,318,328
,305,271,,,,320,328
,305,271,,,,320,328
,305,271,,,,320,328
,305,271,,,,320,328
,305,271,,,,320,328
,305,271,,,,320,328
,305,271,,,,320,328
,305,271,,,,320,328
,305,271,,,,320,328
,305,271,,,,320,328
,305,271,,,,320,328
,305,271,,,,321,328
,305,271,,,,321,328
,305,271,,,,321,328
,305,271,,,,321,328
,305,271,,,,321,328
,305,271,,,,321,328
,305,271,,,,321,328
,305,271,,,,321,328
,305,271,,,,321,328
,305,271,,,,321,328
,305,271,,,,321,328
,305,271,,,,321,328
,305,271,,,,321,328
,305,271,,,,321,328
,305,271,,,,321,328
,305,271,,,,321,328
,305,271,,,,321,328
,305,271,,,,321,328
,305,271,,,,321,328
,305,272,,,,321,328
,305,272,,,,321,328
,305,272,,,,321,328
,305,272,,,,321,328
,305,272,,,,321,328
,305,272,,,,321,328
,305,272,,,,321,328
,305,272,,,,321,328
,305,272,,,,321,328
,305,272,,,,321,328
,305,272,,,,321,330
,305,272,,,,321,330
,305,272,,,,321,330
,305,272,,,,321,330
,305,272,,,,321,330
,306,272,,,,321,330
,306,272,,,,321,330
,306,272,,,,321,330
,306,272,,,,321,330
,306,272,,,,321,330
,306,272,,,,321,330
,306,272,,,,321,330
,306,272,,,,321,330
,306,272,,,,321,330
,306,273,,,,321,330
,306,273,,,,321,330
,306,273,,,,321,330
,306,273,,,,321,330
,306,273,,,,321,330
,306,273,,,,321,330
,306,273,,,,321,332
,306,273,,,,321,332
,306,273,,,,321,332
,306,273,,,,321,336
,306,273,,,,321,336
,306,273,,,,321,336
,306,273,,,,321,336
,306,273,,,,321,336
,306,273,,,,321,336
,307,273,,,,321,336
,307,273,,,,321,336
,307,273,,,,321,336
,307,273,,,,321,336
,307,273,,,,321,336
,307,273,,,,321,336
,307,273,,,,321,336
,307,273,,,,321,336
,307,273,,,,321,336
,307,273,,,,321,336
,307,273,,,,321,336
,307,273,,,,321,336
,307,273,,,,321,336
,307,273,,,,321,336
,307,273,,,,321,336
,307,273,,,,321,336
,307,273,,,,321,336
,307,273,,,,321,336
,307,273,,,,321,336
,307,273,,,,321,336
,307,273,,,,321,336
,307,273,,,,321,336
,307,273,,,,321,336
,307,273,,,,321,336
,307,273,,,,321,336
,307,273,,,,321,336
,307,273,,,,322,336
,307,273,,,,322,336
,307,273,,,,322,336
,307,273,,,,322,345
,307,273,,,,322,
,307,273,,,,322,
,307,273,,,,322,
,307,273,,,,322,
,307,273,,,,322,
,307,273,,,,322,
,307,273,,,,322,
,307,273,,,,322,
,307,273,,,,322,
,307,273,,,,322,
,307,273,,,,322,
,307,273,,,,322,
,307,273,,,,322,
,307,273,,,,322,
,308,273,,,,322,
,308,273,,,,322,
,308,273,,,,322,
,308,273,,,,322,
,308,273,,,,322,
,308,273,,,,322,
,308,273,,,,322,
,308,273,,,,322,
,308,273,,,,322,
,308,273,,,,322,
,308,273,,,,322,
,308,273,,,,322,
,308,273,,,,322,
,308,273,,,,322,
,308,273,,,,322,
,308,273,,,,322,
,308,273,,,,322,
,308,273,,,,322,
,308,273,,,,322,
,308,273,,,,322,
,308,273,,,,322,
,308,273,,,,322,
,308,273,,,,322,
,308,273,,,,322,
,308,273,,,,322,
,308,273,,,,322,
,308,273,,,,322,
,308,273,,,,322,
,308,273,,,,322,
,308,273,,,,322,
,308,273,,,,322,
,308,273,,,,322,
,309,273,,,,322,
,309,273,,,,322,
,309,273,,,,322,
,309,273,,,,322,
,309,273,,,,322,
,309,273,,,,322,
,309,274,,,,322,
,309,274,,,,322,
,309,274,,,,322,
,309,274,,,,322,
,309,274,,,,322,
,309,274,,,,322,
,309,274,,,,322,
,309,274,,,,322,
,309,274,,,,322,
,309,274,,,,322,
,309,274,,,,322,
,309,274,,,,322,
,309,274,,,,322,
,309,274,,,,322,
,309,274,,,,322,
,309,274,,,,322,
,309,276,,,,322,
,309,276,,,,322,
,309,276,,,,322,
,309,276,,,,322,
,309,276,,,,322,
,309,276,,,,322,
,309,276,,,,322,
,309,276,,,,322,
,309,276,,,,322,
,309,276,,,,322,
,309,276,,,,322,
,309,276,,,,322,
,309,276,,,,322,
,309,276,,,,322,
,309,276,,,,322,
,309,276,,,,322,
,309,276,,,,322,
,309,276,,,,322,
,309,276,,,,322,
,309,276,,,,322,
,309,276,,,,322,
,309,276,,,,322,
,309,276,,,,322,
,309,276,,,,322,
,309,276,,,,322,
,309,276,,,,322,
,309,276,,,,322,
,309,276,,,,322,
,309,276,,,,322,
,309,276,,,,322,
,309,276,,,,322,
,309,276,,,,322,
,309,276,,,,322,
,309,276,,,,323,
,309,276,,,,323,
,309,279,,,,323,
,309,279,,,,323,
,309,279,,,,323,
,309,279,,,,323,
,309,280,,,,323,
,309,280,,,,323,
,309,280,,,,323,
,309,280,,,,323,
,310,280,,,,323,
,310,280,,,,323,
,310,280,,,,323,
,310,280,,,,323,
,310,280,,,,323,
,310,280,,,,324,
,310,280,,,,324,
,310,280,,,,324,
,310,280,,,,324,
,310,280,,,,324,
,310,280,,,,324,
,310,280,,,,324,
,310,280,,,,324,
,310,280,,,,324,
,310,280,,,,324,
,310,280,,,,324,
,310,280,,,,324,
,310,281,,,,324,
,310,281,,,,324,
,310,281,,,,324,
,310,281,,,,324,
,310,282,,,,324,
,310,282,,,,324,
,310,282,,,,325,
,310,282,,,,325,
,310,282,,,,325,
,310,282,,,,325,
,310,282,,,,325,
,310,282,,,,325,
,310,282,,,,325,
,310,282,,,,325,
,310,282,,,,328,
,310,282,,,,328,
,310,282,,,,328,
,310,282,,,,328,
,310,282,,,,328,
,310,282,,,,328,
,311,282,,,,328,
,311,282,,,,328,
,311,282,,,,328,
,311,282,,,,328,
,311,282,,,,328,
,311,282,,,,328,
,311,282,,,,328,
,311,282,,,,328,
,311,282,,,,328,
,311,282,,,,328,
,311,282,,,,328,
,311,282,,,,328,
,311,282,,,,328,
,311,282,,,,328,
,311,282,,,,328,
,311,282,,,,328,
,311,282,,,,328,
,311,282,,,,328,
,311,282,,,,328,
,311,282,,,,328,
,311,282,,,,328,
,311,282,,,,328,
,311,283,,,,328,
,311,283,,,,328,
,311,283,,,,328,
,311,283,,,,328,
,311,283,,,,328,
,311,283,,,,328,
,311,283,,,,328,
,311,283,,,,328,
,311,283,,,,329,
,311,283,,,,329,
,311,283,,,,329,
,312,283,,,,329,
,312,283,,,,329,
,312,283,,,,329,
,312,284,,,,329,
,312,284,,,,329,
,312,285,,,,329,
,312,285,,,,329,
,312,285,,,,329,
,312,285,,,,329,
,312,285,,,,329,
,312,285,,,,329,
,312,285,,,,329,
,312,285,,,,329,
,312,285,,,,329,
,312,285,,,,329,
,312,285,,,,329,
,312,285,,,,329,
,313,285,,,,329,
,313,285,,,,329,
,313,285,,,,329,
,313,285,,,,329,
,313,285,,,,329,
,313,285,,,,329,
,313,285,,,,329,
,313,285,,,,329,
,313,285,,,,329,
,313,285,,,,329,
,313,285,,,,329,
,313,285,,,,329,
,313,286,,,,329,
,313,286,,,,329,
,313,286,,,,329,
,313,286,,,,329,
,313,286,,,,329,
,313,286,,,,329,
,313,286,,,,329,
,313,286,,,,330,
,313,286,,,,330,
,313,286,,,,330,
,313,286,,,,330,
,313,286,,,,330,
,313,286,,,,330,
,313,286,,,,331,
,313,286,,,,331,
,314,286,,,,331,
,314,286,,,,331,
,314,286,,,,331,
,314,286,,,,332,
,314,286,,,,332,
,314,286,,,,332,
,314,286,,,,332,
,314,286,,,,332,
,314,286,,,,332,
,314,286,,,,332,
,314,286,,,,332,
,314,286,,,,332,
,314,286,,,,332,
,314,286,,,,332,
,314,286,,,,332,
,314,286,,,,332,
,314,286,,,,332,
,314,286,,,,332,
,314,286,,,,332,
,314,286,,,,332,
,314,286,,,,332,
,314,286,,,,332,
,314,286,,,,332,
,314,286,,,,332,
,314,286,,,,332,
,314,286,,,,332,
,314,286,,,,332,
,314,286,,,,332,
,314,286,,,,332,
,314,286,,,,332,
,314,286,,,,332,
,314,286,,,,332,
,314,286,,,,332,
,314,286,,,,332,
,314,286,,,,332,
,314,286,,,,332,
,314,286,,,,332,
,314,286,,,,332,
,314,286,,,,332,
,314,286,,,,332,
,314,286,,,,332,
,314,286,,,,332,
,314,286,,,,332,
,314,286,,,,332,
,314,286,,,,334,
,315,287,,,,334,
,315,287,,,,334,
,316,287,,,,334,
,316,287,,,,334,
,316,287,,,,334,
,316,287,,,,334,
,316,287,,,,334,
,316,287,,,,334,
,316,287,,,,334,
,316,287,,,,334,
,316,287,,,,334,
,316,287,,,,334,
,316,287,,,,334,
,316,287,,,,334,
,316,287,,,,334,
,316,287,,,,334,
,316,287,,,,334,
,316,287,,,,334,
,316,287,,,,334,
,316,287,,,,334,
,316,287,,,,334,
,316,287,,,,334,
,316,287,,,,334,
,316,287,,,,334,
,316,287,,,,334,
,316,287,,,,334,
,316,287,,,,334,
,316,287,,,,334,
,316,287,,,,334,
,316,287,,,,334,
,316,287,,,,335,
,316,287,,,,335,
,316,287,,,,335,
,316,287,,,,335,
,316,287,,,,335,
,316,288,,,,336,
,316,288,,,,336,
,316,288,,,,336,
,316,288,,,,336,
,316,288,,,,336,
,317,288,,,,336,
,317,288,,,,336,
,317,288,,,,336,
,317,288,,,,337,
,317,288,,,,337,
,317,288,,,,337,
,317,288,,,,337,
,317,288,,,,337,
,317,288,,,,337,
,317,288,,,,337,
,317,288,,,,337,
,317,288,,,,337,
,317,288,,,,337,
,317,288,,,,338,
,317,288,,,,338,
,317,288,,,,338,
,317,288,,,,338,
,317,288,,,,338,
,317,288,,,,338,
,317,288,,,,338,
,317,288,,,,338,
,317,288,,,,338,
,317,288,,,,338,
,317,288,,,,338,
,317,288,,,,338,
,317,288,,,,338,
,317,288,,,,338,
,317,288,,,,340,
,317,288,,,,342,
,317,288,,,,342,
,318,288,,,,345,
,318,288,,,,346,
,318,288,,,,346,
,318,288,,,,348,
,320,288,,,,348,
,320,288,,,,348,
,320,288,,,,348,
,320,288,,,,348,
,320,288,,,,348,
,320,288,,,,348,
,320,288,,,,348,
,320,288,,,,348,
,320,288,,,,348,
,320,289,,,,348,
,320,289,,,,348,
,320,289,,,,348,
,320,289,,,,356,
,320,289,,,,356,
,320,289,,,,356,
,320,289,,,,359,
,320,289,,,,359,
,320,289,,,,359,
,320,289,,,,359,
,320,289,,,,359,
,320,289,,,,359,
,321,289,,,,359,
,321,289,,,,359,
,321,289,,,,359,
,321,289,,,,359,
,321,289,,,,359,
,321,289,,,,359,
,321,289,,,,359,
,321,289,,,,359,
,321,289,,,,359,
,321,289,,,,359,
,321,289,,,,359,
,321,289,,,,359,
,321,289,,,,359,
,321,289,,,,359,
,321,290,,,,359,
,321,290,,,,359,
,321,290,,,,359,
,321,290,,,,359,
,321,290,,,,359,
,321,290,,,,359,
,321,290,,,,359,
,321,290,,,,359,
,321,290,,,,359,
,321,290,,,,359,
,321,290,,,,359,
,321,290,,,,359,
,321,290,,,,359,
,321,290,,,,360,
,321,290,,,,362,
,321,290,,,,365,
,321,290,,,,365,
,321,290,,,,365,
,321,290,,,,,
,321,290,,,,,
,321,290,,,,,
,321,290,,,,,
,321,290,,,,,
,321,290,,,,,
,321,290,,,,,
,321,290,,,,,
,321,290,,,,,
,321,290,,,,,
,321,290,,,,,
,321,290,,,,,
,321,290,,,,,
,321,290,,,,,
,321,290,,,,,
,321,290,,,,,
,321,290,,,,,
,321,290,,,,,
,321,290,,,,,
,321,290,,,,,
,321,290,,,,,
,321,290,,,,,
,321,290,,,,,
,321,290,,,,,
,321,290,,,,,
,321,290,,,,,
,321,290,,,,,
,321,290,,,,,
,321,291,,,,,
,321,292,,,,,
,321,292,,,,,
,321,292,,,,,
,321,292,,,,,
,321,292,,,,,
,321,292,,,,,
,321,292,,,,,
,322,292,,,,,
,322,292,,,,,
,322,292,,,,,
,322,292,,,,,
,322,292,,,,,
,322,292,,,,,
,322,292,,,,,
,322,292,,,,,
,322,292,,,,,
,322,292,,,,,
,322,292,,,,,
,322,292,,,,,
,322,292,,,,,
,323,292,,,,,
,323,292,,,,,
,323,292,,,,,
,324,292,,,,,
,324,292,,,,,
,324,292,,,,,
,324,292,,,,,
,324,292,,,,,
,324,292,,,,,
,324,292,,,,,
,324,292,,,,,
,324,292,,,,,
,324,292,,,,,
,324,293,,,,,
,326,293,,,,,
,326,293,,,,,
,326,293,,,,,
,326,293,,,,,
,327,293,,,,,
,327,293,,,,,
,327,293,,,,,
,327,293,,,,,
,327,293,,,,,
,327,293,,,,,
,327,293,,,,,
,327,293,,,,,
,328,293,,,,,
,328,293,,,,,
,328,293,,,,,
,330,293,,,,,
,330,293,,,,,
,330,293,,,,,
,330,293,,,,,
,330,293,,,,,
,332,293,,,,,
,334,293,,,,,
,334,293,,,,,
,334,293,,,,,
,334,293,,,,,
,334,293,,,,,
,334,293,,,,,
,334,293,,,,,
,334,293,,,,,
,334,293,,,,,
,337,293,,,,,
,337,293,,,,,
,337,293,,,,,
,337,293,,,,,
,337,293,,,,,
,339,293,,,,,
,345,293,,,,,
,357,293,,,,,
,,293,,,,,
,,294,,,,,
,,294,,,,,
,,294,,,,,
,,294,,,,,
,,294,,,,,
,,294,,,,,
,,294,,,,,
,,294,,,,,
,,295,,,,,
,,295,,,,,
,,295,,,,,
,,295,,,,,
,,295,,,,,
,,295,,,,,
,,295,,,,,
,,295,,,,,
,,295,,,,,
,,295,,,,,
,,295,,,,,
,,295,,,,,
,,295,,,,,
,,295,,,,,
,,297,,,,,
,,297,,,,,
,,297,,,,,
,,297,,,,,
,,297,,,,,
,,297,,,,,
,,297,,,,,
,,297,,,,,
,,297,,,,,
,,297,,,,,
,,297,,,,,
,,297,,,,,
,,297,,,,,
,,297,,,,,
,,297,,,,,
,,297,,,,,
,,297,,,,,
,,297,,,,,
,,297,,,,,
,,297,,,,,
,,297,,,,,
,,297,,,,,
,,297,,,,,
,,297,,,,,
,,297,,,,,
,,297,,,,,
,,297,,,,,
,,297,,,,,
,,297,,,,,
,,297,,,,,
,,297,,,,,
,,297,,,,,
,,298,,,,,
,,298,,,,,
,,298,,,,,
,,298,,,,,
,,298,,,,,
,,298,,,,,
,,298,,,,,
,,298,,,,,
,,299,,,,,
,,299,,,,,
,,299,,,,,
,,299,,,,,
,,299,,,,,
,,299,,,,,
,,299,,,,,
,,299,,,,,
,,299,,,,,
,,299,,,,,
,,299,,,,,
,,299,,,,,
,,299,,,,,
,,299,,,,,
,,299,,,,,
,,299,,,,,
,,299,,,,,
,,299,,,,,
,,300,,,,,
,,300,,,,,
,,300,,,,,
,,300,,,,,
,,300,,,,,
,,300,,,,,
,,300,,,,,
,,300,,,,,
,,300,,,,,
,,300,,,,,
,,300,,,,,
,,300,,,,,
,,300,,,,,
,,300,,,,,
,,300,,,,,
,,300,,,,,
,,300,,,,,
,,300,,,,,
,,300,,,,,
,,300,,,,,
,,300,,,,,
,,300,,,,,
,,300,,,,,
,,300,,,,,
,,300,,,,,
,,300,,,,,
,,300,,,,,
,,300,,,,,
,,300,,,,,
,,300,,,,,
,,300,,,,,
,,301,,,,,
,,301,,,,,
,,301,,,,,
,,301,,,,,
,,301,,,,,
,,301,,,,,
,,301,,,,,
,,301,,,,,
,,302,,,,,
,,302,,,,,
,,303,,,,,
,,303,,,,,
,,303,,,,,
,,303,,,,,
,,304,,,,,
,,304,,,,,
,,304,,,,,
,,304,,,,,
,,304,,,,,
,,305,,,,,
,,305,,,,,
,,305,,,,,
,,305,,,,,
,,305,,,,,
,,305,,,,,
,,305,,,,,
,,306,,,,,
,,306,,,,,
,,306,,,,,
,,306,,,,,
,,306,,,,,
,,306,,,,,
,,306,,,,,
,,306,,,,,
,,306,,,,,
,,306,,,,,
,,306,,,,,
,,306,,,,,
,,306,,,,,
,,306,,,,,
,,306,,,,,
,,306,,,,,
,,306,,,,,
,,306,,,,,
,,306,,,,,
,,306,,,,,
,,306,,,,,
,,306,,,,,
,,306,,,,,
,,306,,,,,
,,306,,,,,
,,306,,,,,
,,306,,,,,
,,306,,,,,
,,306,,,,,
,,307,,,,,
,,307,,,,,
,,307,,,,,
,,307,,,,,
,,307,,,,,
,,307,,,,,
,,307,,,,,
,,308,,,,,
,,308,,,,,
,,308,,,,,
,,308,,,,,
,,308,,,,,
,,308,,,,,
,,308,,,,,
,,308,,,,,
,,308,,,,,
,,308,,,,,
,,308,,,,,
,,308,,,,,
,,310,,,,,
,,310,,,,,
,,310,,,,,
,,310,,,,,
,,310,,,,,
,,311,,,,,
,,311,,,,,
,,312,,,,,
,,312,,,,,
,,312,,,,,
,,312,,,,,
,,312,,,,,
,,312,,,,,
,,313,,,,,
,,313,,,,,
,,313,,,,,
,,313,,,,,
,,314,,,,,
,,314,,,,,
,,314,,,,,
,,314,,,,,
,,314,,,,,
,,314,,,,,
,,316,,,,,
,,317,,,,,
,,317,,,,,
,,317,,,,,
,,317,,,,,
,,317,,,,,
,,318,,,,,
,,318,,,,,
,,318,,,,,
,,318,,,,,
,,318,,,,,
,,318,,,,,
,,318,,,,,
,,320,,,,,
,,320,,,,,
,,320,,,,,
,,320,,,,,
,,320,,,,,
,,320,,,,,
,,320,,,,,
,,321,,,,,
,,321,,,,,
,,321,,,,,
,,321,,,,,
,,321,,,,,
,,321,,,,,
,,322,,,,,
,,322,,,,,
,,322,,,,,
,,322,,,,,
,,322,,,,,
,,322,,,,,
,,322,,,,,
,,322,,,,,
,,323,,,,,
,,323,,,,,
,,323,,,,,
,,323,,,,,
,,323,,,,,
,,323,,,,,
,,323,,,,,
,,323,,,,,
,,323,,,,,
,,323,,,,,
,,323,,,,,
,,323,,,,,
,,323,,,,,
,,323,,,,,
,,323,,,,,
,,323,,,,,
,,323,,,,,
,,323,,,,,
,,323,,,,,
,,323,,,,,
,,323,,,,,
,,323,,,,,
,,323,,,,,
,,323,,,,,
,,323,,,,,
,,323,,,,,
,,323,,,,,
,,323,,,,,
,,324,,,,,
,,324,,,,,
,,328,,,,,
,,332,,,,,
,,332,,,,,
,,332,,,,,
,,334,,,,,
,,334,,,,,
,,334,,,,,
,,334,,,,,
,,334,,,,,
,,334,,,,,
,,334,,,,,
,,334,,,,,
,,334,,,,,
,,334,,,,,
,,334,,,,,
,,335,,,,,
,,335,,,,,
,,335,,,,,
,,340,,,,,
,,345,,,,,
,,345,,,,,
,,348,,,,,
,,348,,,,,
,,350,,,,,
,,350,,,,,
,,350,,,,,
,,350,,,,,
,,360,,,,,
,,364,,,,,
,,364,,,,,
