Wild Spring Chinook,Hatchery Spring Chinook,Hatchery Fall Chinook,Unknown Fall Chinook,Wild Summer Steelhead,Hatchery Summer Steelhead,Hatchery Type S Coho
124,112,231,041,008,002,261
124,112,231,231,009,004,261
124,115,232,231,015,019,261
124,115,232,231,016,061,261
124,115,233,231,016,062,261
124,115,233,231,016,066,261
124,116,233,232,019,067,261
124,116,233,233,020,067,267
124,116,233,233,020,067,267
124,118,234,233,020,067,267
129,118,234,233,024,067,267
129,118,234,233,026,067,267
129,118,235,233,031,067,267
129,119,235,233,034,067,267
129,119,235,233,034,068,272
129,119,235,233,034,068,272
129,120,235,234,035,068,272
129,121,235,234,036,068,272
129,121,235,234,036,068,272
129,121,236,234,037,068,272
129,121,237,234,038,068,272
129,121,237,235,041,068,275
129,121,237,235,042,068,275
129,121,237,235,042,068,275
129,121,237,235,043,068,275
129,121,237,235,044,069,275
129,122,237,235,044,069,275
129,122,237,235,044,069,275
129,122,237,235,044,069,275
129,123,237,236,045,069,275
129,125,237,236,046,069,275
129,125,238,237,046,070,275
129,125,238,237,047,071,275
131,125,239,237,047,071,275
131,125,239,237,048,071,275
131,125,239,237,048,071,275
131,125,239,237,048,071,275
131,125,239,237,048,071,275
131,125,239,237,048,071,275
133,125,239,237,048,071,275
133,126,239,237,048,072,275
133,126,239,237,048,072,275
133,126,239,238,049,072,275
133,126,239,238,049,072,275
133,126,240,238,049,074,275
133,126,240,238,050,074,275
133,126,240,238,051,074,275
134,126,240,239,051,074,275
134,127,240,239,051,074,275
134,127,240,239,051,074,275
134,127,240,239,051,074,275
134,127,240,239,051,074,275
134,127,240,239,051,074,275
134,127,240,239,051,074,275
134,128,240,239,052,074,275
134,128,240,239,052,074,275
134,130,240,239,052,074,275
134,130,240,239,052,074,275
134,131,240,239,052,074,275
134,131,240,240,052,074,275
134,131,240,240,052,074,275
134,131,240,240,052,074,275
134,132,240,240,052,074,275
134,132,240,240,053,074,275
134,132,241,240,053,074,275
135,132,241,240,053,074,275
135,132,241,240,053,074,275
135,132,241,240,053,074,275
135,132,241,240,053,074,275
135,132,241,240,053,074,275
135,133,241,240,053,074,275
135,133,241,240,053,074,275
135,134,241,240,054,074,275
135,134,241,240,054,074,275
135,134,241,240,054,074,275
135,134,241,240,054,074,275
135,134,241,240,055,074,275
136,134,241,240,055,074,275
136,134,242,240,055,074,275
136,134,242,240,055,075,275
136,134,242,240,055,075,275
136,134,242,240,055,075,275
136,135,242,240,055,075,275
136,135,242,240,055,075,275
136,135,242,240,055,075,275
136,135,242,240,055,075,275
136,135,242,240,056,075,275
136,135,242,241,056,075,275
137,136,242,241,056,075,275
137,136,242,241,056,075,275
137,136,242,241,056,075,275
137,136,242,241,056,075,275
137,136,242,241,057,076,275
137,136,242,241,057,076,275
137,136,242,241,057,076,275
137,136,243,241,058,076,275
137,136,243,241,058,076,275
137,137,243,241,058,076,275
137,137,243,241,058,076,275
137,137,243,241,058,077,275
137,137,243,241,058,077,275
137,137,243,241,058,077,275
137,137,243,241,059,077,275
137,137,243,241,059,078,275
137,137,243,241,059,079,275
137,137,243,241,059,080,275
137,137,243,241,060,081,275
137,137,243,241,060,082,275
137,137,243,242,060,085,275
137,137,243,242,060,085,275
138,137,243,242,061,085,275
138,137,243,242,061,085,275
138,137,243,242,061,085,275
138,137,243,242,062,085,275
138,137,244,242,062,085,275
138,137,244,242,062,085,275
138,137,244,242,062,085,275
138,137,244,242,062,085,275
138,137,244,242,062,085,275
138,137,244,242,062,085,275
138,137,244,242,062,085,275
138,137,244,242,063,086,275
138,138,244,242,063,086,275
138,138,244,242,063,086,275
138,138,244,242,063,086,275
138,138,244,242,063,086,275
138,138,244,242,063,086,275
138,138,244,242,063,086,275
138,138,244,242,064,086,275
138,138,244,242,064,086,275
138,138,244,242,064,086,275
138,138,244,242,064,086,275
139,138,244,242,064,086,275
139,138,244,243,064,086,275
139,138,244,243,064,086,275
139,139,244,243,064,086,275
139,139,244,243,064,086,275
139,139,245,243,065,086,275
139,139,245,243,065,086,275
139,139,245,244,065,086,275
139,139,245,244,065,086,275
139,139,245,244,065,086,275
139,139,245,244,065,086,275
139,139,245,244,065,086,275
139,139,245,244,065,086,275
139,140,245,244,065,086,275
139,140,245,244,065,086,275
139,140,245,244,065,086,275
139,140,245,244,066,086,275
139,140,245,244,066,086,275
140,140,245,244,066,086,275
140,141,245,245,066,086,275
140,141,245,245,066,086,275
140,141,245,245,066,086,275
140,141,245,245,066,086,275
140,141,245,245,066,086,275
140,141,245,245,066,086,275
140,141,246,245,067,086,275
140,141,246,245,067,086,275
140,141,246,245,067,086,275
140,141,246,245,067,086,275
140,141,246,245,067,086,275
140,141,246,245,067,086,275
140,141,246,245,067,086,275
140,141,246,245,067,086,275
140,141,246,246,067,086,275
140,141,246,246,067,086,276
140,141,246,246,067,086,276
140,141,246,246,067,086,276
140,141,246,246,067,086,276
140,141,246,246,067,086,276
140,141,246,246,067,086,277
141,141,246,246,067,086,277
141,141,246,246,067,086,277
141,141,246,246,067,086,277
141,141,246,247,067,086,277
141,141,246,247,067,086,277
141,141,247,247,067,086,277
141,141,247,247,067,086,277
141,141,247,247,067,086,277
141,141,247,247,067,086,277
141,141,247,247,067,086,280
141,141,247,247,067,086,280
141,141,247,247,067,086,280
141,141,247,247,067,086,280
141,141,247,247,067,086,280
141,142,247,247,067,086,280
142,142,247,247,067,086,280
142,142,247,247,067,086,281
142,142,247,247,067,086,281
142,142,247,247,067,086,281
142,143,247,247,067,086,281
142,143,247,247,067,086,281
142,143,247,247,067,086,283
142,143,247,247,067,086,283
143,143,247,247,067,086,283
143,143,247,247,067,086,283
143,143,247,247,068,086,283
143,143,247,247,068,086,283
144,143,248,248,068,086,283
144,143,248,248,068,086,283
144,143,248,248,068,086,283
144,143,248,248,068,086,283
145,143,248,248,068,086,283
145,143,248,248,069,086,283
145,143,248,248,069,086,283
145,143,248,248,069,086,283
145,143,248,248,069,086,283
145,143,248,248,069,086,283
145,143,248,248,069,086,283
145,143,248,248,069,087,283
145,143,248,248,069,102,283
145,143,248,248,069,102,283
145,143,248,248,069,102,283
145,143,248,248,069,102,283
145,143,248,248,069,102,283
145,143,248,248,069,102,283
145,143,248,248,069,102,283
145,143,248,248,069,102,283
146,143,248,248,069,102,283
146,143,248,248,069,102,283
146,143,248,248,069,102,283
146,143,248,248,069,102,283
146,143,248,248,069,102,283
146,143,248,248,069,102,283
146,143,248,248,069,102,283
146,143,248,248,069,102,283
146,143,248,248,069,102,283
147,143,248,249,070,102,283
147,143,248,249,070,102,283
147,143,248,249,070,102,283
147,143,249,249,070,102,283
147,143,249,249,070,102,283
147,143,249,249,070,102,284
147,143,249,249,070,102,284
147,143,249,249,070,102,284
147,143,249,249,070,102,286
147,143,249,249,070,102,286
147,143,249,249,070,102,286
147,143,249,249,070,102,286
147,143,249,249,070,102,286
147,143,249,249,070,102,286
147,143,249,249,070,102,286
147,143,249,249,070,102,286
147,143,249,249,070,102,286
147,143,249,249,070,102,286
147,143,249,249,070,102,286
148,143,249,249,070,102,286
148,143,249,250,070,102,286
148,143,249,250,071,102,286
148,143,249,250,071,102,286
148,143,249,250,071,102,286
148,144,249,250,071,102,286
148,144,249,250,071,102,286
148,144,250,250,071,102,286
148,144,250,250,071,102,286
148,144,250,250,071,102,286
148,144,250,250,071,102,286
148,144,250,250,071,102,286
148,145,250,250,071,102,286
148,145,250,250,071,102,286
148,146,250,250,071,102,286
149,146,250,251,072,102,286
149,146,250,251,072,102,286
149,146,250,251,072,102,286
149,146,250,251,072,102,286
149,146,250,251,072,102,286
149,146,250,251,072,102,286
149,146,250,251,072,102,286
149,146,250,251,072,102,286
149,146,250,251,072,102,286
149,146,250,251,072,102,286
150,146,250,251,072,102,286
150,147,250,251,072,102,286
150,147,250,251,072,102,286
150,147,250,251,072,102,286
150,147,250,251,072,102,286
150,147,250,251,072,102,286
150,147,250,251,072,102,286
150,147,250,251,072,102,286
150,147,250,251,072,102,286
150,147,250,252,073,102,286
150,147,250,252,073,102,286
150,147,250,252,073,102,286
150,147,250,252,073,102,286
150,147,251,252,073,102,290
150,147,251,252,073,102,290
151,147,251,252,073,102,290
151,147,251,252,073,102,290
151,147,251,252,073,102,290
151,147,251,252,073,102,290
151,147,251,252,073,102,290
151,147,251,252,073,102,290
151,147,251,252,073,102,290
151,147,251,252,073,102,290
151,147,251,252,073,102,290
151,147,251,252,073,102,290
151,147,251,252,073,102,290
151,147,251,252,073,102,290
151,147,251,252,073,102,291
151,147,251,252,073,102,291
151,147,251,252,073,102,291
151,147,251,252,073,102,293
151,147,251,252,073,102,293
151,147,251,252,073,102,293
151,147,251,252,073,102,293
151,147,251,252,073,102,293
152,147,251,252,073,102,293
152,147,252,252,073,102,293
152,147,252,252,073,102,293
152,147,252,252,073,102,293
152,148,252,252,073,110,293
152,148,252,252,073,110,293
152,148,252,252,073,110,293
152,148,252,252,073,110,293
152,148,252,252,073,110,293
152,148,252,253,073,110,293
152,148,252,253,073,110,293
152,148,252,253,073,110,293
152,148,252,253,074,110,293
152,148,252,253,074,110,293
152,148,252,253,074,110,293
152,148,252,253,074,115,293
152,149,252,253,074,115,293
152,149,252,253,074,115,293
152,149,252,253,074,115,293
152,149,252,253,074,115,293
152,149,252,253,074,115,293
152,149,252,253,074,115,293
152,149,252,253,074,115,293
152,149,252,253,074,115,293
152,149,252,253,074,115,293
152,149,252,253,074,115,293
152,149,252,253,074,115,293
152,149,252,253,074,115,293
152,149,252,253,074,115,293
152,149,252,253,074,115,293
152,149,252,253,074,115,293
152,149,252,253,074,115,293
152,149,252,253,074,115,293
152,149,252,253,074,115,293
152,149,252,253,074,115,293
152,149,252,253,074,115,293
152,149,252,253,074,115,293
152,149,252,253,074,115,293
152,149,252,253,074,115,293
153,149,252,253,074,115,293
153,149,252,253,074,115,293
153,149,252,253,074,115,293
153,149,252,253,074,115,293
153,150,253,253,074,115,293
153,150,253,254,074,115,293
153,150,253,254,074,115,293
153,150,253,254,074,115,293
153,150,253,254,074,115,293
153,150,253,254,074,115,293
153,150,253,254,074,115,293
153,150,253,254,074,115,293
153,150,253,254,074,115,293
153,150,253,254,074,115,293
153,150,253,254,074,115,293
153,150,253,254,074,115,293
153,150,253,254,074,115,293
153,151,253,254,074,115,293
153,151,253,254,074,115,293
153,151,253,254,074,115,293
153,151,253,254,074,115,293
153,151,253,254,074,115,293
153,151,253,254,074,115,293
153,151,253,254,074,115,293
153,151,253,254,074,132,294
153,151,253,254,074,132,294
153,151,253,254,074,132,294
153,152,253,254,074,132,294
153,152,253,254,074,132,294
153,152,253,254,074,132,295
154,152,253,254,074,132,295
154,152,253,254,074,132,295
154,152,253,254,074,132,295
154,152,253,254,074,132,295
154,152,253,254,074,132,295
154,152,253,254,074,132,295
154,152,253,254,074,132,295
154,152,253,254,074,132,295
154,152,253,254,074,132,295
154,152,253,254,074,132,295
154,152,253,254,074,132,295
154,152,253,254,074,132,295
154,152,254,254,074,132,295
154,152,254,254,075,132,295
154,152,254,254,075,132,295
154,152,254,255,075,132,295
154,153,254,255,075,132,295
154,153,254,255,075,132,295
154,153,254,255,075,132,295
154,153,254,255,075,132,295
154,153,254,255,075,132,295
154,153,254,255,075,132,295
154,153,254,255,075,132,295
154,153,254,255,075,132,295
154,153,254,255,075,132,295
154,153,254,255,075,132,295
154,153,254,255,075,132,295
154,153,254,255,075,132,295
155,153,254,255,075,132,295
155,153,254,255,076,132,295
155,153,254,255,076,132,295
155,153,254,255,076,132,295
155,153,254,255,076,132,295
155,153,254,255,076,132,295
155,153,254,255,076,132,295
155,153,254,255,076,132,295
155,153,254,255,076,132,295
155,153,254,255,076,132,295
155,153,254,255,076,132,295
155,153,254,255,076,132,295
155,153,254,255,076,132,295
155,153,254,255,076,132,295
155,153,254,255,076,132,295
155,153,254,255,076,132,295
155,153,254,255,076,132,295
155,153,254,255,076,132,295
155,153,254,255,076,183,295
155,153,254,256,076,187,295
155,153,254,256,076,188,295
155,153,254,256,076,188,295
155,153,254,256,076,189,295
155,153,254,256,076,189,295
155,154,254,256,076,191,295
155,154,254,256,076,191,295
155,154,254,256,076,191,295
155,154,254,256,076,191,295
155,154,254,256,076,191,295
155,154,254,256,076,192,295
155,154,254,256,076,192,295
155,154,254,256,076,192,295
155,154,254,256,076,192,295
155,154,255,256,076,192,295
155,155,255,256,076,193,295
155,155,255,256,076,193,295
155,155,255,256,076,193,296
155,155,255,256,077,194,296
155,155,255,256,077,195,296
155,155,255,256,077,195,296
155,155,255,256,077,196,296
155,155,255,256,077,196,296
155,155,255,256,077,197,296
155,155,255,256,077,197,296
155,155,255,256,077,197,296
155,155,255,256,077,198,296
155,155,255,256,077,200,296
155,155,255,256,077,200,296
156,155,255,256,077,201,296
156,155,255,256,078,201,296
156,155,255,256,078,201,296
156,155,255,256,078,202,296
156,155,255,256,078,203,296
156,155,255,256,078,203,296
156,155,255,256,078,203,296
156,155,255,256,078,203,296
156,155,255,256,078,204,296
156,155,255,256,078,204,296
156,155,255,256,078,204,296
156,155,255,256,078,204,296
156,155,255,256,078,204,297
156,155,255,256,078,205,297
156,155,255,256,078,205,297
156,155,255,256,079,205,297
156,155,255,257,079,205,297
156,155,255,257,079,205,297
156,156,255,257,079,205,297
156,156,255,257,079,206,297
156,156,255,257,079,206,297
156,156,255,257,079,206,297
157,156,255,257,079,206,297
157,156,255,257,079,206,297
157,156,255,257,079,207,297
157,156,255,257,079,207,297
157,156,255,257,079,208,297
157,156,255,257,079,208,297
157,156,255,257,079,209,297
157,156,256,257,079,209,297
157,156,256,257,079,209,297
157,156,256,257,079,209,297
157,156,256,257,079,209,297
157,156,256,257,079,209,297
157,156,256,257,079,209,297
157,156,256,257,079,209,297
157,156,256,257,079,210,298
157,156,256,257,079,211,298
157,156,256,257,079,211,298
157,156,256,257,079,211,298
157,156,256,257,079,211,298
157,156,256,257,080,211,298
157,156,256,257,080,211,298
157,157,256,257,080,211,298
157,157,256,257,080,211,298
157,157,256,257,080,211,298
158,157,256,257,080,212,298
158,157,256,257,080,212,298
158,157,256,257,081,212,298
158,157,256,257,081,213,298
158,157,256,257,081,213,298
159,157,256,257,081,213,298
159,157,256,257,081,213,298
159,157,256,258,081,214,298
159,158,256,258,081,214,298
159,158,256,258,081,214,298
159,158,256,258,081,215,298
159,158,256,258,081,215,298
159,158,256,258,081,215,298
159,158,256,258,081,215,298
159,158,256,258,081,216,298
159,158,256,258,081,217,298
159,158,256,258,081,217,298
159,158,256,258,081,217,298
159,159,257,258,081,217,298
159,159,257,258,081,217,298
159,159,257,258,081,217,298
159,159,257,258,081,218,298
159,159,257,258,081,218,298
159,159,257,258,081,218,298
160,159,257,258,081,219,298
160,159,257,258,081,219,298
160,159,257,258,081,219,298
160,159,257,258,081,219,298
160,159,257,258,081,220,298
160,159,257,258,082,220,298
160,159,257,258,082,220,298
160,160,257,258,082,220,298
160,160,257,258,082,220,298
160,160,257,258,082,220,298
160,160,257,258,082,220,298
160,160,257,258,082,220,298
160,160,257,258,082,220,298
160,160,257,258,082,221,298
160,160,257,258,082,221,298
160,160,257,258,082,221,298
160,160,257,258,082,221,298
160,160,257,258,082,221,298
161,160,257,258,082,221,298
161,160,257,258,083,222,298
161,160,257,258,083,222,299
161,160,257,258,083,222,299
161,160,257,258,083,222,299
161,160,257,258,083,222,300
161,160,257,258,083,222,300
161,160,257,258,083,222,300
161,160,257,258,083,222,300
161,160,257,258,083,222,300
161,160,257,258,083,222,300
161,161,257,258,083,223,300
161,161,257,258,083,223,300
161,161,257,258,083,223,300
161,161,257,258,083,223,300
161,161,257,258,084,224,300
161,161,257,258,084,224,300
162,161,257,258,084,224,300
162,161,258,258,084,225,300
162,161,258,258,084,225,300
162,161,258,258,084,225,300
162,161,258,258,084,225,300
162,161,258,258,084,225,300
162,161,258,259,084,225,300
162,161,258,259,084,226,300
162,161,258,259,084,226,300
162,161,258,259,084,226,300
162,161,258,259,084,226,300
162,161,258,259,084,227,300
162,161,258,259,084,228,300
162,161,258,259,084,228,300
162,161,258,259,084,229,300
163,161,258,259,084,229,300
163,161,258,259,084,229,300
163,161,258,259,084,229,300
163,161,258,259,084,229,300
163,161,258,259,084,229,300
163,161,258,259,084,229,303
163,162,258,259,084,230,303
163,162,258,259,085,230,303
163,162,258,259,085,230,303
164,162,258,259,085,230,303
164,162,258,259,085,232,303
164,162,258,259,085,232,303
164,162,258,259,085,232,303
164,162,258,259,085,232,303
164,162,258,259,085,232,303
164,162,258,259,085,232,303
164,162,258,259,085,232,303
164,162,258,259,085,232,303
164,162,258,259,085,232,303
164,162,258,259,085,232,303
164,162,258,259,085,232,303
164,162,258,259,085,233,303
164,162,258,259,085,233,303
164,162,258,259,085,233,303
164,162,258,259,086,233,303
164,162,258,259,086,234,303
164,162,258,259,086,234,303
164,162,258,259,086,234,303
164,162,258,259,086,234,303
164,162,258,259,086,234,303
164,162,258,259,086,234,303
164,162,258,259,086,234,303
164,162,258,259,086,234,303
166,162,258,259,086,235,303
166,162,258,259,086,235,303
166,162,258,259,086,235,303
166,162,258,259,086,235,303
166,162,258,259,087,236,303
166,162,258,259,087,236,303
166,162,258,259,087,236,304
166,163,258,259,087,236,304
166,163,258,259,087,237,304
166,163,258,259,087,237,305
166,163,258,259,087,237,305
167,163,258,259,087,238,305
167,163,258,259,087,238,305
167,163,258,259,087,238,305
167,163,258,259,087,239,305
167,163,258,259,087,239,305
167,163,258,259,087,239,305
167,163,258,259,087,239,305
167,163,259,259,087,239,305
167,163,259,259,087,239,305
167,163,259,259,087,240,305
167,163,259,260,088,240,305
167,164,259,260,088,241,305
167,164,259,260,088,242,308
167,164,259,260,088,242,308
167,164,259,260,088,242,308
167,164,259,260,088,242,308
167,164,259,260,088,242,308
167,164,259,260,088,244,308
167,164,259,260,088,244,308
167,164,259,260,088,244,308
167,164,259,260,088,245,308
167,164,259,260,088,245,308
167,164,259,260,088,245,308
167,164,259,260,088,245,308
167,164,259,260,088,245,308
167,164,259,260,088,245,308
167,164,259,260,088,245,308
167,164,259,260,088,245,308
167,164,259,260,088,245,308
168,164,259,260,088,245,308
168,164,259,260,088,245,308
168,164,259,260,088,245,308
168,165,259,260,088,245,308
168,165,259,260,088,245,308
168,165,259,260,088,245,308
168,165,259,260,088,245,308
168,165,259,260,088,245,310
168,165,259,260,088,245,310
168,165,259,260,088,246,310
168,165,259,260,088,246,310
168,166,259,260,088,246,310
168,166,259,260,088,246,310
168,166,259,260,088,247,310
168,166,259,260,088,247,310
169,166,259,260,088,247,310
169,166,259,260,088,247,310
169,166,259,260,088,247,310
169,166,259,260,088,247,310
169,166,259,260,089,247,310
169,167,259,260,089,247,310
169,167,259,260,089,247,310
169,167,259,260,090,247,310
169,167,259,260,090,247,310
170,167,259,260,090,247,310
170,167,259,260,090,247,310
170,167,259,260,091,247,310
170,167,259,260,091,247,310
170,167,259,260,091,247,310
170,167,259,260,091,247,310
170,167,259,260,091,247,310
171,167,260,260,091,247,310
171,167,260,260,091,247,310
171,167,260,261,091,247,311
171,167,260,261,091,247,311
171,167,260,261,091,247,311
171,167,260,261,092,247,311
171,167,260,261,093,247,311
171,167,260,261,093,247,311
171,167,260,261,093,247,311
171,167,260,261,094,247,311
171,168,260,261,094,247,311
171,168,260,261,095,247,311
172,168,260,261,095,247,311
172,168,260,261,095,247,311
172,168,260,261,095,247,311
172,168,260,261,095,247,311
172,168,260,261,095,247,311
172,168,260,261,095,247,311
172,168,260,261,095,247,311
172,168,260,261,095,247,311
172,168,260,261,095,247,311
172,168,260,261,095,247,311
172,168,260,261,095,247,311
172,168,260,261,095,247,312
172,168,260,261,095,247,312
172,168,260,261,095,247,312
173,168,260,261,095,248,312
173,168,260,262,095,248,312
173,168,260,262,095,248,312
173,168,260,262,095,248,312
173,168,260,262,095,248,312
173,168,260,262,095,248,312
173,168,260,262,095,248,312
173,168,260,262,095,248,312
173,169,260,262,095,248,312
173,169,260,262,095,248,312
173,169,260,262,095,248,312
173,169,260,262,095,248,312
173,169,260,262,095,248,312
174,169,260,262,095,248,312
174,169,260,262,095,248,312
174,169,260,262,095,248,312
175,169,260,262,095,248,312
175,169,260,262,095,248,312
176,169,260,262,095,248,312
176,169,260,262,095,248,312
177,169,260,262,095,248,312
177,169,260,262,095,248,312
177,169,260,262,095,248,312
177,169,260,262,095,248,312
177,170,260,262,095,248,312
177,170,260,262,095,248,312
177,170,260,262,095,248,313
177,170,260,262,095,248,313
178,170,260,262,095,248,313
178,170,260,262,095,248,313
178,170,260,262,095,248,313
178,170,260,262,095,248,313
178,170,260,262,095,248,313
178,170,260,262,095,248,313
178,170,260,262,095,248,313
178,170,260,262,095,248,313
178,171,260,262,095,248,313
178,171,260,262,095,248,313
178,171,260,262,095,248,313
178,171,260,262,095,248,313
179,171,260,263,095,248,313
179,171,261,263,095,249,313
179,171,261,263,095,249,313
180,171,261,263,095,249,313
180,171,261,263,095,249,313
181,172,261,263,095,249,313
181,172,261,263,095,249,313
181,172,261,263,095,249,313
181,172,261,263,095,249,313
181,172,261,263,095,249,316
181,172,261,263,095,249,316
181,172,261,263,095,249,316
181,172,261,263,095,249,316
181,172,261,263,095,249,316
181,172,261,263,095,249,316
181,172,261,263,095,249,316
181,172,261,263,095,249,316
181,172,261,263,095,249,316
181,172,261,263,095,249,316
181,172,261,263,095,249,316
181,172,261,263,095,249,316
181,172,261,263,095,249,316
181,172,261,263,095,249,316
181,172,261,263,095,249,316
181,172,261,263,095,250,316
181,172,261,263,095,250,316
181,172,261,263,095,250,316
181,172,261,263,095,250,316
181,172,261,263,095,250,316
181,172,261,263,095,250,316
181,172,261,264,095,250,316
181,172,261,264,095,250,316
181,172,261,264,095,250,316
181,172,261,264,095,250,316
181,172,261,264,095,250,316
181,172,261,264,095,250,316
181,172,261,264,095,250,316
182,172,261,264,095,250,316
182,172,261,264,095,250,316
182,172,261,264,095,250,316
182,172,261,264,095,250,316
182,172,261,264,095,250,316
183,172,261,264,095,250,316
183,172,261,264,095,250,316
183,172,261,264,095,250,316
183,172,261,264,095,250,316
183,172,261,264,095,250,316
183,172,261,264,095,250,316
183,172,261,264,095,250,316
183,172,262,264,095,250,316
184,172,262,264,095,250,316
184,172,262,264,095,250,316
184,172,262,264,095,250,316
184,172,262,264,096,250,316
184,172,262,264,096,250,316
184,172,262,264,096,250,316
184,172,262,264,096,251,316
184,172,262,264,096,251,316
184,172,262,265,096,251,316
184,172,262,265,096,251,316
184,172,262,265,097,251,316
184,172,262,265,097,251,316
184,172,262,265,097,251,316
184,172,262,265,097,251,316
185,172,262,265,097,251,316
185,172,262,265,097,251,316
185,172,262,265,097,251,316
185,172,262,265,097,251,316
185,172,262,265,097,251,316
185,172,262,265,097,251,316
185,172,262,265,097,251,316
191,172,262,265,097,251,316
191,172,262,265,097,251,316
191,172,262,265,098,251,316
194,172,262,265,099,251,316
194,172,262,265,100,251,316
194,172,262,265,100,251,316
194,172,262,265,101,251,316
194,172,262,265,101,251,316
194,172,262,265,101,251,316
194,172,262,265,101,251,316
194,172,262,265,101,251,316
194,172,262,265,101,251,316
194,172,262,265,101,251,316
194,172,262,266,101,251,316
194,172,262,266,101,251,316
194,172,262,266,101,252,316
194,172,262,266,101,252,316
194,172,262,266,101,252,316
194,172,262,266,101,252,316
194,172,262,266,101,252,316
194,172,262,266,102,252,316
194,172,262,266,102,252,316
194,172,262,266,102,252,316
194,172,262,266,103,252,316
194,172,262,266,103,252,316
194,172,262,266,103,252,316
194,172,262,266,103,252,316
194,172,262,266,103,252,316
194,172,262,266,103,252,316
194,172,262,266,103,252,316
194,172,262,266,103,252,316
194,172,262,266,103,252,316
194,172,262,266,103,252,316
194,172,262,266,103,252,316
194,172,262,266,103,253,316
194,172,263,267,103,253,316
194,172,263,267,103,253,316
194,172,263,267,103,253,316
194,172,263,267,103,253,316
194,172,263,267,103,253,316
194,172,263,267,103,253,316
194,172,263,267,104,253,316
194,172,263,267,104,253,316
194,172,263,267,104,253,316
194,172,263,267,104,253,316
194,172,263,267,104,253,316
194,172,263,267,104,253,316
194,172,263,267,104,253,316
194,172,263,267,104,253,316
194,172,263,267,104,253,316
194,172,263,267,105,253,316
194,172,263,267,105,253,316
194,172,263,267,105,253,316
195,172,263,267,105,253,316
195,172,263,267,105,253,316
195,172,263,267,105,253,316
195,172,263,267,106,253,316
195,172,263,267,107,253,316
195,172,263,267,107,253,316
195,172,263,267,107,253,316
195,172,263,267,107,253,316
195,172,263,267,107,253,316
195,172,263,267,108,253,316
195,172,263,267,108,253,316
195,172,263,268,108,253,316
195,172,263,268,108,253,316
195,172,263,268,108,253,316
195,172,263,268,108,254,316
195,172,263,268,108,254,316
195,172,263,268,108,254,316
195,172,263,268,109,254,316
195,172,263,268,109,254,316
195,172,263,268,109,254,316
195,172,263,268,109,254,316
195,172,263,268,110,254,316
195,172,263,268,110,254,316
195,172,263,268,111,254,316
195,172,263,268,111,254,316
195,172,263,268,112,254,316
195,172,263,268,112,254,316
195,172,263,268,112,254,316
195,172,263,268,112,254,316
195,172,263,268,112,254,316
195,172,263,268,112,254,316
195,172,263,268,112,254,316
195,172,263,268,112,254,316
195,172,263,268,112,254,316
195,172,263,268,113,254,316
195,172,263,268,113,254,316
195,172,264,268,114,254,316
195,172,264,268,114,254,316
195,172,264,268,114,254,316
195,172,264,268,114,254,316
195,172,264,268,114,255,316
195,172,264,268,114,255,316
195,173,264,268,114,255,316
195,173,264,269,115,255,316
195,174,264,269,115,255,316
195,174,264,269,115,255,317
195,174,264,269,115,255,317
195,174,264,269,115,255,317
195,174,264,269,115,255,317
195,175,264,269,115,255,317
196,175,264,269,115,255,317
196,175,264,269,115,255,317
196,175,264,269,115,255,317
196,175,264,269,115,255,317
196,175,264,269,115,255,317
199,175,264,269,115,255,317
199,175,264,269,115,255,318
199,175,264,269,115,255,318
205,175,264,269,115,256,318
205,175,264,269,115,256,318
205,176,264,269,115,256,318
205,176,264,269,115,256,318
205,176,264,269,115,256,318
205,176,264,269,115,256,318
205,176,264,269,115,256,318
205,176,264,269,115,256,318
205,176,264,270,115,256,318
205,176,264,270,115,256,318
205,177,264,270,115,256,318
205,177,264,270,115,256,318
205,177,264,270,115,256,318
205,177,264,270,115,257,318
205,177,264,270,115,257,318
205,177,264,270,115,257,318
205,177,264,270,115,257,318
207,177,264,270,115,257,318
207,177,264,270,115,257,318
207,177,264,270,115,257,318
213,177,264,270,115,257,319
213,177,264,270,115,257,319
217,177,264,270,115,257,319
217,177,264,270,115,257,325
219,177,264,271,115,257,325
219,177,264,271,115,257,328
225,177,264,271,115,257,328
225,177,264,271,115,257,328
236,177,264,271,115,257,328
236,177,264,271,115,257,328
238,177,264,271,115,257,328
238,177,264,271,115,257,328
239,177,264,271,115,257,328
239,177,264,271,115,257,328
239,177,264,271,115,257,328
239,177,264,271,115,257,328
239,177,264,271,115,257,328
239,177,264,271,115,257,328
239,177,264,271,115,257,328
239,177,264,271,115,257,328
239,177,264,271,115,257,328
239,177,265,271,115,257,328
239,177,265,271,115,257,328
239,177,265,271,115,257,328
239,177,265,271,115,257,328
239,177,265,271,115,258,328
239,177,265,271,115,258,328
239,177,265,271,115,258,328
239,177,265,271,115,258,328
239,177,265,271,115,258,328
239,177,265,272,115,258,328
239,177,265,272,115,258,328
239,177,265,272,115,258,328
239,177,265,272,115,258,328
239,177,265,272,115,259,328
239,177,265,272,115,259,328
239,177,265,272,115,259,328
239,177,265,272,115,259,328
239,177,265,272,115,259,328
239,177,265,272,115,259,328
239,177,265,273,115,259,328
239,177,265,273,115,259,328
239,177,265,273,115,259,328
239,177,265,273,115,259,328
239,177,265,273,115,259,328
239,177,265,273,115,259,328
239,177,265,273,115,259,328
239,177,265,273,115,259,328
239,177,265,273,116,259,328
239,177,265,273,116,259,328
239,178,265,273,116,259,328
239,178,265,273,116,259,328
239,179,265,274,117,259,328
239,179,265,274,119,259,328
239,179,265,274,119,259,328
239,179,265,274,119,259,
239,179,265,274,119,259,
239,180,265,274,119,259,
239,180,265,274,119,259,
239,180,265,275,119,259,
239,181,265,275,119,259,
239,181,265,275,121,259,
239,181,265,275,121,259,
239,181,265,275,121,259,
239,181,265,275,121,259,
239,181,265,275,121,259,
239,181,265,275,121,259,
239,181,265,275,121,259,
239,181,265,275,121,259,
239,181,265,275,121,259,
239,181,265,275,121,259,
239,181,265,275,121,259,
239,181,265,276,121,259,
239,182,265,276,121,259,
239,182,265,276,121,259,
239,182,265,276,121,259,
239,182,265,276,121,259,
239,182,265,276,121,259,
239,182,265,277,121,259,
239,182,265,277,121,259,
239,182,265,277,121,259,
239,182,266,277,121,259,
239,182,266,277,121,259,
239,182,266,277,121,259,
239,182,266,277,121,259,
239,182,266,277,121,259,
239,182,266,277,121,259,
239,182,266,277,122,259,
239,182,266,277,122,259,
239,182,266,278,123,259,
239,182,266,278,123,259,
239,182,266,278,125,259,
239,182,266,278,127,260,
239,182,266,278,128,260,
239,182,266,278,129,260,
239,182,266,279,131,260,
239,182,266,279,131,260,
239,182,266,279,133,260,
239,182,266,279,145,260,
239,182,266,279,156,260,
239,182,266,279,156,260,
239,182,266,279,156,260,
239,182,266,279,156,260,
239,182,266,279,156,260,
239,182,266,279,163,260,
239,182,266,279,163,260,
239,182,266,279,163,260,
239,182,266,279,163,261,
239,182,266,279,163,261,
239,182,266,279,253,261,
239,182,266,282,253,261,
239,182,266,282,255,261,
239,182,266,282,255,261,
239,182,266,282,256,261,
239,182,266,282,256,261,
239,182,266,282,257,261,
239,182,266,282,257,261,
240,182,266,282,258,261,
240,182,266,283,258,261,
242,182,266,283,258,261,
242,182,266,283,258,261,
242,182,266,283,258,261,
242,182,266,283,259,261,
243,182,266,283,259,261,
243,182,266,283,259,261,
243,182,266,284,259,262,
243,182,266,284,259,262,
244,182,266,285,259,262,
244,182,266,285,259,262,
244,182,266,285,261,262,
245,182,266,285,261,262,
245,182,266,285,261,262,
245,182,266,286,261,262,
245,182,266,286,261,262,
245,182,266,289,261,262,
245,182,266,290,261,262,
245,182,267,290,261,262,
245,182,267,290,261,262,
245,182,267,290,261,262,
245,182,267,291,261,262,
246,182,267,291,261,262,
246,182,267,291,261,262,
246,182,267,291,261,262,
246,182,267,293,261,263,
246,182,267,294,261,263,
246,182,267,296,261,263,
246,182,267,297,261,263,
246,182,267,299,261,263,
246,182,267,301,261,263,
246,182,267,301,261,263,
247,182,267,301,261,263,
247,182,267,301,261,263,
247,182,267,304,261,263,
247,182,267,306,261,263,
248,182,267,,261,263,
248,182,267,,261,263,
248,182,267,,261,263,
248,182,267,,261,263,
248,182,267,,261,263,
248,182,267,,261,263,
248,182,267,,261,263,
248,182,267,,261,263,
248,182,267,,261,263,
248,182,267,,261,263,
248,182,267,,261,263,
248,182,267,,261,263,
248,182,267,,261,263,
248,183,267,,261,263,
248,183,267,,261,263,
248,183,267,,261,263,
248,183,267,,261,263,
249,183,267,,261,263,
249,183,267,,261,263,
249,184,267,,261,263,
249,184,267,,261,263,
249,184,267,,261,263,
249,187,267,,261,263,
249,187,267,,261,263,
249,187,267,,261,263,
249,187,267,,261,263,
249,188,267,,261,263,
249,190,267,,261,263,
249,190,267,,261,263,
249,190,267,,261,263,
249,194,267,,261,263,
249,196,267,,261,263,
249,196,267,,261,263,
249,197,267,,261,263,
249,198,267,,261,263,
249,198,267,,261,263,
249,198,267,,261,263,
249,198,267,,261,263,
249,198,267,,261,263,
250,198,267,,261,263,
250,198,268,,261,263,
250,206,268,,261,263,
250,206,268,,261,263,
250,206,268,,261,263,
251,206,268,,261,263,
251,219,268,,261,263,
251,221,268,,261,263,
251,231,268,,261,263,
251,239,268,,261,263,
251,239,268,,261,263,
251,239,268,,261,263,
251,239,268,,261,263,
252,239,268,,261,263,
252,239,268,,261,263,
252,239,268,,261,263,
252,239,268,,261,263,
252,239,268,,261,263,
252,239,268,,261,263,
252,239,268,,261,263,
252,239,268,,261,263,
252,239,268,,261,264,
252,239,268,,261,264,
252,239,268,,261,264,
252,239,268,,261,264,
252,239,268,,261,264,
252,239,268,,261,264,
253,239,268,,261,264,
253,239,268,,261,264,
253,239,268,,261,264,
253,239,268,,261,264,
253,239,268,,261,264,
253,239,268,,261,264,
253,239,268,,261,264,
253,239,268,,261,264,
254,239,268,,261,264,
254,239,268,,262,264,
254,239,268,,262,264,
254,239,268,,262,264,
254,239,268,,262,264,
255,239,268,,262,264,
255,239,268,,263,264,
255,239,268,,263,264,
255,239,268,,263,264,
255,239,268,,263,264,
255,239,268,,263,264,
255,239,268,,263,264,
255,239,268,,263,264,
255,239,268,,264,264,
255,239,268,,264,264,
255,239,268,,264,264,
255,239,268,,264,264,
256,239,268,,264,264,
256,239,268,,265,264,
256,239,268,,265,264,
257,239,269,,267,264,
257,239,269,,267,264,
257,239,269,,267,264,
257,239,269,,267,264,
258,239,269,,267,264,
258,239,269,,267,264,
259,239,269,,267,264,
259,239,269,,268,264,
259,239,269,,268,264,
259,239,269,,268,265,
259,239,269,,268,265,
265,239,269,,268,265,
265,239,269,,269,265,
265,239,269,,269,265,
265,239,269,,269,265,
265,239,269,,269,265,
265,239,269,,269,265,
265,239,269,,269,265,
,239,269,,269,265,
,239,269,,270,265,
,239,269,,270,265,
,239,269,,271,265,
,239,269,,271,265,
,239,269,,271,265,
,239,269,,271,265,
,239,269,,271,265,
,239,269,,271,265,
,239,269,,271,265,
,239,269,,271,265,
,239,269,,271,265,
,239,269,,271,265,
,239,269,,271,265,
,239,269,,271,265,
,239,269,,273,265,
,239,269,,273,265,
,239,269,,273,265,
,239,269,,273,265,
,239,269,,273,265,
,239,269,,273,265,
,239,269,,273,265,
,239,269,,276,265,
,239,269,,276,265,
,239,269,,278,266,
,239,269,,278,266,
,239,269,,278,266,
,239,269,,278,266,
,239,269,,278,266,
,239,269,,278,266,
,239,269,,278,266,
,239,269,,279,266,
,239,269,,279,266,
,239,270,,279,266,
,239,270,,279,266,
,239,270,,279,266,
,241,270,,280,266,
,241,270,,280,266,
,241,270,,280,266,
,241,270,,280,266,
,243,270,,280,266,
,243,270,,280,266,
,243,270,,280,266,
,243,270,,280,266,
,243,270,,280,266,
,243,270,,282,266,
,243,270,,282,266,
,245,270,,282,266,
,245,270,,282,266,
,245,270,,282,267,
,245,270,,283,267,
,245,270,,283,267,
,245,270,,283,267,
,245,270,,283,267,
,245,270,,285,267,
,245,270,,285,267,
,245,270,,289,267,
,245,270,,289,267,
,245,270,,291,267,
,245,270,,291,267,
,245,270,,291,267,
,245,270,,291,267,
,246,270,,291,267,
,247,270,,293,268,
,247,270,,293,268,
,247,270,,293,268,
,249,270,,293,268,
,249,270,,293,268,
,250,270,,293,268,
,252,270,,293,268,
,252,270,,294,268,
,252,270,,294,268,
,252,270,,296,268,
,252,270,,296,268,
,252,270,,296,268,
,252,270,,296,268,
,253,270,,296,268,
,253,270,,296,268,
,253,270,,296,268,
,253,270,,296,268,
,254,270,,296,268,
,254,270,,296,268,
,254,270,,296,268,
,254,270,,296,268,
,254,270,,296,268,
,254,270,,296,268,
,254,270,,297,269,
,257,270,,297,269,
,257,270,,302,269,
,257,270,,302,269,
,257,270,,302,269,
,259,271,,302,269,
,259,271,,302,269,
,259,271,,302,269,
,259,271,,302,269,
,,271,,302,269,
,,271,,302,269,
,,271,,302,269,
,,271,,303,269,
,,271,,303,269,
,,271,,307,269,
,,271,,307,269,
,,271,,307,269,
,,271,,307,269,
,,271,,309,269,
,,271,,309,269,
,,271,,309,270,
,,271,,309,270,
,,271,,309,270,
,,271,,310,270,
,,271,,310,270,
,,271,,310,270,
,,271,,310,270,
,,271,,310,271,
,,271,,312,271,
,,271,,312,271,
,,271,,312,271,
,,271,,312,271,
,,271,,312,271,
,,271,,314,271,
,,271,,314,271,
,,271,,314,271,
,,271,,314,271,
,,271,,318,271,
,,271,,318,271,
,,271,,320,271,
,,271,,320,271,
,,271,,320,271,
,,271,,320,271,
,,271,,320,271,
,,271,,321,271,
,,271,,321,272,
,,271,,322,272,
,,271,,322,272,
,,271,,325,272,
,,271,,325,272,
,,271,,326,272,
,,271,,326,273,
,,271,,326,273,
,,271,,326,273,
,,271,,326,273,
,,271,,326,273,
,,271,,326,273,
,,272,,326,273,
,,272,,326,273,
,,272,,326,273,
,,272,,328,273,
,,272,,328,273,
,,272,,328,273,
,,272,,328,273,
,,272,,328,273,
,,272,,328,273,
,,272,,328,273,
,,272,,328,273,
,,272,,328,273,
,,272,,328,273,
,,272,,335,274,
,,272,,335,274,
,,272,,335,274,
,,272,,335,274,
,,272,,335,274,
,,272,,335,274,
,,272,,335,274,
,,272,,335,274,
,,272,,335,274,
,,272,,335,274,
,,272,,335,274,
,,272,,335,274,
,,272,,336,274,
,,272,,336,274,
,,272,,339,274,
,,272,,339,274,
,,272,,339,274,
,,272,,339,274,
,,272,,344,274,
,,272,,344,274,
,,272,,346,274,
,,272,,346,274,
,,272,,349,274,
,,272,,349,274,
,,272,,,274,
,,272,,,274,
,,272,,,274,
,,272,,,274,
,,272,,,274,
,,272,,,274,
,,272,,,274,
,,272,,,274,
,,272,,,274,
,,272,,,274,
,,272,,,275,
,,272,,,275,
,,272,,,275,
,,272,,,275,
,,272,,,275,
,,272,,,275,
,,272,,,275,
,,272,,,275,
,,272,,,275,
,,272,,,275,
,,272,,,275,
,,273,,,275,
,,273,,,275,
,,273,,,275,
,,273,,,276,
,,273,,,276,
,,273,,,277,
,,273,,,277,
,,273,,,277,
,,273,,,277,
,,273,,,277,
,,273,,,277,
,,273,,,277,
,,273,,,277,
,,273,,,277,
,,273,,,277,
,,273,,,277,
,,273,,,278,
,,273,,,278,
,,273,,,278,
,,273,,,278,
,,273,,,278,
,,273,,,278,
,,273,,,278,
,,273,,,278,
,,273,,,278,
,,273,,,278,
,,273,,,278,
,,273,,,278,
,,273,,,278,
,,273,,,278,
,,273,,,278,
,,273,,,278,
,,273,,,278,
,,273,,,278,
,,273,,,278,
,,273,,,278,
,,273,,,278,
,,273,,,278,
,,273,,,278,
,,273,,,279,
,,273,,,279,
,,273,,,279,
,,273,,,279,
,,273,,,279,
,,273,,,279,
,,273,,,280,
,,273,,,280,
,,273,,,280,
,,273,,,280,
,,273,,,280,
,,273,,,280,
,,273,,,280,
,,273,,,280,
,,273,,,280,
,,273,,,280,
,,273,,,280,
,,273,,,280,
,,273,,,280,
,,273,,,280,
,,273,,,280,
,,273,,,280,
,,274,,,280,
,,274,,,280,
,,274,,,280,
,,274,,,280,
,,274,,,280,
,,274,,,280,
,,274,,,280,
,,274,,,280,
,,274,,,280,
,,274,,,280,
,,274,,,281,
,,274,,,281,
,,274,,,281,
,,274,,,281,
,,274,,,281,
,,274,,,281,
,,274,,,281,
,,274,,,281,
,,274,,,281,
,,274,,,281,
,,274,,,281,
,,274,,,281,
,,274,,,281,
,,274,,,281,
,,274,,,281,
,,274,,,281,
,,274,,,281,
,,274,,,281,
,,274,,,281,
,,274,,,281,
,,274,,,281,
,,274,,,281,
,,274,,,281,
,,274,,,281,
,,274,,,281,
,,274,,,281,
,,274,,,282,
,,274,,,282,
,,274,,,282,
,,274,,,283,
,,274,,,283,
,,274,,,283,
,,274,,,283,
,,274,,,283,
,,274,,,283,
,,274,,,283,
,,274,,,283,
,,274,,,283,
,,274,,,283,
,,274,,,283,
,,274,,,283,
,,274,,,283,
,,274,,,283,
,,274,,,283,
,,274,,,283,
,,274,,,283,
,,274,,,283,
,,274,,,283,
,,275,,,283,
,,275,,,283,
,,275,,,283,
,,275,,,284,
,,275,,,284,
,,275,,,284,
,,275,,,284,
,,275,,,284,
,,275,,,284,
,,275,,,284,
,,275,,,284,
,,275,,,284,
,,275,,,284,
,,275,,,284,
,,275,,,284,
,,275,,,284,
,,275,,,284,
,,275,,,284,
,,275,,,284,
,,275,,,284,
,,275,,,285,
,,275,,,285,
,,275,,,285,
,,275,,,285,
,,275,,,285,
,,275,,,285,
,,275,,,285,
,,275,,,285,
,,275,,,285,
,,275,,,285,
,,275,,,285,
,,275,,,285,
,,275,,,285,
,,275,,,285,
,,275,,,285,
,,275,,,285,
,,275,,,285,
,,275,,,285,
,,275,,,285,
,,275,,,286,
,,275,,,286,
,,275,,,286,
,,275,,,286,
,,275,,,286,
,,275,,,286,
,,275,,,286,
,,275,,,286,
,,275,,,286,
,,276,,,286,
,,276,,,286,
,,276,,,286,
,,276,,,287,
,,276,,,287,
,,276,,,287,
,,276,,,287,
,,276,,,287,
,,276,,,287,
,,276,,,287,
,,276,,,287,
,,276,,,287,
,,276,,,287,
,,276,,,287,
,,276,,,287,
,,276,,,287,
,,276,,,287,
,,276,,,287,
,,276,,,287,
,,276,,,287,
,,276,,,287,
,,276,,,287,
,,276,,,287,
,,276,,,287,
,,276,,,287,
,,276,,,287,
,,276,,,287,
,,276,,,287,
,,276,,,287,
,,276,,,287,
,,276,,,287,
,,276,,,288,
,,276,,,289,
,,276,,,289,
,,276,,,289,
,,276,,,289,
,,276,,,289,
,,276,,,289,
,,276,,,289,
,,276,,,289,
,,276,,,289,
,,276,,,289,
,,276,,,290,
,,276,,,290,
,,276,,,290,
,,276,,,290,
,,276,,,290,
,,276,,,290,
,,276,,,290,
,,277,,,290,
,,277,,,290,
,,277,,,290,
,,277,,,291,
,,277,,,291,
,,277,,,291,
,,277,,,291,
,,277,,,291,
,,277,,,291,
,,277,,,291,
,,277,,,291,
,,277,,,291,
,,277,,,291,
,,277,,,292,
,,277,,,292,
,,277,,,292,
,,277,,,292,
,,277,,,292,
,,277,,,292,
,,277,,,292,
,,277,,,292,
,,277,,,292,
,,277,,,292,
,,277,,,292,
,,277,,,292,
,,277,,,292,
,,277,,,292,
,,277,,,292,
,,277,,,292,
,,277,,,292,
,,277,,,292,
,,277,,,293,
,,277,,,293,
,,277,,,293,
,,277,,,293,
,,277,,,293,
,,277,,,293,
,,277,,,293,
,,277,,,293,
,,277,,,293,
,,278,,,293,
,,278,,,293,
,,278,,,293,
,,278,,,293,
,,278,,,293,
,,278,,,293,
,,278,,,293,
,,278,,,294,
,,278,,,294,
,,278,,,294,
,,278,,,294,
,,278,,,294,
,,278,,,294,
,,278,,,294,
,,278,,,294,
,,278,,,294,
,,278,,,294,
,,278,,,294,
,,278,,,294,
,,278,,,294,
,,278,,,294,
,,278,,,294,
,,278,,,294,
,,278,,,294,
,,278,,,294,
,,278,,,294,
,,278,,,294,
,,278,,,294,
,,278,,,294,
,,278,,,294,
,,278,,,294,
,,278,,,294,
,,278,,,294,
,,278,,,294,
,,278,,,294,
,,278,,,294,
,,278,,,294,
,,278,,,294,
,,278,,,294,
,,278,,,295,
,,278,,,295,
,,278,,,295,
,,279,,,296,
,,279,,,296,
,,279,,,296,
,,279,,,296,
,,279,,,296,
,,279,,,296,
,,279,,,297,
,,279,,,297,
,,279,,,297,
,,279,,,297,
,,279,,,297,
,,279,,,297,
,,279,,,297,
,,279,,,297,
,,279,,,297,
,,279,,,297,
,,279,,,297,
,,279,,,297,
,,279,,,297,
,,279,,,297,
,,279,,,297,
,,279,,,297,
,,279,,,297,
,,279,,,298,
,,279,,,298,
,,279,,,298,
,,279,,,298,
,,279,,,298,
,,279,,,298,
,,279,,,298,
,,279,,,298,
,,279,,,298,
,,279,,,298,
,,279,,,298,
,,279,,,298,
,,279,,,298,
,,279,,,298,
,,279,,,298,
,,279,,,298,
,,279,,,298,
,,279,,,298,
,,279,,,298,
,,279,,,298,
,,279,,,299,
,,279,,,299,
,,279,,,299,
,,280,,,299,
,,280,,,299,
,,280,,,299,
,,280,,,299,
,,280,,,299,
,,280,,,299,
,,280,,,299,
,,280,,,299,
,,280,,,299,
,,280,,,299,
,,280,,,299,
,,280,,,299,
,,280,,,299,
,,280,,,299,
,,280,,,299,
,,280,,,299,
,,280,,,299,
,,280,,,299,
,,280,,,299,
,,280,,,300,
,,280,,,300,
,,280,,,300,
,,280,,,300,
,,280,,,300,
,,280,,,300,
,,280,,,300,
,,280,,,300,
,,280,,,301,
,,280,,,301,
,,280,,,301,
,,280,,,301,
,,280,,,301,
,,280,,,301,
,,280,,,301,
,,280,,,301,
,,280,,,301,
,,280,,,301,
,,280,,,301,
,,280,,,301,
,,281,,,301,
,,281,,,301,
,,281,,,301,
,,281,,,301,
,,281,,,301,
,,281,,,301,
,,281,,,301,
,,281,,,301,
,,281,,,301,
,,281,,,301,
,,281,,,301,
,,281,,,301,
,,281,,,301,
,,281,,,301,
,,281,,,301,
,,281,,,301,
,,281,,,301,
,,281,,,301,
,,281,,,301,
,,281,,,301,
,,281,,,301,
,,281,,,301,
,,281,,,301,
,,281,,,301,
,,281,,,301,
,,281,,,301,
,,281,,,301,
,,281,,,301,
,,281,,,301,
,,281,,,301,
,,281,,,301,
,,281,,,301,
,,281,,,301,
,,281,,,301,
,,281,,,301,
,,281,,,301,
,,281,,,301,
,,281,,,301,
,,281,,,301,
,,282,,,301,
,,282,,,301,
,,282,,,301,
,,282,,,301,
,,282,,,301,
,,282,,,301,
,,282,,,301,
,,282,,,301,
,,282,,,301,
,,282,,,301,
,,282,,,301,
,,282,,,301,
,,282,,,301,
,,282,,,301,
,,282,,,301,
,,282,,,301,
,,282,,,301,
,,282,,,301,
,,282,,,301,
,,282,,,301,
,,282,,,301,
,,282,,,301,
,,282,,,301,
,,282,,,301,
,,282,,,301,
,,282,,,301,
,,282,,,301,
,,282,,,301,
,,282,,,301,
,,282,,,301,
,,282,,,301,
,,282,,,301,
,,283,,,301,
,,283,,,301,
,,283,,,301,
,,283,,,301,
,,283,,,301,
,,283,,,301,
,,283,,,301,
,,283,,,301,
,,283,,,301,
,,283,,,301,
,,283,,,301,
,,283,,,301,
,,283,,,301,
,,283,,,301,
,,283,,,301,
,,283,,,301,
,,283,,,301,
,,283,,,301,
,,283,,,301,
,,283,,,301,
,,283,,,301,
,,283,,,301,
,,283,,,301,
,,283,,,301,
,,283,,,301,
,,283,,,301,
,,283,,,301,
,,283,,,302,
,,283,,,302,
,,283,,,302,
,,283,,,302,
,,283,,,302,
,,283,,,302,
,,283,,,302,
,,283,,,302,
,,283,,,302,
,,283,,,302,
,,283,,,302,
,,284,,,302,
,,284,,,302,
,,284,,,303,
,,284,,,303,
,,284,,,303,
,,284,,,303,
,,284,,,303,
,,284,,,303,
,,284,,,303,
,,284,,,303,
,,284,,,303,
,,284,,,303,
,,284,,,303,
,,284,,,303,
,,284,,,304,
,,284,,,304,
,,284,,,304,
,,284,,,304,
,,284,,,304,
,,284,,,304,
,,284,,,304,
,,284,,,304,
,,284,,,304,
,,284,,,304,
,,284,,,304,
,,284,,,304,
,,285,,,304,
,,285,,,304,
,,285,,,304,
,,285,,,304,
,,285,,,304,
,,285,,,304,
,,285,,,305,
,,285,,,305,
,,285,,,305,
,,285,,,305,
,,285,,,305,
,,285,,,305,
,,285,,,305,
,,285,,,305,
,,285,,,305,
,,285,,,305,
,,285,,,306,
,,285,,,306,
,,285,,,306,
,,285,,,306,
,,285,,,306,
,,285,,,306,
,,285,,,306,
,,285,,,306,
,,285,,,306,
,,285,,,306,
,,285,,,307,
,,285,,,307,
,,285,,,307,
,,285,,,307,
,,286,,,307,
,,286,,,307,
,,286,,,307,
,,286,,,307,
,,286,,,307,
,,286,,,307,
,,286,,,307,
,,286,,,307,
,,286,,,307,
,,286,,,307,
,,286,,,307,
,,286,,,307,
,,286,,,307,
,,286,,,307,
,,286,,,308,
,,286,,,308,
,,286,,,308,
,,286,,,308,
,,286,,,308,
,,286,,,308,
,,286,,,308,
,,286,,,308,
,,286,,,308,
,,286,,,308,
,,286,,,308,
,,286,,,308,
,,286,,,308,
,,286,,,308,
,,286,,,309,
,,286,,,309,
,,286,,,309,
,,286,,,309,
,,286,,,309,
,,287,,,309,
,,287,,,309,
,,287,,,310,
,,287,,,310,
,,287,,,310,
,,287,,,310,
,,287,,,310,
,,287,,,310,
,,287,,,310,
,,287,,,310,
,,287,,,311,
,,287,,,311,
,,287,,,311,
,,287,,,311,
,,287,,,311,
,,287,,,311,
,,287,,,311,
,,287,,,311,
,,287,,,311,
,,287,,,311,
,,287,,,311,
,,288,,,311,
,,288,,,311,
,,288,,,311,
,,288,,,311,
,,288,,,311,
,,288,,,311,
,,288,,,311,
,,288,,,311,
,,288,,,311,
,,288,,,311,
,,288,,,311,
,,288,,,311,
,,288,,,311,
,,288,,,312,
,,288,,,312,
,,288,,,312,
,,288,,,312,
,,288,,,312,
,,289,,,312,
,,289,,,312,
,,289,,,312,
,,289,,,312,
,,289,,,313,
,,289,,,313,
,,289,,,313,
,,289,,,313,
,,289,,,313,
,,289,,,313,
,,289,,,313,
,,289,,,313,
,,289,,,313,
,,289,,,313,
,,289,,,314,
,,289,,,314,
,,289,,,315,
,,289,,,315,
,,289,,,316,
,,290,,,316,
,,290,,,316,
,,290,,,316,
,,290,,,317,
,,290,,,317,
,,290,,,317,
,,290,,,317,
,,290,,,317,
,,290,,,317,
,,290,,,317,
,,290,,,317,
,,290,,,317,
,,290,,,317,
,,290,,,317,
,,290,,,317,
,,290,,,317,
,,290,,,317,
,,290,,,317,
,,290,,,318,
,,290,,,318,
,,290,,,318,
,,290,,,318,
,,290,,,318,
,,291,,,318,
,,291,,,318,
,,291,,,318,
,,291,,,318,
,,291,,,318,
,,291,,,318,
,,291,,,318,
,,291,,,318,
,,291,,,318,
,,291,,,318,
,,291,,,319,
,,291,,,319,
,,291,,,319,
,,292,,,319,
,,292,,,321,
,,292,,,321,
,,292,,,325,
,,292,,,325,
,,292,,,325,
,,292,,,325,
,,292,,,325,
,,292,,,325,
,,292,,,325,
,,292,,,325,
,,292,,,325,
,,293,,,325,
,,293,,,325,
,,293,,,331,
,,293,,,335,
,,293,,,346,
,,293,,,351,
,,293,,,351,
,,293,,,351,
,,293,,,351,
,,293,,,351,
,,293,,,351,
,,293,,,352,
,,293,,,355,
,,293,,,355,
,,293,,,355,
,,293,,,355,
,,293,,,355,
,,293,,,355,
,,293,,,355,
,,294,,,355,
,,294,,,355,
,,294,,,355,
,,294,,,355,
,,294,,,355,
,,294,,,355,
,,294,,,355,
,,294,,,355,
,,294,,,355,
,,294,,,355,
,,294,,,355,
,,294,,,355,
,,294,,,355,
,,294,,,355,
,,294,,,355,
,,295,,,355,
,,295,,,355,
,,295,,,355,
,,295,,,355,
,,295,,,355,
,,295,,,355,
,,295,,,355,
,,295,,,355,
,,295,,,355,
,,295,,,355,
,,295,,,355,
,,295,,,355,
,,295,,,355,
,,295,,,355,
,,296,,,355,
,,296,,,355,
,,296,,,355,
,,296,,,355,
,,296,,,355,
,,296,,,355,
,,296,,,355,
,,296,,,355,
,,296,,,355,
,,296,,,355,
,,296,,,355,
,,296,,,355,
,,296,,,355,
,,297,,,355,
,,297,,,355,
,,297,,,355,
,,297,,,355,
,,297,,,355,
,,297,,,355,
,,297,,,355,
,,297,,,355,
,,297,,,355,
,,297,,,355,
,,297,,,355,
,,297,,,355,
,,297,,,355,
,,297,,,355,
,,297,,,355,
,,297,,,355,
,,297,,,355,
,,297,,,355,
,,298,,,355,
,,298,,,355,
,,298,,,355,
,,298,,,355,
,,298,,,355,
,,298,,,355,
,,299,,,355,
,,299,,,355,
,,299,,,355,
,,299,,,355,
,,299,,,355,
,,299,,,355,
,,299,,,355,
,,299,,,355,
,,299,,,355,
,,299,,,355,
,,299,,,355,
,,300,,,355,
,,300,,,355,
,,300,,,355,
,,300,,,355,
,,300,,,355,
,,300,,,355,
,,300,,,355,
,,300,,,355,
,,300,,,355,
,,300,,,355,
,,300,,,355,
,,300,,,355,
,,300,,,355,
,,300,,,355,
,,300,,,355,
,,300,,,355,
,,301,,,357,
,,301,,,364,
,,301,,,364,
,,301,,,365,
,,301,,,,
,,301,,,,
,,301,,,,
,,301,,,,
,,301,,,,
,,301,,,,
,,301,,,,
,,301,,,,
,,301,,,,
,,301,,,,
,,301,,,,
,,301,,,,
,,301,,,,
,,301,,,,
,,301,,,,
,,301,,,,
,,301,,,,
,,301,,,,
,,301,,,,
,,302,,,,
,,302,,,,
,,302,,,,
,,302,,,,
,,302,,,,
,,302,,,,
,,302,,,,
,,302,,,,
,,302,,,,
,,302,,,,
,,302,,,,
,,302,,,,
,,302,,,,
,,302,,,,
,,302,,,,
,,302,,,,
,,302,,,,
,,303,,,,
,,303,,,,
,,303,,,,
,,303,,,,
,,303,,,,
,,303,,,,
,,303,,,,
,,303,,,,
,,303,,,,
,,303,,,,
,,303,,,,
,,303,,,,
,,303,,,,
,,303,,,,
,,303,,,,
,,303,,,,
,,303,,,,
,,303,,,,
,,304,,,,
,,304,,,,
,,304,,,,
,,304,,,,
,,304,,,,
,,304,,,,
,,304,,,,
,,304,,,,
,,304,,,,
,,304,,,,
,,304,,,,
,,304,,,,
,,304,,,,
,,304,,,,
,,304,,,,
,,304,,,,
,,304,,,,
,,304,,,,
,,305,,,,
,,305,,,,
,,305,,,,
,,305,,,,
,,305,,,,
,,305,,,,
,,305,,,,
,,305,,,,
,,305,,,,
,,305,,,,
,,305,,,,
,,305,,,,
,,305,,,,
,,305,,,,
,,306,,,,
,,306,,,,
,,306,,,,
,,306,,,,
,,306,,,,
,,306,,,,
,,306,,,,
,,306,,,,
,,306,,,,
,,306,,,,
,,306,,,,
,,306,,,,
,,306,,,,
,,306,,,,
,,306,,,,
,,307,,,,
,,307,,,,
,,307,,,,
,,307,,,,
,,307,,,,
,,307,,,,
,,307,,,,
,,308,,,,
,,308,,,,
,,308,,,,
,,308,,,,
,,308,,,,
,,308,,,,
,,308,,,,
,,308,,,,
,,308,,,,
,,308,,,,
,,308,,,,
,,309,,,,
,,309,,,,
,,309,,,,
,,309,,,,
,,309,,,,
,,309,,,,
,,309,,,,
,,309,,,,
,,309,,,,
,,309,,,,
,,309,,,,
,,309,,,,
,,310,,,,
,,310,,,,
,,310,,,,
,,310,,,,
,,310,,,,
,,310,,,,
,,310,,,,
,,310,,,,
,,310,,,,
,,311,,,,
,,311,,,,
,,311,,,,
,,311,,,,
,,311,,,,
,,311,,,,
,,311,,,,
,,311,,,,
,,311,,,,
,,311,,,,
,,311,,,,
,,311,,,,
,,311,,,,
,,311,,,,
,,311,,,,
,,311,,,,
,,311,,,,
,,312,,,,
,,312,,,,
,,312,,,,
,,312,,,,
,,312,,,,
,,312,,,,
,,312,,,,
,,313,,,,
,,313,,,,
,,313,,,,
,,313,,,,
,,313,,,,
,,313,,,,
,,313,,,,
,,313,,,,
,,313,,,,
,,314,,,,
,,314,,,,
,,314,,,,
,,314,,,,
,,314,,,,
,,314,,,,
,,314,,,,
,,314,,,,
,,314,,,,
,,315,,,,
,,315,,,,
,,315,,,,
,,315,,,,
,,315,,,,
,,315,,,,
,,315,,,,
,,315,,,,
,,316,,,,
,,316,,,,
,,316,,,,
,,316,,,,
,,317,,,,
,,317,,,,
,,317,,,,
,,317,,,,
,,317,,,,
,,317,,,,
,,318,,,,
,,318,,,,
,,318,,,,
,,318,,,,
,,318,,,,
,,318,,,,
,,318,,,,
,,319,,,,
,,319,,,,
,,319,,,,
,,319,,,,
,,319,,,,
,,320,,,,
,,320,,,,
,,320,,,,
,,321,,,,
,,321,,,,
,,322,,,,
,,322,,,,
,,322,,,,
,,322,,,,
,,322,,,,
,,323,,,,
,,323,,,,
,,324,,,,
,,325,,,,
,,325,,,,
,,326,,,,
,,326,,,,
,,327,,,,
,,328,,,,
,,342,,,,
