Wild Summer Chinook,Wild Fall Chinook,Hatchery Spring Chinook,Hatchery Winter Steelhead,Wild Coho,Hatchery Coho
234,251,113,001,265,002
234,251,116,001,265,002
234,251,118,001,265,002
234,254,124,001,265,003
234,254,124,001,265,004
234,254,125,001,265,004
234,254,127,001,265,004
234,257,129,001,265,004
234,258,129,001,265,004
234,258,131,002,265,004
234,258,131,002,265,004
234,258,131,002,265,007
234,262,131,002,265,007
234,262,131,002,265,007
234,262,132,002,265,007
234,262,132,002,265,007
235,262,133,002,265,007
235,262,133,002,265,007
235,262,133,002,265,008
235,262,134,002,265,008
235,263,135,003,265,009
235,263,135,003,265,010
235,263,135,003,265,243
235,263,135,003,265,243
235,263,135,003,272,248
235,263,135,003,278,251
235,263,135,003,286,255
235,263,136,003,286,256
235,263,136,003,286,256
235,264,136,003,286,256
235,264,136,003,286,256
235,264,136,003,286,256
235,264,136,003,286,256
235,264,136,003,286,257
236,264,136,003,286,257
236,264,136,003,286,257
236,264,136,003,286,257
236,265,136,003,286,257
236,265,136,003,286,257
236,265,137,003,286,257
236,265,137,003,286,257
236,265,137,003,286,257
236,265,137,003,286,257
236,265,137,003,286,257
236,265,138,003,286,257
236,265,138,003,286,257
236,265,139,003,286,257
236,265,139,003,286,257
236,265,139,003,286,258
236,265,139,003,286,258
236,265,139,003,288,258
236,265,139,003,288,258
236,265,140,003,288,258
236,265,140,003,288,258
236,265,140,003,288,258
236,265,140,003,288,258
236,265,140,003,288,258
236,265,140,003,288,258
236,265,140,003,288,260
236,265,140,003,288,261
236,266,140,003,288,261
237,266,140,003,288,262
237,266,140,003,288,262
237,266,140,003,288,262
237,267,140,003,288,262
237,267,140,003,288,262
237,267,140,003,288,262
237,267,140,003,288,263
237,267,141,003,288,263
237,267,141,003,288,263
237,267,141,003,288,263
237,267,141,003,288,263
237,267,141,003,288,263
237,267,141,003,288,263
237,267,141,003,288,263
237,267,141,003,288,263
237,267,141,003,288,263
237,267,141,003,288,263
237,268,141,003,288,263
237,268,142,003,288,263
237,268,142,003,288,263
237,268,142,003,288,263
237,268,142,003,288,263
237,268,142,003,288,263
237,268,142,003,288,263
237,268,142,003,288,264
237,268,142,003,288,264
237,268,142,003,288,265
237,269,142,003,288,265
237,269,142,003,288,265
237,269,142,003,288,265
237,269,143,003,288,265
237,269,143,003,288,265
237,269,143,004,288,265
237,269,143,004,288,265
238,269,143,004,288,265
238,269,143,004,288,265
238,269,143,004,288,265
238,269,144,004,288,265
238,269,144,004,288,266
238,269,144,004,288,266
238,269,144,004,288,266
238,269,144,004,288,266
239,269,144,004,288,267
239,269,144,004,288,268
239,269,145,004,288,268
239,269,145,004,288,269
239,269,145,004,288,269
239,269,145,004,288,269
239,269,145,004,288,269
239,269,145,004,288,269
239,269,145,004,288,269
239,269,145,004,288,269
239,269,145,004,288,270
239,269,146,004,288,270
239,269,146,004,288,271
239,269,147,004,288,273
239,269,147,004,288,273
239,269,147,004,288,273
239,269,147,004,288,274
239,270,148,004,288,274
239,270,148,004,288,274
239,270,148,004,288,274
239,270,148,004,288,274
239,270,148,004,288,274
239,270,148,004,288,274
239,270,148,004,288,274
239,270,148,004,288,274
239,270,148,004,288,274
239,270,148,004,288,274
239,270,149,004,288,274
239,270,149,004,288,274
239,270,149,004,288,274
239,270,149,005,288,274
239,270,149,005,288,274
241,270,149,005,288,274
241,270,149,005,288,274
241,270,149,005,288,274
241,270,149,005,288,274
241,270,149,005,288,274
241,270,149,005,288,274
241,270,150,005,288,274
241,270,150,005,288,274
241,270,150,005,288,275
241,270,150,005,288,275
241,271,150,005,288,275
241,271,151,005,288,275
241,271,151,005,288,275
241,271,151,005,288,275
241,271,151,005,288,275
241,271,152,005,290,276
241,271,152,005,290,276
241,271,152,005,290,276
241,271,152,005,290,276
241,271,152,005,291,276
241,271,152,005,291,276
241,271,152,005,291,276
241,271,152,005,291,276
241,271,152,005,291,276
241,271,152,005,294,276
241,271,152,005,294,276
241,271,152,005,294,276
241,271,152,005,294,276
241,271,152,005,294,277
241,271,152,005,294,277
241,272,152,005,294,277
241,272,152,005,296,277
241,272,152,005,296,277
241,272,152,005,296,277
241,272,152,005,296,277
241,272,152,005,296,277
241,272,152,005,296,277
241,272,152,005,296,277
241,272,152,005,296,277
241,272,152,005,297,277
241,272,152,005,297,278
241,272,152,005,297,278
241,272,152,005,297,279
241,272,152,005,297,279
241,272,153,005,297,279
241,272,153,005,297,279
241,272,153,005,297,279
241,272,153,005,297,279
241,272,153,005,297,279
241,272,153,005,297,279
241,272,153,005,297,279
241,272,153,005,297,279
241,272,153,005,297,279
241,272,153,005,297,280
242,272,153,005,297,280
242,272,153,005,297,280
242,272,153,005,297,281
242,272,153,005,297,281
242,272,153,005,297,281
242,272,153,005,297,281
242,272,153,005,297,282
242,272,154,005,297,282
242,272,154,005,297,282
242,272,154,005,297,282
242,272,154,005,297,282
242,272,154,005,297,282
242,272,154,005,297,282
242,272,154,005,297,282
242,272,154,005,297,283
242,272,155,005,297,283
242,272,155,005,297,284
242,272,155,005,297,284
242,272,155,005,297,284
242,272,155,005,297,284
242,272,155,005,297,284
243,272,155,005,297,284
243,272,155,005,297,284
243,272,155,005,297,285
243,272,155,005,297,285
243,272,155,005,297,285
243,272,155,005,297,285
243,272,155,005,297,285
243,272,155,005,297,285
243,272,155,005,297,285
243,272,155,005,297,285
243,272,155,005,297,285
243,272,155,005,297,285
243,272,155,005,297,285
243,272,155,005,297,285
243,272,155,005,297,285
243,272,155,005,297,285
243,273,156,005,297,285
243,273,156,005,297,285
243,273,156,006,297,285
243,273,157,006,297,285
243,273,157,006,297,285
243,273,157,006,297,285
243,273,157,006,297,285
243,273,157,006,297,285
243,273,157,006,297,285
243,273,157,006,297,285
243,273,157,006,297,285
243,273,157,006,297,285
243,273,157,006,297,285
243,273,157,006,297,285
243,273,157,006,297,285
243,273,157,006,298,285
243,273,157,006,298,285
243,273,157,006,298,285
243,273,157,006,298,285
244,273,157,006,298,285
244,274,157,006,298,285
244,274,157,006,298,285
244,274,157,006,298,285
244,274,157,006,298,285
244,274,157,006,298,285
244,274,157,006,298,285
244,274,157,006,298,285
244,274,157,006,298,285
244,274,157,006,298,285
244,274,157,006,298,285
244,274,157,006,299,285
244,274,157,006,299,285
244,274,157,006,299,285
244,274,157,006,299,285
244,274,157,006,299,285
244,274,157,006,299,285
244,274,157,006,299,285
244,274,157,006,299,285
244,274,157,006,299,285
244,274,157,006,299,285
244,274,157,006,299,285
244,274,157,006,299,285
244,274,157,006,299,285
244,274,157,006,299,285
244,274,157,006,299,285
244,274,157,006,299,285
244,274,157,006,299,285
244,274,157,006,299,285
244,274,157,006,299,285
244,274,157,006,299,285
244,274,157,006,299,285
244,274,157,006,299,285
244,274,157,006,299,285
244,274,157,006,299,285
244,274,157,006,299,285
244,274,157,006,299,285
244,274,157,006,299,285
244,274,157,006,299,286
244,274,157,006,299,286
244,274,157,006,299,286
244,274,157,006,299,286
244,274,157,006,299,286
244,274,157,006,299,286
244,274,157,006,299,286
244,274,158,006,299,286
244,274,158,006,299,286
244,274,158,006,299,286
244,274,158,006,299,286
244,274,158,006,299,286
244,274,158,006,299,286
244,274,158,006,299,286
244,274,158,006,299,286
244,274,158,006,299,286
244,274,158,006,299,286
244,274,158,006,299,286
244,274,158,006,299,286
244,274,158,006,299,286
244,274,158,006,299,286
244,274,158,006,299,286
244,274,158,006,299,286
244,274,158,007,299,286
244,274,158,007,299,286
244,274,158,007,299,286
244,274,158,007,299,286
244,274,158,007,299,286
244,274,158,007,301,286
244,274,158,007,301,286
244,274,158,007,301,286
244,274,158,007,301,286
244,274,158,007,301,286
244,274,158,007,301,286
244,274,158,007,301,286
244,274,158,007,301,286
244,274,158,007,301,286
244,274,158,007,302,286
244,274,158,007,302,286
244,274,158,007,302,286
244,274,158,007,302,288
244,274,158,007,302,288
244,274,158,007,302,288
244,274,158,007,302,288
244,274,158,007,302,288
244,274,158,007,305,288
245,274,158,007,305,288
245,274,158,007,305,288
245,274,158,007,305,288
245,274,158,007,305,288
245,274,158,007,305,288
245,274,158,007,305,288
245,274,158,007,305,288
245,274,158,007,305,288
245,274,158,007,305,288
245,274,158,007,305,288
245,274,158,007,305,288
245,274,158,007,305,288
245,274,158,007,305,288
245,274,158,008,305,288
245,275,158,008,305,288
245,275,158,008,305,288
245,275,158,008,305,288
245,275,158,008,305,288
245,275,158,008,305,288
245,275,158,008,305,288
245,275,158,008,305,288
245,275,158,008,305,288
245,275,158,008,305,288
245,275,158,008,305,288
245,275,158,008,305,288
245,275,158,008,305,288
246,275,158,008,305,288
246,275,158,008,305,288
246,275,158,008,305,288
246,275,158,008,305,288
246,275,158,008,305,288
246,275,158,008,305,288
246,275,159,008,305,288
246,275,159,008,305,288
246,275,159,008,305,288
246,275,159,008,305,288
246,275,159,008,305,288
246,275,159,008,305,288
246,275,159,008,305,288
246,275,159,008,305,288
246,275,159,008,305,288
246,275,159,008,305,288
246,275,159,008,305,288
246,275,159,008,305,288
246,275,159,008,305,288
246,275,159,008,305,288
246,275,159,008,305,288
246,275,159,008,305,288
246,275,159,008,305,288
246,275,159,008,305,288
246,275,159,008,305,288
246,275,159,008,305,288
246,275,159,008,305,288
246,275,159,008,305,290
246,275,159,008,305,290
246,275,159,008,305,290
246,276,159,008,305,290
246,276,159,008,305,290
246,276,159,008,305,290
246,276,159,008,305,290
246,276,159,008,305,290
246,276,159,008,305,290
246,276,159,008,305,290
246,276,159,008,306,290
246,276,159,008,306,290
246,276,159,008,306,290
246,276,159,008,306,290
246,276,159,008,306,290
246,276,159,008,306,290
246,276,159,008,306,290
246,276,159,008,306,290
246,276,159,008,306,290
246,276,159,008,306,291
246,276,159,008,306,291
246,276,159,008,306,291
246,276,159,008,306,291
246,276,159,008,306,291
246,276,160,008,306,291
246,276,160,008,306,291
246,276,160,008,306,291
246,276,160,008,306,291
246,276,160,008,306,291
246,276,160,008,306,291
246,276,160,008,306,291
246,276,160,009,306,291
246,276,161,009,306,291
246,276,161,009,306,291
246,276,161,009,306,291
246,276,161,009,306,291
246,276,161,009,306,291
246,276,161,009,307,291
246,276,161,009,307,291
246,276,161,009,307,291
246,276,161,009,307,291
246,276,161,009,307,291
246,276,161,009,307,291
246,276,161,009,307,291
246,276,161,009,307,291
246,276,161,009,307,291
246,276,161,009,307,291
246,276,162,009,307,291
246,276,162,009,307,292
246,276,162,009,307,292
246,276,162,009,307,292
246,276,162,009,307,292
246,276,162,009,307,292
246,276,162,009,307,292
246,276,162,009,307,292
246,276,162,009,307,292
246,276,162,009,307,292
246,276,162,009,307,292
246,276,162,009,307,292
247,276,162,009,307,293
247,276,162,009,307,293
247,276,162,009,307,293
247,276,162,009,307,293
247,276,162,009,307,293
247,276,162,009,307,293
247,276,162,009,307,293
247,276,162,009,307,293
247,276,162,009,307,293
247,276,163,009,307,293
247,276,163,009,307,293
247,276,163,009,307,293
247,276,163,009,307,293
247,276,163,009,307,293
247,276,163,009,307,293
247,276,163,009,307,293
247,276,163,009,307,293
247,276,163,009,307,293
247,276,163,010,307,293
247,276,163,010,307,293
247,276,163,010,307,293
247,276,163,010,307,293
247,277,163,010,307,293
247,277,163,010,307,294
247,277,163,010,307,294
247,277,163,010,307,294
247,277,164,010,307,294
247,277,164,010,307,294
247,277,164,010,307,294
247,277,164,010,307,294
247,277,164,010,307,294
247,277,165,010,307,294
247,277,165,010,307,294
247,277,165,010,307,294
247,277,165,010,307,294
247,277,165,010,307,294
247,277,165,010,307,294
247,277,165,010,307,294
247,277,165,010,307,294
247,277,165,010,307,295
247,277,165,010,307,295
247,277,165,010,307,295
247,277,165,010,307,295
247,277,165,010,307,295
247,277,165,010,307,295
247,277,165,010,307,295
247,277,165,010,307,295
247,277,165,010,308,295
247,277,165,010,308,295
247,277,165,010,308,295
247,277,165,010,308,295
247,277,165,010,308,295
247,277,165,010,308,295
247,277,165,010,308,295
247,277,165,010,308,295
247,277,165,010,308,295
247,277,165,010,308,295
247,277,165,010,308,295
247,277,165,010,308,295
247,277,165,010,308,295
247,277,165,010,308,295
247,277,165,010,308,295
247,277,165,010,308,295
247,277,165,010,309,295
247,277,165,010,309,295
247,277,165,010,309,295
247,277,165,010,309,295
247,277,165,010,309,295
247,277,165,010,309,295
247,277,165,010,309,295
247,277,165,010,309,295
247,277,165,010,309,295
247,277,165,010,309,295
247,277,165,010,309,295
247,277,165,010,309,295
247,277,165,010,309,295
247,277,165,010,309,295
247,277,165,010,309,297
247,277,166,010,309,297
247,277,166,010,309,297
247,277,166,010,309,297
247,277,166,010,309,297
247,277,166,011,309,297
247,277,166,011,309,297
247,277,166,011,309,297
247,277,166,011,309,297
247,277,166,011,309,297
247,277,166,011,309,297
247,277,166,011,309,297
247,277,166,011,310,297
247,278,166,011,310,297
247,278,166,011,310,297
247,278,166,011,310,297
247,278,166,011,310,297
247,278,166,011,310,297
247,278,166,011,310,297
248,278,166,011,310,297
248,278,166,011,310,297
248,278,166,011,310,297
248,278,166,011,310,297
248,278,166,011,310,297
248,278,166,011,310,297
248,278,166,011,310,297
248,278,166,011,310,297
248,278,166,011,310,297
248,278,166,011,310,297
248,278,166,011,310,297
248,278,166,011,310,297
248,278,166,011,310,297
248,278,166,011,310,297
248,278,166,011,310,297
248,278,166,011,310,297
248,278,166,012,310,297
248,278,166,012,310,297
248,278,166,012,310,297
248,278,166,012,310,297
248,278,166,012,310,297
248,278,166,012,310,297
248,278,166,012,310,297
248,278,166,012,310,297
248,278,166,012,310,297
248,278,166,012,310,297
248,278,166,012,310,297
248,278,166,012,310,297
248,278,166,012,310,297
248,278,166,012,310,297
248,279,166,012,310,297
248,279,166,012,310,297
248,279,166,012,310,297
248,279,167,012,310,297
248,279,167,012,310,297
248,279,167,012,310,297
248,279,167,012,310,297
248,279,167,012,310,297
248,279,167,012,310,297
248,279,167,012,310,297
248,279,167,012,310,297
248,279,167,012,310,297
248,279,167,012,310,297
248,279,167,012,310,297
248,279,167,012,310,297
248,280,167,012,312,297
248,280,167,012,312,297
248,280,167,012,312,297
248,280,167,012,312,297
248,280,167,012,312,297
248,280,167,012,312,297
248,280,167,012,312,297
248,280,167,012,312,297
248,280,167,012,312,297
248,280,167,012,312,297
248,280,167,012,312,297
248,280,167,012,312,297
248,280,167,012,312,297
248,280,167,012,312,297
248,280,167,012,312,297
248,280,167,012,312,297
248,280,167,012,312,297
248,281,167,012,312,297
249,281,167,012,312,297
249,281,167,012,312,297
249,281,168,012,312,297
249,281,168,012,312,297
249,281,168,012,312,297
249,281,168,012,312,297
249,281,169,012,312,297
249,281,169,012,312,297
249,281,169,012,313,297
249,281,169,012,313,297
249,281,169,012,313,297
249,281,169,013,313,297
249,281,169,014,313,297
249,281,169,014,313,297
249,281,169,014,313,297
249,281,169,014,313,297
249,281,169,014,313,297
249,281,169,014,313,297
249,281,170,014,313,297
249,281,170,014,313,297
249,281,170,014,313,297
249,281,170,014,313,297
249,281,170,014,313,297
249,281,170,014,313,297
249,281,170,014,313,297
249,281,170,014,315,297
249,281,171,014,315,297
249,281,171,014,315,297
249,281,171,014,315,297
249,281,171,014,315,297
249,281,171,014,315,298
249,281,171,014,315,298
249,281,171,014,315,298
249,281,171,014,315,298
249,281,171,014,315,298
249,281,171,014,315,298
249,281,171,014,315,298
249,281,171,014,315,298
249,281,171,014,315,298
249,281,171,014,315,298
249,281,171,014,315,298
249,281,171,014,315,298
249,281,171,015,317,298
249,282,171,015,317,298
249,282,172,015,317,298
249,282,172,015,317,298
249,282,172,015,317,298
249,282,172,015,317,298
249,282,172,015,317,298
249,282,172,015,317,298
249,282,172,015,317,298
249,282,173,015,317,298
249,282,173,015,317,298
249,282,173,015,317,298
249,282,173,015,317,298
249,282,173,015,317,298
249,282,173,015,317,298
249,282,173,015,317,298
249,282,173,015,317,298
249,282,173,015,317,298
249,282,173,015,317,298
249,282,173,015,317,298
249,282,173,015,317,298
249,282,173,015,317,298
249,282,173,015,317,298
249,282,173,015,317,299
249,282,173,015,317,299
249,282,173,015,317,299
249,282,173,015,317,299
249,282,174,015,317,299
249,282,174,015,317,299
249,283,174,015,317,299
249,283,174,015,317,299
249,283,174,015,317,299
249,283,174,015,317,299
249,283,174,015,317,299
249,283,174,015,317,299
249,283,174,015,317,299
249,283,174,015,317,299
249,283,174,015,317,299
249,283,174,015,317,299
249,283,174,015,317,299
249,286,174,015,317,299
249,286,174,015,317,299
249,286,174,015,317,299
249,286,174,015,317,299
249,286,174,015,317,299
249,286,174,015,317,299
249,286,174,015,317,299
249,286,174,015,317,299
249,286,174,015,317,299
249,286,174,015,317,299
249,286,174,015,317,299
249,286,174,015,317,299
249,286,174,015,317,299
249,286,174,015,317,299
249,286,174,015,317,299
249,286,174,015,317,299
249,286,174,015,317,299
249,286,174,015,317,300
249,286,174,015,317,300
249,286,174,015,319,300
249,286,174,015,319,300
249,286,174,015,319,300
249,286,174,015,319,300
249,286,174,015,319,300
249,286,174,015,319,300
249,286,174,015,319,300
249,286,174,015,319,300
249,286,174,015,319,300
249,286,174,015,319,300
249,286,175,015,319,300
249,286,175,015,319,300
249,286,175,015,319,300
249,286,175,015,319,300
249,286,175,015,319,300
249,286,176,015,319,300
249,286,176,015,319,300
249,286,176,015,319,300
249,286,176,015,319,300
250,286,176,015,319,300
250,286,176,015,319,300
250,286,176,015,319,300
250,286,176,015,319,300
250,286,176,015,319,300
250,286,176,015,319,300
250,286,176,015,319,300
250,286,176,015,319,300
250,286,176,015,319,300
250,287,176,015,319,300
250,287,177,015,319,300
250,287,177,015,319,300
250,287,177,015,319,300
250,287,177,015,319,300
250,287,177,015,319,300
250,287,177,015,319,300
250,287,177,016,319,300
250,288,177,016,319,300
250,288,177,016,319,300
250,288,178,016,319,300
250,288,178,016,319,300
250,288,178,016,319,300
250,288,178,017,319,300
250,288,178,017,319,300
250,288,178,017,319,300
250,288,178,017,319,300
250,288,178,017,319,300
250,288,178,017,319,300
250,288,178,017,319,300
250,288,178,017,319,300
250,288,178,017,319,300
250,288,178,017,319,300
250,288,178,017,319,300
250,288,178,017,319,300
250,288,178,017,319,300
250,288,178,017,319,300
250,288,178,017,319,300
250,288,178,017,319,300
250,288,178,017,319,300
250,288,178,017,319,300
250,288,178,017,319,300
250,288,179,017,319,300
250,288,179,017,319,300
250,288,179,017,319,300
250,288,179,017,319,300
250,288,179,017,319,300
250,288,179,017,319,300
250,288,179,017,319,300
250,288,179,017,319,300
250,288,179,017,319,300
250,288,179,017,319,300
250,288,179,017,319,300
250,288,179,017,319,300
250,288,179,017,319,300
250,288,179,017,319,300
250,288,179,017,319,300
250,288,179,017,319,300
250,288,179,017,320,300
250,288,179,017,320,300
250,288,179,017,320,300
250,288,179,018,320,300
250,288,179,018,320,300
250,288,179,018,320,300
250,288,179,018,320,300
250,288,179,018,320,300
250,288,179,018,320,300
250,288,179,018,320,300
250,288,179,018,320,300
251,288,179,018,322,300
251,288,179,018,322,300
251,288,179,018,322,300
251,288,179,018,322,300
251,288,179,018,322,300
251,288,179,018,322,300
251,288,179,018,322,300
251,288,179,018,322,300
251,288,179,018,322,300
251,288,179,018,322,301
251,288,179,018,322,301
251,288,179,018,322,301
251,288,179,018,322,301
251,288,179,018,322,301
251,288,179,018,322,301
251,288,179,018,322,301
251,288,179,018,322,301
251,288,179,018,322,301
251,288,179,018,322,301
251,288,179,018,322,301
251,288,179,018,322,301
251,288,179,019,322,301
251,288,179,019,322,301
251,288,179,019,322,301
251,288,179,019,322,301
251,288,179,019,322,301
251,288,179,019,322,301
251,289,179,019,322,301
251,289,180,019,324,301
251,289,180,019,324,301
251,289,180,019,324,301
251,289,180,019,324,301
251,289,180,019,324,301
251,289,180,019,324,301
251,289,180,019,324,301
251,289,180,019,324,301
251,289,180,019,324,301
251,289,180,019,324,301
251,289,180,019,324,301
251,289,180,019,324,301
251,289,180,019,324,301
251,289,180,019,324,301
251,289,180,019,324,301
251,289,180,019,324,301
251,289,180,019,324,301
251,289,180,019,324,301
251,289,180,019,324,301
251,289,180,019,324,301
251,289,180,019,326,301
251,289,180,019,326,301
251,289,180,019,326,302
251,289,180,019,326,302
251,289,181,019,326,302
251,289,181,019,326,302
251,289,181,019,326,302
251,289,181,019,326,302
251,289,181,019,326,302
251,289,181,019,326,302
251,289,181,019,326,302
251,289,181,019,326,302
251,289,181,019,326,302
251,289,181,019,326,302
251,289,181,019,326,302
251,289,181,019,326,302
251,289,181,019,326,302
251,289,181,019,326,302
251,289,181,019,326,302
251,289,181,019,326,302
251,289,181,019,326,302
251,289,182,019,326,302
251,289,182,019,326,302
251,289,182,019,326,302
251,289,182,019,326,302
251,289,182,019,326,302
251,290,182,019,326,302
251,290,182,019,326,302
251,290,182,019,326,302
251,290,182,019,326,302
251,290,182,019,326,302
251,290,182,019,326,302
251,290,182,019,326,302
251,290,182,019,326,302
251,290,182,019,326,302
251,290,182,019,326,302
251,290,182,019,326,302
251,290,182,019,326,302
251,290,182,019,326,302
251,290,182,019,326,302
251,290,182,019,326,302
251,290,182,019,326,302
251,291,182,019,326,302
251,291,182,019,326,302
251,291,182,019,326,302
251,291,182,019,326,302
251,291,182,019,326,302
251,291,182,019,326,302
251,291,182,019,326,302
251,291,182,019,326,302
251,291,182,019,326,302
251,291,182,019,326,302
251,291,182,019,326,302
251,291,182,019,326,302
251,291,182,019,326,302
251,291,182,019,326,302
251,291,182,019,326,302
251,291,182,019,326,302
251,291,182,019,326,302
251,291,182,019,326,302
251,291,182,020,326,302
251,291,183,020,326,302
251,291,183,020,326,302
251,291,183,020,326,302
251,291,183,020,326,302
251,291,183,020,326,302
251,291,183,020,326,302
251,291,183,020,326,302
251,291,183,020,326,302
251,291,183,020,326,302
251,291,183,020,326,302
251,291,183,020,326,302
251,291,183,020,326,302
251,291,183,020,326,302
251,291,183,020,326,302
251,292,183,020,326,302
251,292,183,020,326,302
251,292,183,020,326,302
251,292,183,020,326,302
251,292,183,020,326,302
251,292,183,020,329,302
251,292,183,020,329,302
251,292,183,020,329,302
251,292,183,020,329,302
251,292,183,020,329,302
251,292,183,020,329,302
251,292,183,020,329,302
251,292,183,020,329,302
251,292,183,020,329,302
251,292,183,020,329,302
251,292,183,020,329,302
251,293,183,020,329,302
252,293,183,020,330,302
252,293,183,020,330,302
252,293,184,020,330,302
252,293,184,020,330,302
252,293,184,021,330,302
252,293,184,021,330,302
252,293,184,021,330,302
252,293,184,021,330,302
252,293,186,021,330,302
252,293,186,021,330,302
252,293,186,021,330,302
252,295,186,021,330,302
252,295,186,021,330,302
252,295,186,021,330,302
252,295,186,021,330,302
252,295,186,021,330,302
252,295,186,021,330,302
252,295,186,021,330,302
252,295,186,021,330,302
252,295,186,021,330,302
252,295,186,022,330,302
252,295,186,022,330,302
252,295,186,022,330,303
252,295,186,022,330,303
252,295,186,022,330,303
252,295,187,022,330,303
252,295,187,023,330,303
252,295,187,023,330,303
252,296,187,023,332,303
252,296,187,023,332,303
252,296,187,023,332,303
252,296,187,023,332,303
252,296,187,023,332,303
252,296,187,023,332,303
252,296,187,023,332,303
252,296,188,023,332,303
252,296,188,023,332,304
252,296,188,023,332,304
252,296,188,023,332,304
252,298,188,023,332,304
252,298,188,023,332,304
252,298,188,023,332,304
252,298,188,023,332,304
252,301,188,023,332,304
252,301,188,025,332,304
252,301,188,025,332,304
252,301,188,025,332,304
252,303,188,025,332,304
252,303,188,025,332,304
252,303,188,025,332,304
252,303,188,025,332,304
252,303,188,025,332,304
252,303,188,025,332,304
252,303,188,025,332,304
252,303,188,025,332,304
252,303,188,025,332,304
252,303,188,025,332,304
252,303,188,025,332,304
252,303,188,025,332,304
253,303,188,025,332,304
253,303,188,025,332,304
253,303,188,025,332,304
253,303,188,025,332,304
253,303,188,025,332,304
253,303,188,026,332,304
253,303,188,026,332,304
253,303,188,026,332,304
253,303,188,026,332,304
253,303,188,026,332,304
253,303,188,026,332,304
253,303,188,026,332,304
253,303,188,026,332,304
253,,188,026,332,304
253,,188,026,332,304
253,,188,026,332,304
253,,188,026,332,304
253,,188,026,332,304
253,,188,026,332,304
253,,188,026,332,304
253,,188,026,332,304
253,,188,026,332,304
253,,188,026,332,304
253,,188,026,332,304
253,,188,026,332,304
253,,188,027,332,304
253,,188,027,332,304
253,,188,027,332,304
253,,188,027,332,304
253,,188,027,333,304
253,,188,027,333,304
253,,188,027,333,304
253,,188,027,333,304
253,,188,027,333,304
253,,188,027,333,304
253,,188,027,333,304
253,,188,027,333,304
253,,188,027,333,304
253,,188,027,333,304
253,,188,027,333,304
253,,188,027,333,304
253,,188,027,333,304
253,,188,027,333,304
253,,188,027,333,304
253,,188,027,333,304
253,,189,028,333,304
253,,189,028,333,304
253,,189,028,333,304
253,,189,028,333,305
253,,189,028,333,305
253,,189,028,334,305
253,,189,028,334,305
253,,189,028,334,305
253,,189,028,334,305
253,,189,028,334,305
253,,189,028,334,305
253,,189,028,334,305
253,,189,028,334,305
253,,189,028,334,305
253,,189,028,334,305
253,,189,028,334,305
253,,189,029,334,305
253,,189,029,334,305
253,,189,029,334,305
253,,189,030,334,305
253,,189,030,334,305
253,,189,030,334,305
253,,189,030,334,305
253,,189,030,334,305
253,,189,030,334,305
253,,189,030,334,305
253,,189,030,334,305
253,,189,030,334,305
253,,189,030,334,305
253,,189,030,334,305
253,,189,030,334,305
253,,189,030,334,305
253,,189,030,334,305
253,,189,030,334,305
253,,190,030,334,305
253,,190,030,334,305
253,,190,030,334,305
253,,190,030,334,305
253,,191,030,334,305
253,,191,030,334,305
253,,191,030,334,305
253,,191,032,334,305
253,,191,032,334,305
253,,191,032,334,305
253,,191,032,334,305
253,,191,032,334,305
253,,191,032,334,305
253,,191,032,334,305
253,,191,032,334,305
253,,191,032,334,305
253,,192,032,334,305
253,,192,032,334,305
253,,192,032,334,305
253,,192,032,334,305
253,,192,032,334,305
253,,192,032,334,305
253,,192,032,334,305
253,,192,032,334,305
254,,192,032,334,305
254,,192,032,334,305
254,,192,032,334,305
254,,192,033,334,305
254,,192,033,334,305
254,,192,033,334,305
254,,192,033,334,305
254,,192,033,336,305
254,,192,033,336,305
254,,192,033,336,305
254,,192,033,336,305
254,,192,034,336,305
254,,192,034,336,305
254,,192,034,336,305
254,,192,034,336,305
254,,192,034,336,305
254,,193,034,336,305
254,,193,034,336,305
254,,193,034,336,305
254,,193,034,336,305
254,,193,034,336,305
254,,193,034,336,305
254,,193,034,336,305
254,,193,034,336,305
254,,193,034,336,305
254,,193,034,336,305
254,,193,034,336,305
254,,193,034,336,305
254,,193,034,336,305
254,,193,034,336,305
254,,193,035,336,305
254,,193,035,336,305
254,,193,037,336,305
254,,193,037,336,305
254,,193,037,336,305
254,,193,037,336,305
254,,193,037,336,305
254,,193,037,336,305
254,,193,037,336,305
254,,193,037,336,305
254,,193,037,336,305
254,,193,037,336,305
254,,193,038,336,305
254,,193,038,336,305
254,,193,039,336,305
254,,193,039,336,305
254,,194,039,336,305
254,,194,039,336,305
254,,194,039,336,305
254,,194,039,337,305
254,,194,039,337,305
254,,194,039,337,305
254,,194,039,337,305
254,,195,039,337,305
254,,195,040,337,305
254,,195,040,337,305
254,,195,040,337,305
254,,195,040,337,305
254,,195,040,337,305
254,,195,040,337,305
254,,195,040,337,305
254,,195,040,337,305
254,,196,040,337,305
254,,196,040,338,305
254,,196,040,338,305
254,,196,040,338,305
254,,196,040,338,305
254,,196,040,338,305
254,,196,040,338,305
254,,196,040,338,305
254,,196,040,338,305
254,,196,040,338,305
254,,196,040,338,305
254,,196,040,338,305
254,,196,040,338,305
254,,196,040,338,305
254,,196,040,338,305
254,,196,040,338,305
254,,196,040,338,305
254,,196,040,338,306
254,,196,040,338,306
254,,196,040,338,306
254,,196,040,338,306
254,,196,042,338,306
254,,196,042,338,306
254,,196,043,338,306
254,,196,043,338,306
254,,196,043,338,306
254,,197,044,338,306
254,,197,044,338,306
254,,198,044,338,306
254,,198,044,338,306
254,,198,044,338,306
254,,198,044,338,306
254,,198,044,339,306
254,,198,044,339,306
254,,198,044,339,306
254,,198,044,339,306
254,,199,044,339,306
254,,199,044,339,306
254,,199,044,339,306
254,,199,044,339,306
254,,199,044,339,306
254,,200,044,339,307
254,,200,044,339,307
254,,200,044,339,307
254,,200,044,339,307
254,,200,046,339,307
254,,200,046,339,307
254,,200,046,339,307
254,,200,046,339,307
254,,200,046,339,307
254,,200,046,339,307
255,,201,047,339,307
255,,201,047,339,307
255,,201,047,339,307
255,,201,047,339,307
255,,201,047,339,307
255,,201,047,339,307
255,,201,047,339,307
255,,201,048,339,307
255,,201,048,339,307
255,,201,048,339,307
255,,201,048,339,307
255,,201,048,339,307
255,,201,048,339,307
255,,201,048,339,307
255,,201,048,339,307
255,,201,048,339,307
255,,201,051,339,307
255,,201,051,339,307
255,,201,051,339,307
255,,201,051,339,307
255,,201,051,339,307
255,,201,051,339,307
255,,201,051,339,307
255,,201,054,339,307
255,,202,054,339,307
255,,202,054,339,307
255,,202,056,339,307
255,,202,056,339,307
255,,202,056,339,307
255,,202,056,339,307
255,,202,056,339,307
255,,202,056,339,307
255,,202,056,339,307
255,,203,056,339,307
255,,203,056,339,307
255,,203,056,339,307
255,,203,056,339,307
255,,203,057,339,307
255,,203,057,339,307
255,,203,057,339,307
255,,203,057,339,307
255,,203,057,339,307
255,,204,057,339,307
255,,204,057,339,307
255,,204,057,339,307
255,,204,058,339,307
255,,204,058,339,307
255,,204,058,340,307
255,,205,058,340,307
255,,205,061,340,307
255,,205,061,340,307
255,,205,266,342,307
255,,205,278,342,307
255,,205,280,342,307
255,,205,305,342,307
255,,205,318,342,307
255,,205,325,342,307
255,,205,325,344,307
255,,205,325,344,307
255,,205,328,344,307
255,,205,328,344,307
255,,205,328,344,307
255,,205,328,344,307
255,,205,328,344,307
255,,205,328,344,307
255,,205,328,344,307
255,,205,328,344,307
255,,205,328,344,307
255,,205,328,344,307
255,,206,332,344,307
255,,206,332,344,307
255,,206,332,344,307
255,,206,332,344,307
255,,206,333,345,307
255,,206,333,345,307
255,,206,333,345,307
255,,206,333,345,307
255,,206,333,345,307
255,,206,333,345,307
255,,206,333,345,307
255,,206,333,345,307
255,,206,333,345,307
255,,206,333,345,307
255,,206,333,345,307
255,,206,333,345,307
255,,206,333,345,307
255,,206,333,345,307
255,,206,333,345,307
255,,206,335,345,307
255,,206,335,345,307
255,,206,335,355,307
255,,206,335,355,308
255,,206,335,355,308
255,,206,335,355,308
255,,206,335,355,308
255,,206,335,355,308
255,,206,335,355,308
255,,206,335,,308
255,,206,335,,308
255,,206,335,,308
255,,206,335,,308
255,,206,335,,308
255,,206,335,,308
255,,206,335,,308
255,,206,335,,308
255,,206,335,,308
256,,206,335,,308
256,,206,335,,308
256,,206,335,,308
256,,206,335,,308
256,,206,336,,308
256,,206,336,,308
256,,207,336,,308
256,,207,336,,308
256,,207,336,,308
256,,207,336,,308
256,,207,336,,308
256,,207,336,,308
256,,207,336,,308
256,,207,336,,308
256,,207,336,,308
256,,207,336,,308
256,,207,336,,308
256,,207,336,,308
256,,208,336,,308
256,,208,336,,308
256,,208,336,,308
256,,208,336,,308
256,,208,336,,308
256,,208,336,,308
256,,208,336,,308
256,,208,336,,308
256,,208,336,,308
256,,208,336,,308
256,,208,336,,308
256,,208,336,,308
256,,208,336,,308
256,,208,336,,308
256,,208,336,,308
256,,208,336,,308
256,,208,336,,308
256,,208,336,,308
256,,208,336,,308
256,,208,336,,308
256,,208,336,,308
256,,208,336,,308
256,,208,336,,308
256,,208,336,,308
256,,209,336,,309
256,,209,337,,309
256,,209,337,,309
256,,209,337,,309
256,,209,337,,309
256,,209,337,,309
256,,209,337,,309
256,,209,337,,309
256,,209,337,,309
256,,209,337,,309
256,,209,337,,309
256,,209,337,,309
256,,209,337,,309
256,,209,337,,309
256,,209,337,,309
256,,209,337,,309
256,,209,337,,310
256,,209,337,,310
256,,209,337,,310
256,,209,337,,310
256,,209,337,,310
256,,209,337,,310
256,,209,337,,310
256,,209,337,,310
256,,209,337,,310
256,,209,337,,310
256,,209,337,,310
256,,209,337,,310
256,,209,337,,310
256,,209,337,,310
256,,210,337,,310
256,,210,337,,310
256,,210,337,,310
256,,210,337,,310
256,,210,337,,310
256,,210,337,,310
256,,210,337,,310
256,,210,337,,310
256,,210,338,,310
256,,210,338,,310
256,,210,338,,310
256,,210,338,,310
256,,210,338,,310
256,,210,339,,310
256,,210,339,,310
256,,211,339,,310
256,,211,339,,310
256,,211,339,,310
256,,211,339,,310
256,,211,339,,310
256,,211,339,,310
256,,211,339,,310
256,,211,339,,310
256,,211,339,,310
256,,211,339,,310
257,,211,339,,310
257,,211,339,,310
257,,211,339,,310
257,,211,339,,310
257,,211,339,,310
257,,211,340,,310
257,,211,340,,310
257,,211,340,,310
257,,212,341,,310
257,,212,341,,310
257,,212,341,,310
257,,212,341,,310
257,,212,341,,310
257,,212,341,,310
257,,212,341,,310
257,,212,342,,310
257,,212,342,,310
257,,212,342,,310
257,,212,342,,310
257,,212,342,,310
257,,212,342,,310
257,,212,342,,310
257,,212,342,,310
257,,212,342,,310
257,,212,342,,310
257,,212,342,,310
257,,212,342,,310
257,,212,342,,310
257,,212,342,,310
257,,212,342,,310
257,,212,342,,310
257,,212,342,,310
257,,212,342,,310
257,,212,342,,310
257,,212,342,,310
257,,212,342,,310
257,,212,342,,310
257,,212,342,,310
257,,212,342,,310
257,,212,342,,311
257,,212,342,,311
257,,212,342,,311
257,,212,342,,311
257,,212,342,,311
257,,212,342,,311
257,,213,342,,311
258,,213,342,,311
258,,213,343,,311
258,,213,343,,311
258,,213,343,,311
258,,213,343,,311
258,,213,343,,311
258,,213,343,,311
258,,213,343,,311
258,,214,343,,311
258,,214,343,,311
258,,214,343,,311
258,,214,343,,311
258,,214,343,,311
258,,214,343,,311
258,,214,343,,312
258,,214,343,,312
258,,214,343,,312
258,,214,343,,312
258,,214,343,,312
258,,214,343,,312
258,,214,343,,312
258,,214,343,,312
258,,214,343,,312
258,,214,344,,312
258,,214,344,,312
258,,214,344,,312
258,,214,344,,312
258,,214,344,,312
258,,214,344,,312
258,,214,344,,312
258,,214,344,,312
258,,214,344,,312
258,,214,344,,312
258,,214,344,,312
258,,214,344,,312
258,,214,344,,312
258,,214,344,,312
258,,214,344,,312
258,,214,344,,312
258,,214,344,,312
258,,214,344,,312
258,,214,345,,312
258,,214,345,,312
258,,214,345,,312
258,,214,345,,312
258,,214,346,,312
258,,214,346,,312
258,,214,346,,312
258,,214,346,,312
258,,215,346,,312
258,,215,346,,312
259,,215,346,,312
259,,215,346,,313
259,,215,346,,313
259,,215,346,,313
259,,215,346,,313
259,,215,346,,313
259,,215,346,,313
259,,215,346,,313
259,,215,346,,313
259,,216,346,,313
259,,216,346,,313
259,,216,346,,313
259,,216,346,,313
259,,216,346,,313
259,,216,347,,313
259,,216,347,,313
259,,216,347,,313
259,,216,347,,313
259,,216,347,,313
259,,216,347,,313
259,,216,347,,313
259,,216,347,,313
259,,216,347,,313
259,,216,347,,313
259,,216,347,,313
259,,216,347,,313
259,,216,347,,313
259,,216,347,,313
259,,216,347,,313
259,,216,347,,313
259,,216,347,,313
259,,216,347,,313
259,,216,347,,313
259,,217,347,,313
259,,217,347,,313
259,,217,348,,313
259,,217,348,,313
259,,217,348,,313
259,,217,348,,313
259,,217,348,,313
259,,217,348,,313
259,,217,348,,313
259,,217,348,,313
259,,217,348,,313
259,,217,348,,313
259,,217,348,,313
259,,217,348,,313
259,,217,348,,313
259,,217,348,,313
259,,218,348,,313
259,,218,348,,313
259,,218,349,,313
259,,218,349,,313
259,,218,349,,313
259,,218,349,,313
259,,218,349,,313
259,,218,349,,313
259,,218,349,,313
259,,218,349,,313
259,,218,349,,313
259,,218,349,,313
259,,218,349,,313
259,,218,349,,314
259,,218,350,,314
259,,218,350,,314
259,,218,350,,314
259,,218,351,,314
259,,218,351,,314
259,,218,351,,314
260,,218,351,,314
260,,218,351,,314
260,,218,351,,314
260,,218,351,,314
260,,218,351,,314
260,,218,352,,314
260,,218,352,,315
260,,218,352,,315
260,,218,352,,315
260,,218,352,,315
260,,218,352,,315
260,,218,353,,315
260,,218,353,,315
260,,218,353,,315
260,,218,353,,315
260,,219,353,,315
260,,219,353,,315
260,,219,353,,315
260,,219,353,,315
260,,219,353,,317
260,,219,353,,317
260,,219,353,,317
260,,219,353,,317
260,,219,353,,317
260,,219,353,,317
260,,219,353,,317
260,,219,353,,317
260,,219,353,,317
260,,219,353,,317
260,,219,353,,317
260,,219,353,,317
260,,219,353,,317
260,,219,353,,317
260,,219,353,,317
260,,219,353,,317
260,,219,353,,317
260,,219,353,,317
260,,219,353,,317
260,,219,353,,317
260,,219,353,,317
260,,219,353,,317
260,,219,353,,317
260,,219,353,,317
260,,219,353,,317
261,,219,353,,317
261,,219,353,,317
261,,219,353,,317
261,,219,354,,317
261,,219,354,,317
261,,219,354,,317
261,,219,354,,317
261,,219,354,,317
261,,219,354,,317
261,,219,354,,317
261,,219,354,,317
261,,219,354,,317
261,,219,354,,317
261,,219,354,,317
261,,219,354,,317
261,,219,354,,317
261,,219,354,,317
261,,219,354,,317
261,,219,354,,317
261,,219,354,,317
261,,219,354,,317
261,,219,354,,317
261,,219,354,,317
261,,219,354,,317
261,,219,354,,317
261,,219,354,,317
261,,219,354,,317
261,,219,354,,317
261,,219,354,,317
261,,219,355,,317
261,,219,355,,317
261,,219,355,,317
261,,219,355,,317
261,,219,355,,317
261,,219,355,,317
261,,219,355,,317
261,,219,355,,317
261,,219,355,,317
261,,219,355,,318
261,,219,355,,318
261,,219,355,,318
261,,219,355,,318
261,,219,355,,318
261,,219,355,,318
261,,219,355,,318
261,,219,355,,318
261,,220,355,,318
261,,220,355,,318
261,,220,355,,318
261,,220,355,,318
261,,220,356,,319
261,,220,356,,319
261,,220,356,,319
261,,220,356,,319
261,,220,356,,319
261,,220,356,,319
261,,220,356,,319
261,,220,356,,319
261,,220,356,,319
261,,220,356,,319
261,,220,356,,319
261,,220,356,,319
261,,220,356,,319
261,,220,356,,319
261,,220,356,,319
261,,220,356,,319
261,,220,356,,319
261,,220,356,,319
261,,220,356,,319
261,,220,356,,319
261,,220,356,,319
261,,220,356,,319
261,,220,356,,319
261,,220,356,,319
261,,221,356,,319
261,,221,356,,319
261,,221,356,,319
261,,221,356,,319
262,,221,356,,319
262,,221,356,,319
262,,221,356,,319
262,,221,356,,319
262,,221,356,,319
262,,221,356,,319
262,,221,356,,319
262,,221,356,,319
262,,221,356,,319
262,,221,356,,319
262,,221,357,,319
262,,221,357,,319
262,,221,357,,319
262,,221,357,,319
262,,221,357,,319
262,,221,357,,319
262,,221,357,,319
262,,221,357,,319
262,,221,357,,319
262,,221,357,,319
262,,221,357,,319
262,,221,357,,319
262,,221,357,,319
262,,221,357,,319
262,,221,357,,319
262,,221,357,,319
262,,221,357,,319
262,,221,357,,319
262,,221,357,,319
262,,222,357,,319
262,,222,357,,319
262,,222,357,,319
262,,222,357,,319
262,,222,357,,319
262,,222,357,,319
262,,222,357,,319
262,,222,357,,319
262,,222,358,,319
262,,222,358,,319
262,,222,358,,319
262,,223,358,,319
262,,223,358,,319
262,,223,358,,320
262,,223,358,,320
262,,223,358,,320
262,,223,358,,320
262,,223,358,,320
262,,223,358,,320
262,,223,359,,320
262,,223,359,,320
263,,223,359,,320
263,,223,359,,320
263,,223,359,,320
263,,223,359,,320
263,,223,359,,320
263,,223,359,,320
263,,223,359,,320
263,,223,359,,320
263,,223,359,,320
263,,223,359,,320
263,,223,360,,320
263,,223,360,,320
263,,223,360,,320
263,,223,360,,320
263,,223,360,,320
263,,223,360,,320
263,,223,360,,320
263,,223,360,,320
263,,223,360,,320
263,,223,360,,320
263,,223,360,,320
263,,223,360,,320
263,,223,361,,320
263,,223,361,,320
263,,223,361,,320
263,,223,361,,320
263,,223,361,,320
263,,223,361,,320
263,,223,361,,320
263,,223,361,,320
263,,223,361,,320
263,,223,361,,320
263,,223,361,,320
263,,223,361,,320
263,,223,361,,320
263,,223,361,,320
263,,223,361,,320
263,,224,362,,320
263,,224,362,,320
263,,224,362,,320
263,,224,362,,320
263,,224,362,,320
263,,224,362,,320
263,,224,362,,320
263,,224,362,,320
263,,224,362,,320
263,,224,362,,320
263,,224,362,,320
263,,224,362,,320
263,,224,363,,320
263,,224,363,,320
263,,224,363,,320
263,,224,363,,320
263,,224,363,,320
263,,224,363,,320
263,,224,363,,320
263,,224,363,,320
263,,224,363,,320
263,,224,363,,320
263,,224,363,,320
263,,224,363,,320
263,,224,363,,321
263,,224,363,,321
263,,224,363,,321
263,,224,363,,321
263,,224,363,,321
263,,224,363,,321
263,,224,363,,321
263,,224,363,,321
263,,224,363,,321
263,,224,363,,321
263,,224,363,,321
263,,224,363,,321
263,,224,363,,321
263,,224,363,,321
263,,224,363,,321
263,,224,363,,321
263,,224,363,,321
263,,224,363,,321
263,,224,363,,321
263,,224,363,,321
263,,224,363,,322
263,,224,363,,322
263,,224,363,,322
263,,224,363,,322
263,,224,363,,322
263,,224,363,,322
264,,224,363,,322
264,,224,363,,322
264,,224,363,,322
264,,224,363,,322
264,,224,363,,322
264,,224,363,,322
264,,224,363,,322
264,,224,363,,322
264,,224,363,,322
264,,224,363,,322
264,,224,363,,322
264,,224,363,,322
264,,224,363,,322
264,,224,363,,322
264,,224,363,,322
264,,224,363,,322
264,,224,363,,322
264,,224,363,,322
264,,224,363,,322
264,,224,363,,322
264,,224,363,,322
264,,224,363,,322
264,,224,363,,322
264,,224,363,,322
264,,224,363,,322
264,,224,363,,322
264,,224,363,,322
264,,224,363,,322
264,,224,363,,322
264,,224,363,,322
264,,224,363,,322
264,,224,363,,322
264,,224,363,,322
264,,224,364,,322
264,,224,364,,322
264,,224,364,,322
264,,224,364,,322
264,,224,364,,322
264,,224,364,,322
264,,226,364,,322
264,,226,364,,322
264,,226,364,,322
264,,226,364,,322
264,,226,364,,322
264,,226,364,,322
264,,226,364,,322
264,,226,364,,322
264,,226,364,,322
264,,226,364,,322
264,,226,364,,322
264,,226,364,,322
264,,226,364,,322
264,,226,364,,322
264,,226,364,,322
264,,226,364,,322
264,,226,364,,322
264,,226,364,,322
264,,226,364,,322
264,,226,364,,322
264,,226,364,,322
264,,226,364,,322
264,,226,364,,322
264,,226,365,,322
264,,226,365,,322
264,,226,365,,322
264,,226,,,322
264,,226,,,322
264,,226,,,322
264,,226,,,322
264,,226,,,322
264,,226,,,322
264,,226,,,322
264,,226,,,322
264,,226,,,322
264,,226,,,322
264,,226,,,322
264,,226,,,322
265,,226,,,322
265,,226,,,322
265,,226,,,322
265,,226,,,322
265,,226,,,322
265,,226,,,322
265,,226,,,322
265,,226,,,322
265,,226,,,322
265,,226,,,322
265,,226,,,322
265,,226,,,322
265,,226,,,322
265,,226,,,322
265,,226,,,322
265,,227,,,322
265,,227,,,322
265,,227,,,322
265,,227,,,322
265,,227,,,322
265,,227,,,322
265,,227,,,322
265,,227,,,322
265,,227,,,322
265,,227,,,322
265,,227,,,322
265,,227,,,322
265,,227,,,322
265,,227,,,322
265,,227,,,322
265,,227,,,322
265,,227,,,322
265,,227,,,322
265,,227,,,322
265,,227,,,322
265,,227,,,323
265,,227,,,323
265,,227,,,323
265,,227,,,323
265,,227,,,323
265,,227,,,323
265,,227,,,323
265,,227,,,323
265,,227,,,323
265,,227,,,323
265,,227,,,323
265,,227,,,323
265,,227,,,323
265,,227,,,323
265,,227,,,324
265,,227,,,324
265,,227,,,324
265,,227,,,324
265,,227,,,324
265,,227,,,324
265,,227,,,324
265,,227,,,324
265,,227,,,324
265,,227,,,325
265,,227,,,325
265,,227,,,325
265,,227,,,325
265,,227,,,325
265,,227,,,325
265,,227,,,325
265,,227,,,325
265,,227,,,325
265,,227,,,325
265,,227,,,325
265,,227,,,325
265,,227,,,325
265,,227,,,325
265,,227,,,325
265,,227,,,325
265,,227,,,325
265,,227,,,325
265,,227,,,325
265,,227,,,325
265,,227,,,325
265,,227,,,325
265,,227,,,325
265,,227,,,325
265,,227,,,325
265,,227,,,325
265,,227,,,325
265,,227,,,325
265,,227,,,325
265,,227,,,325
265,,227,,,325
265,,227,,,325
265,,227,,,325
265,,227,,,325
265,,227,,,325
265,,227,,,325
265,,227,,,325
265,,227,,,325
265,,227,,,325
265,,227,,,325
265,,227,,,325
265,,227,,,325
265,,227,,,325
265,,227,,,325
265,,227,,,325
265,,227,,,325
265,,227,,,325
265,,227,,,325
265,,227,,,325
265,,227,,,325
265,,227,,,325
265,,227,,,325
265,,227,,,325
265,,227,,,326
265,,227,,,326
265,,227,,,326
265,,227,,,326
265,,227,,,326
265,,227,,,326
265,,227,,,326
265,,227,,,326
265,,227,,,326
265,,227,,,326
265,,227,,,326
265,,227,,,328
265,,227,,,328
265,,227,,,328
265,,227,,,328
265,,227,,,328
265,,227,,,328
265,,227,,,328
265,,227,,,328
265,,227,,,328
265,,227,,,328
265,,227,,,328
265,,227,,,328
265,,227,,,328
265,,227,,,328
265,,228,,,328
265,,228,,,328
265,,228,,,329
265,,228,,,329
265,,228,,,329
265,,228,,,329
265,,228,,,329
265,,228,,,329
265,,228,,,329
265,,228,,,329
265,,228,,,329
265,,228,,,329
265,,228,,,329
265,,228,,,329
265,,228,,,329
265,,228,,,329
265,,228,,,329
265,,228,,,329
266,,228,,,329
266,,228,,,329
266,,228,,,329
266,,228,,,329
266,,228,,,329
266,,228,,,329
266,,228,,,329
266,,228,,,329
266,,228,,,329
266,,228,,,329
266,,228,,,329
266,,228,,,329
266,,228,,,329
266,,228,,,329
266,,228,,,329
266,,228,,,329
266,,228,,,330
266,,228,,,330
266,,228,,,330
266,,228,,,330
266,,228,,,330
266,,228,,,330
266,,228,,,330
266,,228,,,330
266,,228,,,331
266,,228,,,331
266,,228,,,331
266,,228,,,331
266,,228,,,331
266,,228,,,331
266,,228,,,331
266,,228,,,331
266,,228,,,331
266,,228,,,331
267,,228,,,331
267,,229,,,331
267,,229,,,331
267,,229,,,331
267,,229,,,331
267,,229,,,331
267,,229,,,331
267,,229,,,331
267,,229,,,331
267,,229,,,331
267,,229,,,332
267,,229,,,332
267,,229,,,332
267,,229,,,332
267,,229,,,332
267,,229,,,333
267,,229,,,333
267,,229,,,333
267,,229,,,333
267,,229,,,333
267,,229,,,333
267,,229,,,333
267,,229,,,333
267,,229,,,333
267,,229,,,333
267,,229,,,333
268,,229,,,333
268,,229,,,333
268,,229,,,333
268,,229,,,333
268,,229,,,333
268,,230,,,333
268,,230,,,333
268,,230,,,333
268,,230,,,333
268,,230,,,333
268,,230,,,333
268,,230,,,333
268,,230,,,333
268,,230,,,333
268,,230,,,333
268,,230,,,333
268,,230,,,333
268,,230,,,333
268,,230,,,333
268,,230,,,333
268,,230,,,333
268,,230,,,333
268,,230,,,334
268,,230,,,334
268,,230,,,334
268,,230,,,334
268,,230,,,334
268,,230,,,334
268,,230,,,334
268,,230,,,334
268,,230,,,334
268,,230,,,334
268,,230,,,334
268,,230,,,334
268,,230,,,334
268,,230,,,334
269,,230,,,334
269,,230,,,334
269,,230,,,334
269,,230,,,335
269,,230,,,335
269,,230,,,335
269,,230,,,335
269,,230,,,335
269,,230,,,335
269,,230,,,335
269,,230,,,335
269,,230,,,335
269,,230,,,335
269,,230,,,335
269,,230,,,335
269,,230,,,335
269,,230,,,335
269,,230,,,335
269,,231,,,335
269,,231,,,335
269,,231,,,335
269,,231,,,335
269,,231,,,335
269,,231,,,335
269,,231,,,335
269,,231,,,335
269,,232,,,335
269,,232,,,335
269,,232,,,335
269,,232,,,335
269,,232,,,335
270,,232,,,335
270,,232,,,335
270,,232,,,335
270,,232,,,335
270,,232,,,335
270,,232,,,335
270,,232,,,335
270,,232,,,335
270,,232,,,335
270,,232,,,335
270,,233,,,335
270,,233,,,335
270,,233,,,335
270,,233,,,335
270,,233,,,335
270,,233,,,335
270,,233,,,335
270,,233,,,335
270,,233,,,335
270,,233,,,335
270,,233,,,335
270,,233,,,335
270,,233,,,335
270,,233,,,336
270,,233,,,336
270,,233,,,336
270,,233,,,336
270,,233,,,336
271,,233,,,336
271,,233,,,336
271,,233,,,336
271,,233,,,336
271,,233,,,336
271,,233,,,336
271,,233,,,336
271,,233,,,336
271,,233,,,336
271,,233,,,336
271,,233,,,336
271,,233,,,336
271,,233,,,336
271,,233,,,336
271,,233,,,336
271,,233,,,336
271,,233,,,336
271,,233,,,336
271,,234,,,339
271,,234,,,339
271,,234,,,339
271,,234,,,339
271,,234,,,339
271,,234,,,340
271,,234,,,340
271,,234,,,340
271,,234,,,340
271,,234,,,340
271,,234,,,340
271,,234,,,340
271,,234,,,340
271,,234,,,340
271,,234,,,340
271,,234,,,340
271,,234,,,340
271,,234,,,340
271,,235,,,340
271,,235,,,340
271,,235,,,340
271,,235,,,340
271,,235,,,340
271,,235,,,340
271,,235,,,340
271,,235,,,340
271,,235,,,340
271,,235,,,340
271,,235,,,340
271,,235,,,340
271,,235,,,340
271,,235,,,340
271,,235,,,340
271,,235,,,340
271,,235,,,340
271,,235,,,340
271,,235,,,341
271,,235,,,341
271,,235,,,341
271,,235,,,341
271,,235,,,342
271,,235,,,344
272,,235,,,344
272,,235,,,344
272,,235,,,344
272,,235,,,344
272,,235,,,344
272,,235,,,344
272,,235,,,344
272,,235,,,344
272,,235,,,344
272,,235,,,344
272,,235,,,345
272,,235,,,345
272,,235,,,345
272,,235,,,345
272,,235,,,345
272,,235,,,345
272,,235,,,347
272,,235,,,347
272,,235,,,347
272,,235,,,347
272,,235,,,347
272,,235,,,347
272,,235,,,347
272,,235,,,347
272,,235,,,347
272,,235,,,347
272,,235,,,347
272,,235,,,347
272,,235,,,347
272,,235,,,347
272,,235,,,347
272,,236,,,347
272,,236,,,347
272,,236,,,347
272,,236,,,347
272,,237,,,347
272,,237,,,347
272,,237,,,347
272,,237,,,347
272,,237,,,347
274,,237,,,347
274,,237,,,347
274,,237,,,347
274,,237,,,347
274,,237,,,349
274,,237,,,349
274,,237,,,349
274,,237,,,350
274,,237,,,352
274,,237,,,352
274,,237,,,352
274,,237,,,352
274,,237,,,352
274,,237,,,352
274,,238,,,352
274,,238,,,352
275,,238,,,352
275,,238,,,352
275,,238,,,352
275,,238,,,352
275,,238,,,352
277,,238,,,352
277,,238,,,354
277,,238,,,354
277,,238,,,354
277,,238,,,355
277,,238,,,355
277,,238,,,355
277,,238,,,355
277,,238,,,356
277,,238,,,356
277,,239,,,356
277,,239,,,356
277,,239,,,356
277,,239,,,356
277,,239,,,356
277,,240,,,356
277,,240,,,356
277,,240,,,356
277,,240,,,356
277,,240,,,356
277,,240,,,357
277,,240,,,357
277,,240,,,357
277,,240,,,361
277,,240,,,361
277,,240,,,361
277,,240,,,361
277,,240,,,361
277,,240,,,361
277,,240,,,361
277,,240,,,362
278,,241,,,362
278,,241,,,362
278,,242,,,362
278,,242,,,362
278,,242,,,362
278,,242,,,362
278,,242,,,362
278,,242,,,362
278,,242,,,362
279,,242,,,362
279,,242,,,362
279,,242,,,362
279,,242,,,362
279,,242,,,362
279,,242,,,362
279,,242,,,362
279,,242,,,362
279,,242,,,362
280,,242,,,362
280,,243,,,362
280,,243,,,362
280,,243,,,362
280,,243,,,362
280,,243,,,362
280,,243,,,365
286,,243,,,365
286,,243,,,
286,,243,,,
286,,243,,,
286,,243,,,
,,243,,,
,,243,,,
,,243,,,
,,243,,,
,,243,,,
,,243,,,
,,243,,,
,,243,,,
,,243,,,
,,243,,,
,,243,,,
,,243,,,
,,243,,,
,,243,,,
,,243,,,
,,243,,,
,,243,,,
,,243,,,
,,243,,,
,,243,,,
,,243,,,
,,243,,,
,,243,,,
,,243,,,
,,243,,,
,,243,,,
,,243,,,
,,243,,,
,,243,,,
,,243,,,
,,243,,,
,,243,,,
,,244,,,
,,244,,,
,,244,,,
,,244,,,
,,245,,,
,,245,,,
,,245,,,
,,245,,,
,,245,,,
,,245,,,
,,245,,,
,,245,,,
,,245,,,
,,245,,,
,,245,,,
,,245,,,
,,245,,,
,,245,,,
,,245,,,
,,245,,,
,,245,,,
,,245,,,
,,245,,,
,,246,,,
,,246,,,
,,246,,,
,,246,,,
,,246,,,
,,246,,,
,,246,,,
,,246,,,
,,246,,,
,,246,,,
,,246,,,
,,246,,,
,,246,,,
,,246,,,
,,246,,,
,,246,,,
,,246,,,
,,246,,,
,,246,,,
,,246,,,
,,246,,,
,,246,,,
,,246,,,
,,247,,,
,,249,,,
,,249,,,
,,249,,,
,,249,,,
,,251,,,
,,251,,,
,,251,,,
,,251,,,
,,251,,,
,,251,,,
,,251,,,
,,251,,,
,,251,,,
,,258,,,
,,279,,,
,,285,,,
,,285,,,
,,311,,,
