Hatchery Spring Chinook,Hatchery Fall Chinook,Wild Coho,Hatchery Coho,Hatchery Chum,Unknown Chum,Wild Pink,Hatchery Pink
137,189,236,236,002,309,202,195
143,192,244,237,304,311,202,204
143,194,247,239,305,311,202,209
144,195,251,241,306,313,202,209
144,196,251,242,306,313,210,209
147,197,252,242,306,313,210,211
147,199,252,243,307,313,210,211
149,200,252,244,307,313,213,213
149,200,253,244,308,314,213,213
150,200,253,245,309,314,213,213
150,201,256,246,309,314,216,213
150,201,256,246,309,314,220,213
151,202,258,247,310,314,220,213
151,202,258,247,310,315,220,213
151,202,258,247,311,315,220,213
151,202,258,247,311,315,220,213
151,202,259,248,311,315,220,213
151,203,259,248,312,315,220,213
151,203,259,248,312,315,222,213
152,203,259,248,312,315,222,214
152,204,259,248,312,316,222,214
152,204,259,248,312,316,222,214
152,204,259,249,312,316,222,215
152,205,259,249,313,316,222,215
153,205,259,249,313,316,223,215
153,205,259,249,313,316,225,216
153,206,259,249,313,316,225,216
153,206,264,250,314,316,225,216
153,206,264,250,314,316,225,216
154,206,264,250,314,317,225,216
154,207,264,250,314,317,225,216
154,207,264,250,314,317,225,216
154,208,264,250,314,317,225,216
154,208,264,250,314,317,225,217
154,208,264,250,314,317,226,219
154,209,264,251,314,318,226,219
154,209,264,251,314,318,226,219
154,209,264,251,314,318,227,219
155,209,264,251,314,318,227,219
156,209,264,251,314,318,227,219
156,209,264,251,315,318,227,220
157,210,264,251,315,318,227,220
157,210,264,251,315,318,227,220
157,210,264,251,315,318,227,220
158,210,265,251,315,318,227,220
158,210,265,251,315,318,227,220
159,210,267,251,315,318,227,221
159,210,267,252,315,318,227,221
159,211,267,252,315,318,228,221
159,211,267,252,315,319,228,221
159,211,267,252,315,319,229,221
159,211,267,252,315,319,229,221
159,211,267,252,316,319,229,223
159,212,267,253,316,319,229,229
159,212,267,253,316,319,229,229
159,212,267,253,316,319,229,229
159,212,267,253,316,319,229,229
159,212,268,253,316,319,230,229
159,212,268,253,316,319,230,229
159,212,268,253,316,319,230,229
160,212,268,254,316,319,230,229
160,213,269,254,316,319,230,229
160,213,269,254,316,319,230,229
160,213,269,254,316,319,230,229
160,213,269,254,316,319,230,229
161,213,269,254,316,319,230,229
161,213,269,254,316,319,230,229
161,213,269,254,316,319,230,229
161,213,269,254,317,319,230,229
161,213,269,254,317,319,230,229
161,213,269,255,317,319,230,229
161,213,269,255,317,319,230,229
161,213,269,255,317,319,230,229
161,213,269,255,317,319,230,229
161,213,269,255,317,320,230,229
161,213,269,255,317,320,231,229
161,213,269,255,317,320,232,229
161,214,269,255,317,320,233,229
161,214,269,255,317,320,233,229
161,214,269,255,317,320,233,229
161,214,269,255,317,320,233,229
161,214,269,255,317,320,233,229
161,214,269,256,317,320,233,229
161,214,269,256,317,320,233,229
161,214,270,256,317,320,233,230
161,214,270,256,317,320,233,230
161,214,270,256,317,320,233,230
161,214,270,256,318,320,233,230
161,214,270,256,318,320,233,230
161,215,270,256,318,320,233,230
161,215,270,256,318,320,233,230
161,215,270,257,318,320,233,230
161,215,270,257,318,320,233,230
161,215,270,257,318,320,234,230
161,215,270,257,318,320,234,230
161,215,270,257,318,320,234,230
161,215,270,257,318,320,234,230
162,215,270,257,318,320,234,230
162,215,270,257,318,320,234,231
162,215,270,257,318,321,234,231
162,215,270,257,318,321,234,231
162,215,270,257,318,321,234,234
162,216,270,258,318,321,234,234
162,216,270,258,318,321,234,234
162,216,270,258,318,321,234,234
162,216,270,258,318,321,234,234
162,216,270,258,318,321,234,234
162,216,270,258,318,321,234,234
162,216,270,258,318,321,234,234
162,216,270,258,318,321,235,234
162,216,270,258,318,321,235,235
162,216,270,258,318,321,235,235
162,216,270,258,318,321,235,235
162,217,270,258,318,321,235,235
162,217,270,258,318,321,235,235
162,217,271,258,318,321,235,235
162,217,271,259,318,321,235,237
162,217,271,259,318,321,236,237
162,217,271,259,318,321,237,237
162,217,271,259,318,321,237,237
162,217,271,259,318,321,238,237
162,217,271,259,318,321,238,237
162,217,271,259,318,321,238,237
162,217,271,259,318,322,238,237
162,217,271,259,318,322,238,237
162,217,271,259,318,322,239,237
162,217,271,259,318,322,239,237
162,217,271,259,318,322,239,237
162,217,271,259,318,322,239,237
162,217,271,259,318,322,239,237
162,217,271,259,318,322,239,237
163,217,271,259,318,322,239,237
163,218,271,259,319,322,239,237
163,218,271,259,319,322,240,237
163,218,271,259,319,322,240,240
163,218,272,260,319,322,240,240
163,218,272,260,319,323,240,240
163,218,272,260,319,323,240,240
163,218,272,260,319,323,240,240
163,218,272,260,319,323,240,240
163,218,272,260,319,323,240,240
163,218,272,260,319,323,240,242
163,218,272,260,319,323,241,242
163,219,272,260,319,323,241,242
164,219,272,260,319,323,242,242
164,219,272,260,319,323,242,242
164,219,272,260,319,323,242,242
164,219,272,260,319,323,242,242
164,219,272,260,319,323,242,242
164,219,272,260,319,323,242,243
164,219,272,260,319,323,242,243
164,219,272,260,319,323,242,243
164,219,272,260,320,323,242,243
164,219,272,260,320,323,242,243
164,219,272,260,320,323,242,243
165,219,272,260,320,323,242,243
165,219,272,260,320,324,242,244
165,219,272,261,320,324,242,244
165,219,273,261,320,324,242,244
165,219,273,261,320,324,242,244
165,220,273,261,320,324,242,244
165,220,273,261,320,324,242,244
165,220,273,261,320,324,244,244
165,220,273,261,320,324,244,244
165,220,273,261,320,324,244,245
165,220,273,261,320,324,244,245
165,220,273,261,320,324,244,245
165,220,273,261,320,324,244,245
165,220,273,261,320,324,244,245
165,220,273,261,320,324,244,245
165,220,273,261,320,324,244,247
165,220,273,261,320,324,244,248
165,220,273,261,320,324,244,248
165,220,273,261,320,324,244,248
165,220,273,261,320,324,244,248
166,220,273,261,320,324,245,248
166,220,273,261,320,324,245,248
166,221,273,261,320,324,245,248
166,221,273,261,320,324,245,248
166,221,273,261,320,324,245,248
166,221,273,261,320,324,245,249
166,221,273,261,320,324,245,249
166,221,273,261,320,324,245,249
166,221,274,261,320,324,245,249
166,221,274,261,320,324,245,249
166,221,274,262,320,324,245,249
166,221,274,262,321,324,245,249
166,221,274,262,321,325,245,249
166,221,274,262,321,325,245,249
166,221,274,262,321,325,245,251
167,221,274,262,321,325,245,251
167,221,274,262,321,325,245,251
167,221,274,262,321,325,245,251
167,221,274,262,321,325,245,251
167,221,274,262,321,325,245,251
167,221,274,262,321,325,245,251
167,221,274,262,321,325,245,253
167,221,274,262,321,325,245,255
167,221,274,262,321,325,245,255
167,221,274,262,321,325,245,255
167,221,274,262,321,325,245,255
167,222,274,262,321,325,245,258
167,222,274,262,321,325,245,258
168,222,274,262,321,325,245,258
168,222,274,262,321,325,245,258
168,222,274,262,321,325,245,258
168,222,274,263,321,325,245,258
168,222,274,263,321,325,245,258
168,222,274,263,321,325,245,258
168,222,274,263,321,325,245,258
168,222,274,263,321,325,245,259
168,222,274,263,321,325,245,259
168,222,275,263,321,325,245,259
168,222,275,263,321,325,245,259
168,222,275,263,321,326,245,259
168,222,275,263,321,326,245,259
168,222,275,263,321,326,245,259
168,222,275,263,321,326,245,259
168,222,275,263,321,326,245,259
168,222,275,263,321,326,245,259
168,222,275,263,321,326,245,259
168,222,275,263,321,326,245,259
168,223,275,263,321,326,245,259
168,223,275,263,321,326,245,259
168,223,275,263,322,326,245,260
168,223,275,263,322,326,245,260
169,223,275,263,322,326,245,260
169,223,275,263,322,326,245,260
169,223,275,263,322,326,245,260
169,223,275,263,322,326,245,260
169,223,275,263,322,326,245,260
169,223,275,263,322,326,245,260
169,223,275,263,322,326,245,260
169,223,275,263,322,326,245,260
169,223,275,263,322,326,245,260
169,223,275,263,322,326,245,260
169,223,275,263,322,326,246,260
169,223,275,263,322,326,246,260
169,223,275,263,322,326,247,260
169,223,275,263,322,326,247,260
169,223,275,263,322,326,247,260
169,223,275,263,322,326,247,260
169,223,275,263,322,326,247,260
169,223,275,263,322,326,247,260
169,223,275,264,322,326,247,261
169,223,275,264,322,326,247,261
169,223,275,264,322,326,247,261
169,223,275,264,322,327,247,261
170,223,275,264,322,327,247,261
170,223,276,264,322,327,247,261
170,223,276,264,322,327,247,261
170,223,276,264,322,327,247,261
170,223,276,264,322,327,247,261
170,223,276,264,322,327,247,262
170,223,276,264,322,327,248,262
170,223,276,264,322,327,248,262
170,223,276,264,322,327,248,262
171,223,276,264,322,327,248,262
171,223,276,264,322,327,248,262
171,224,276,264,322,328,248,262
171,224,276,264,322,328,249,262
171,224,276,264,322,328,249,262
171,224,276,264,322,328,249,262
171,224,276,264,322,328,249,262
171,224,276,264,322,328,249,262
171,224,276,264,322,328,249,262
171,224,276,264,322,328,249,262
171,224,276,264,322,328,249,262
171,224,276,264,322,328,249,262
171,224,276,264,322,328,249,262
171,224,276,264,322,328,249,262
171,224,276,264,322,328,250,262
171,224,276,264,322,328,250,263
171,224,276,264,322,328,250,263
171,224,276,264,322,328,250,263
171,224,276,264,322,328,250,263
171,224,276,264,322,328,250,263
171,224,276,264,322,328,250,263
171,224,276,264,322,328,250,263
171,224,277,264,322,328,250,263
171,224,277,264,322,328,250,265
172,224,277,264,322,328,250,265
172,224,277,264,322,328,250,265
172,224,277,264,322,328,250,265
172,224,277,264,322,328,250,266
172,225,277,264,322,328,250,266
172,225,277,264,322,329,250,267
172,225,277,264,322,329,250,267
172,225,277,264,323,329,250,267
172,225,277,264,323,329,250,267
172,225,277,265,323,329,250,267
172,225,277,265,323,329,250,267
172,225,277,265,323,329,250,267
172,225,277,265,323,329,250,267
173,225,277,265,323,329,250,267
173,225,277,265,323,329,250,269
173,225,277,265,323,329,250,269
173,225,277,265,323,329,250,269
173,225,277,265,323,329,250,269
173,225,277,265,323,329,251,269
173,225,277,265,323,329,251,269
173,225,277,265,323,329,251,269
173,225,277,265,323,329,251,269
173,225,277,265,323,329,251,269
173,225,277,265,323,329,252,269
173,225,277,265,323,330,252,269
173,225,277,265,323,330,252,269
173,225,277,265,323,330,252,269
174,225,277,265,323,330,252,269
174,226,277,265,323,330,252,269
174,226,277,265,323,330,252,269
174,226,277,265,323,330,252,269
174,226,277,265,323,330,252,269
174,226,277,265,323,330,252,269
174,226,277,265,323,330,253,269
174,226,277,265,323,330,253,272
174,226,277,265,323,330,253,272
174,226,277,265,323,330,253,272
174,226,277,265,323,330,254,274
174,226,277,265,323,330,254,274
174,226,277,265,323,330,255,274
174,226,277,265,323,330,255,274
174,226,278,265,323,331,255,274
174,226,278,265,323,331,255,274
174,226,278,265,323,331,255,275
174,226,278,265,323,331,255,275
174,226,278,265,323,331,255,275
174,226,278,265,323,331,255,275
174,226,278,266,323,331,255,275
174,226,278,266,323,331,255,275
174,226,278,266,323,331,255,276
174,226,278,266,323,331,255,276
174,226,278,266,323,331,255,276
174,226,278,266,323,331,255,276
175,226,278,266,323,331,255,276
175,226,278,266,323,331,255,276
175,226,278,266,323,331,255,279
175,226,278,266,323,331,256,279
175,226,278,266,323,331,256,279
175,226,278,266,323,331,256,279
175,226,278,266,323,331,256,279
175,226,278,266,323,331,256,279
175,226,278,266,323,331,256,279
175,226,278,266,323,331,256,279
175,226,278,266,323,331,256,279
176,226,278,266,323,331,256,279
176,226,278,266,324,332,256,279
176,226,278,266,324,332,256,280
176,226,278,266,324,332,256,280
176,226,278,266,324,332,256,280
176,226,278,266,324,332,256,280
176,227,278,266,324,332,256,280
176,227,278,266,324,332,256,280
176,227,278,266,324,332,256,280
176,227,278,266,324,332,256,280
176,227,278,266,324,332,256,280
176,227,278,266,324,332,256,280
177,227,278,266,324,332,257,280
177,227,278,266,324,332,257,280
177,227,278,266,324,332,257,280
177,227,278,266,324,332,257,280
178,227,278,266,324,332,257,280
178,227,278,266,324,332,257,280
178,227,278,266,324,332,257,280
178,227,278,266,324,332,257,280
179,227,278,266,324,332,257,280
179,227,278,266,324,332,257,281
179,227,278,266,324,332,257,281
179,227,278,266,324,333,257,281
179,227,278,266,324,333,257,281
179,227,278,266,324,333,257,281
179,227,278,266,324,333,257,281
180,227,278,266,324,333,257,281
180,227,278,266,324,333,257,281
180,227,278,266,324,333,257,281
180,227,278,266,324,333,257,281
180,227,278,266,324,333,257,281
180,227,278,266,324,333,258,281
180,227,278,266,324,333,258,283
180,227,278,266,324,333,258,283
180,227,278,266,324,333,258,284
180,227,278,267,324,333,258,284
180,227,278,267,324,333,258,284
180,227,278,267,324,333,258,284
180,227,278,267,324,333,258,284
180,227,278,267,324,333,258,284
180,227,278,267,324,334,258,284
180,227,278,267,324,334,258,284
181,227,278,267,324,334,258,285
181,227,279,267,324,334,258,285
181,228,279,267,324,334,258,286
181,228,279,267,324,334,258,286
181,228,279,267,324,334,258,286
181,228,279,267,324,334,258,286
181,228,279,267,324,334,258,289
181,228,280,267,324,334,258,289
181,228,280,267,324,334,258,289
181,228,280,267,324,334,258,289
181,228,280,267,324,334,258,295
181,228,280,267,324,334,258,295
181,228,280,267,325,335,258,
181,228,280,267,325,335,258,
181,228,280,267,325,335,258,
181,228,280,267,325,335,258,
181,228,280,267,325,335,259,
181,228,280,267,325,335,259,
181,228,280,267,325,335,259,
181,228,280,267,325,335,259,
181,228,280,267,325,335,259,
181,228,280,267,325,335,259,
181,228,280,267,325,335,259,
181,228,280,268,325,335,259,
181,228,280,268,325,335,259,
181,228,280,268,325,335,259,
181,228,280,268,325,335,259,
181,228,280,268,325,335,259,
181,228,280,268,325,335,259,
181,228,280,268,325,335,259,
181,228,280,268,325,335,259,
182,228,280,268,325,335,259,
182,228,280,268,325,335,259,
182,228,280,268,325,335,259,
182,228,280,268,325,335,259,
182,228,281,268,325,335,259,
182,228,281,268,325,335,259,
182,228,281,268,325,335,259,
183,228,281,268,325,335,259,
183,228,281,268,325,335,259,
183,228,282,268,325,335,259,
183,228,282,268,325,335,259,
183,228,282,268,325,336,259,
183,228,282,268,325,337,259,
184,228,282,268,325,337,259,
184,228,282,268,325,337,260,
184,228,282,268,325,337,260,
184,229,282,268,325,337,260,
184,229,282,268,325,337,260,
184,229,282,268,325,337,260,
184,229,282,268,325,337,260,
184,229,282,268,325,337,260,
184,229,282,268,325,337,260,
184,229,282,268,325,337,260,
185,229,282,268,325,337,260,
185,229,282,268,325,337,261,
185,229,282,268,325,337,261,
185,229,282,268,325,337,261,
185,229,282,268,325,337,261,
185,229,282,268,325,338,261,
186,229,282,268,325,338,261,
186,229,282,268,325,338,261,
186,229,282,268,325,338,262,
186,229,282,268,325,338,262,
186,229,282,268,325,338,262,
186,229,282,268,325,338,262,
186,229,282,268,325,338,262,
186,229,282,268,325,338,262,
187,229,282,268,325,339,262,
187,229,282,268,325,339,262,
187,229,282,269,325,340,262,
187,229,282,269,325,340,262,
187,229,282,269,325,340,262,
187,229,282,269,325,340,262,
187,229,282,269,325,340,262,
187,229,282,269,325,340,262,
187,229,283,269,325,341,262,
187,229,283,269,325,341,262,
187,229,283,269,325,341,262,
187,229,283,269,325,341,262,
188,229,283,269,325,341,263,
188,229,283,269,325,341,263,
188,229,283,269,325,341,263,
188,229,283,269,325,341,264,
188,229,283,269,325,342,264,
188,229,283,269,325,342,264,
188,229,283,269,325,342,264,
188,229,283,269,325,342,264,
188,229,283,269,325,342,264,
188,229,283,269,325,342,264,
189,229,283,269,325,342,264,
189,229,283,269,325,342,264,
189,229,283,269,325,343,264,
189,229,283,269,325,343,264,
189,229,283,269,325,343,264,
189,230,283,269,325,343,264,
189,230,283,269,325,343,264,
189,230,283,269,325,343,264,
189,230,283,269,326,343,264,
189,230,283,269,326,344,264,
189,230,283,269,326,344,264,
189,230,283,269,326,344,264,
189,230,283,269,326,344,264,
189,230,283,269,326,344,264,
189,230,283,269,326,344,264,
189,230,283,269,326,344,264,
189,230,283,269,326,345,264,
189,230,283,269,326,345,264,
189,230,283,269,326,345,264,
189,230,283,270,326,345,264,
189,230,283,270,326,,264,
189,230,284,270,326,,264,
189,230,284,270,326,,264,
189,230,284,270,326,,264,
189,230,284,270,326,,264,
189,230,284,270,326,,264,
189,230,284,270,326,,264,
189,230,284,270,326,,264,
189,230,284,270,326,,264,
189,230,284,270,326,,264,
189,230,284,270,326,,264,
189,230,284,270,326,,264,
189,230,284,270,326,,264,
189,230,284,270,326,,264,
189,230,284,270,326,,264,
189,230,284,270,326,,264,
189,230,284,270,326,,265,
190,230,284,270,326,,265,
190,230,284,270,326,,266,
190,230,284,270,326,,266,
190,230,284,270,326,,266,
190,230,284,270,326,,266,
190,230,285,270,326,,266,
190,230,285,270,326,,267,
190,230,285,270,326,,267,
190,230,285,270,326,,267,
190,230,285,270,326,,267,
190,230,285,270,326,,267,
190,230,285,270,326,,267,
190,230,285,270,326,,267,
191,230,285,270,326,,267,
191,230,285,270,326,,267,
191,230,285,270,326,,267,
191,230,285,270,326,,267,
191,231,285,270,326,,267,
191,231,285,270,326,,267,
191,231,285,270,326,,267,
191,231,285,270,326,,267,
191,231,285,270,326,,268,
191,231,286,270,326,,268,
191,231,286,270,326,,268,
191,231,286,270,327,,268,
191,231,286,270,327,,268,
192,231,286,270,327,,268,
192,231,286,270,327,,268,
192,231,286,270,327,,269,
192,231,286,270,327,,269,
192,231,286,270,327,,269,
192,231,286,271,327,,269,
192,231,286,271,327,,269,
192,231,286,271,327,,269,
192,231,286,271,327,,269,
192,231,286,271,327,,269,
192,231,286,271,327,,270,
192,231,286,271,327,,270,
192,231,286,271,327,,270,
192,231,286,271,327,,270,
192,231,286,271,327,,270,
192,231,286,271,327,,270,
192,231,286,271,327,,270,
192,231,286,271,327,,270,
192,231,286,271,327,,270,
192,231,286,271,327,,270,
192,231,286,271,327,,270,
192,231,286,271,327,,270,
192,231,286,271,327,,270,
192,231,286,271,327,,270,
192,231,286,271,327,,271,
192,231,286,271,327,,271,
192,231,286,271,327,,271,
192,231,286,271,327,,271,
192,232,286,271,327,,271,
192,232,286,271,327,,271,
193,232,286,271,327,,271,
193,232,286,271,327,,271,
193,232,286,271,327,,271,
193,232,286,271,327,,271,
193,232,286,271,327,,271,
193,232,286,271,327,,271,
193,232,286,271,327,,271,
193,232,286,271,327,,271,
193,232,286,271,327,,271,
193,232,286,271,327,,271,
193,232,286,271,327,,271,
193,232,286,271,327,,271,
193,232,286,271,327,,271,
193,232,286,271,327,,271,
193,232,286,271,327,,271,
194,232,286,271,327,,271,
194,232,286,271,327,,271,
194,232,286,271,327,,271,
194,232,286,271,327,,271,
194,232,286,271,327,,271,
194,232,286,271,327,,271,
194,232,286,271,327,,271,
194,232,286,271,327,,271,
194,232,287,271,327,,271,
194,232,287,271,327,,271,
194,232,287,271,327,,271,
194,232,287,271,327,,271,
194,232,287,271,327,,271,
194,232,287,271,327,,271,
194,232,287,271,327,,271,
194,232,287,271,327,,271,
194,232,287,271,327,,271,
194,232,287,271,327,,271,
194,232,287,271,327,,271,
194,232,287,271,327,,271,
194,232,287,271,327,,271,
194,232,287,271,327,,271,
194,232,287,271,327,,271,
194,232,287,272,327,,271,
194,232,287,272,327,,271,
194,232,287,272,327,,271,
195,232,287,272,328,,271,
195,233,287,272,328,,271,
195,233,287,272,328,,271,
195,233,287,272,328,,271,
195,233,288,272,328,,271,
195,233,288,272,328,,271,
195,233,288,272,328,,271,
195,233,288,272,328,,271,
195,233,288,272,328,,271,
196,233,288,272,328,,271,
196,233,288,272,328,,271,
196,233,288,272,328,,271,
196,233,288,272,328,,271,
196,233,288,272,328,,271,
196,233,288,272,328,,271,
196,233,288,272,328,,271,
196,233,288,272,328,,271,
196,233,288,272,328,,271,
196,233,288,272,328,,271,
196,233,288,272,328,,271,
196,233,288,272,328,,271,
196,233,288,272,328,,271,
196,233,288,272,328,,271,
196,233,288,272,328,,271,
196,233,288,272,328,,271,
196,233,288,272,328,,271,
197,233,288,272,328,,271,
197,233,288,272,328,,271,
197,233,288,272,328,,271,
197,233,288,272,328,,271,
197,233,288,272,328,,271,
197,233,288,272,328,,271,
197,233,288,272,328,,271,
197,233,288,272,328,,271,
197,233,288,272,328,,271,
197,233,288,272,328,,271,
197,233,288,272,328,,271,
197,233,288,272,328,,271,
197,233,288,272,328,,271,
197,233,288,272,328,,271,
197,233,288,272,328,,271,
197,233,288,272,328,,271,
197,234,288,272,328,,271,
197,234,288,272,328,,271,
197,234,288,272,328,,271,
197,234,288,272,328,,271,
197,234,288,272,328,,271,
197,234,288,272,328,,271,
197,234,288,272,328,,271,
197,234,288,272,328,,271,
198,234,288,272,328,,271,
198,234,288,272,328,,271,
198,234,288,272,328,,271,
198,234,288,272,328,,271,
198,234,288,272,328,,271,
198,234,288,272,328,,271,
198,234,290,272,328,,271,
198,234,290,272,328,,271,
198,234,290,272,328,,271,
198,234,290,273,328,,271,
198,234,290,273,328,,271,
198,234,290,273,328,,271,
199,234,290,273,328,,271,
199,234,290,273,328,,271,
199,234,290,273,329,,271,
199,234,291,273,329,,271,
199,234,291,273,329,,271,
199,234,291,273,329,,271,
199,234,291,273,329,,271,
199,234,291,273,329,,271,
199,234,291,273,329,,271,
199,234,291,273,329,,271,
199,234,291,273,329,,271,
199,234,291,273,329,,271,
199,234,291,273,329,,271,
199,234,291,273,329,,271,
199,234,291,273,329,,271,
199,234,291,273,329,,271,
199,234,291,273,329,,271,
199,234,291,273,329,,271,
199,234,291,273,329,,271,
199,234,291,273,329,,271,
199,234,291,273,329,,271,
199,234,291,273,329,,271,
199,234,291,273,329,,271,
199,234,291,273,329,,272,
199,234,291,273,329,,272,
199,234,291,273,329,,272,
199,234,291,273,329,,272,
200,234,291,273,329,,272,
200,234,291,273,329,,272,
200,234,291,273,329,,272,
200,234,291,273,329,,272,
200,234,291,273,329,,272,
200,234,291,273,329,,272,
200,234,291,273,329,,272,
200,234,291,273,329,,272,
200,234,291,273,329,,272,
200,234,291,273,329,,272,
200,234,291,273,329,,272,
200,234,293,273,329,,273,
200,234,293,273,329,,273,
200,234,293,273,329,,273,
200,235,293,273,329,,273,
200,235,293,273,329,,273,
201,235,293,273,329,,274,
201,235,293,273,329,,274,
201,235,293,273,329,,274,
201,235,293,273,329,,274,
201,235,293,273,329,,274,
201,235,293,273,329,,274,
201,235,293,273,329,,274,
201,235,293,273,329,,274,
201,235,293,273,329,,274,
201,235,293,273,329,,274,
201,235,293,273,329,,274,
201,235,293,273,329,,274,
201,235,294,273,329,,274,
201,235,295,273,329,,274,
201,235,295,273,329,,274,
201,235,295,273,329,,274,
201,235,295,273,329,,274,
201,235,295,273,329,,274,
201,235,295,273,329,,274,
201,235,295,273,329,,274,
201,235,295,273,329,,274,
201,235,295,273,329,,274,
201,235,295,273,329,,274,
201,235,295,273,329,,274,
201,235,295,273,329,,274,
201,235,295,273,329,,274,
201,235,295,273,330,,274,
201,235,295,273,330,,274,
201,235,295,273,330,,274,
201,235,295,273,330,,274,
201,235,297,274,330,,274,
202,235,297,274,330,,274,
202,235,297,274,330,,274,
202,235,297,274,330,,274,
202,235,297,274,330,,274,
202,235,298,274,330,,274,
202,235,298,274,330,,274,
202,235,298,274,330,,274,
202,235,299,274,330,,274,
202,235,299,274,330,,274,
202,235,299,274,330,,274,
202,235,299,274,330,,274,
202,235,299,274,330,,274,
202,235,299,274,330,,274,
202,235,299,274,330,,274,
202,235,299,274,330,,274,
202,235,299,274,330,,274,
202,235,299,274,330,,274,
202,235,299,274,330,,274,
202,235,299,274,330,,274,
203,235,299,274,330,,274,
203,235,299,274,330,,274,
203,235,299,274,330,,274,
203,235,299,274,330,,274,
203,235,299,274,330,,274,
203,235,299,274,330,,275,
203,235,299,274,330,,275,
203,235,299,274,330,,275,
203,235,299,274,330,,275,
203,235,299,274,330,,275,
203,235,299,274,330,,276,
203,235,299,274,330,,276,
203,235,299,274,330,,276,
204,235,299,274,330,,276,
204,235,299,274,330,,278,
204,235,299,274,330,,278,
204,236,299,274,330,,278,
204,236,299,274,330,,278,
204,236,299,274,330,,278,
204,236,299,274,330,,279,
204,236,299,274,330,,280,
204,236,299,274,330,,285,
204,236,299,274,330,,285,
204,236,299,274,330,,285,
205,236,299,274,330,,285,
205,236,299,274,330,,285,
205,236,299,274,330,,285,
205,236,300,274,330,,285,
205,236,300,274,330,,287,
205,236,300,275,330,,287,
205,236,300,275,330,,,
205,236,300,275,330,,,
205,236,300,275,330,,,
205,236,300,275,330,,,
205,236,300,275,330,,,
205,236,300,275,330,,,
205,236,300,275,330,,,
205,236,300,275,330,,,
206,236,300,275,330,,,
206,236,300,275,330,,,
206,236,300,275,330,,,
206,236,300,275,330,,,
206,236,300,275,330,,,
206,236,300,275,330,,,
206,236,300,275,330,,,
206,236,300,275,330,,,
206,236,300,275,330,,,
206,236,300,275,330,,,
206,236,301,275,330,,,
206,236,301,275,330,,,
206,236,301,275,330,,,
206,236,301,275,330,,,
207,236,302,275,330,,,
207,236,302,275,330,,,
207,236,302,275,330,,,
207,236,303,275,331,,,
207,236,303,275,331,,,
207,236,303,275,331,,,
207,236,303,275,331,,,
207,236,303,275,331,,,
207,236,303,275,331,,,
207,236,303,275,331,,,
207,236,303,275,331,,,
207,236,304,275,331,,,
208,236,304,275,331,,,
208,236,304,275,331,,,
208,236,305,275,331,,,
208,236,306,275,331,,,
208,236,306,275,331,,,
208,236,306,275,331,,,
208,236,307,275,331,,,
208,236,307,275,331,,,
208,236,307,275,331,,,
208,237,307,275,331,,,
208,237,307,275,331,,,
208,237,307,275,331,,,
208,237,307,275,331,,,
208,237,307,275,331,,,
208,237,307,275,331,,,
208,237,307,275,331,,,
208,237,307,275,331,,,
208,237,307,275,331,,,
208,237,307,275,331,,,
208,237,307,275,331,,,
208,237,307,275,331,,,
208,237,307,275,331,,,
208,237,307,275,331,,,
208,237,307,275,331,,,
208,237,307,275,331,,,
208,237,307,275,331,,,
208,237,307,275,331,,,
209,237,307,275,331,,,
209,237,307,275,331,,,
209,237,307,275,331,,,
209,237,307,275,331,,,
209,237,308,275,331,,,
209,237,308,275,331,,,
209,237,308,275,331,,,
209,237,308,275,331,,,
209,237,308,276,331,,,
209,237,308,276,331,,,
209,237,309,276,331,,,
210,237,309,276,331,,,
210,237,309,276,331,,,
210,237,309,276,331,,,
210,237,309,276,331,,,
210,237,311,276,331,,,
210,237,311,276,331,,,
210,237,311,276,331,,,
210,237,313,276,331,,,
210,237,313,276,331,,,
210,237,313,276,331,,,
210,237,313,276,331,,,
210,237,313,276,331,,,
210,237,313,276,331,,,
210,237,313,276,331,,,
210,237,313,276,331,,,
210,237,313,276,331,,,
210,237,313,276,331,,,
210,237,313,276,331,,,
210,237,313,276,331,,,
211,237,313,276,331,,,
211,237,313,276,331,,,
211,237,313,276,331,,,
211,237,313,276,331,,,
211,237,313,276,331,,,
211,237,313,276,331,,,
211,237,313,276,332,,,
211,237,313,276,332,,,
211,237,314,276,332,,,
211,237,314,276,332,,,
211,237,314,276,332,,,
211,237,314,276,332,,,
211,237,314,276,332,,,
211,237,314,276,332,,,
211,237,314,276,332,,,
211,237,314,276,332,,,
211,237,314,276,332,,,
211,237,314,276,332,,,
211,237,314,276,332,,,
211,237,314,276,332,,,
211,237,314,276,332,,,
211,237,314,276,332,,,
211,237,314,276,332,,,
211,237,314,276,332,,,
211,237,314,276,332,,,
211,237,314,276,332,,,
212,237,314,276,332,,,
212,237,314,276,332,,,
212,237,314,276,332,,,
212,237,314,276,332,,,
212,237,314,277,332,,,
212,237,314,277,332,,,
212,238,314,277,332,,,
212,238,314,277,332,,,
212,238,314,277,332,,,
212,238,314,277,332,,,
212,238,314,277,332,,,
212,238,314,277,332,,,
212,238,314,277,332,,,
212,238,314,277,332,,,
212,238,314,277,332,,,
212,238,314,277,332,,,
213,238,314,277,332,,,
213,238,314,277,332,,,
213,238,314,277,332,,,
213,238,314,277,332,,,
213,238,314,277,332,,,
213,238,314,277,332,,,
213,238,314,277,332,,,
213,238,314,277,332,,,
213,238,314,277,332,,,
213,238,314,277,332,,,
213,238,314,277,332,,,
213,238,314,277,332,,,
213,238,314,277,332,,,
214,238,314,277,332,,,
214,238,314,277,332,,,
214,238,314,277,332,,,
214,238,314,277,332,,,
214,238,314,277,332,,,
214,238,314,277,332,,,
214,238,315,277,332,,,
214,238,317,277,332,,,
214,238,317,277,332,,,
214,238,317,277,332,,,
214,238,317,277,332,,,
214,238,317,277,332,,,
214,238,317,277,333,,,
214,238,317,277,333,,,
214,238,317,277,333,,,
215,238,317,277,333,,,
215,238,317,277,333,,,
215,238,317,277,333,,,
215,238,317,277,333,,,
215,238,317,277,333,,,
215,238,317,277,333,,,
215,238,317,277,333,,,
215,238,317,277,333,,,
215,238,320,277,333,,,
215,238,320,277,333,,,
216,238,320,277,333,,,
216,238,320,277,333,,,
216,238,320,277,333,,,
216,238,320,277,333,,,
216,238,320,278,333,,,
216,238,320,278,333,,,
216,238,320,278,333,,,
216,238,320,278,333,,,
216,238,320,278,333,,,
216,238,320,278,333,,,
216,238,320,278,333,,,
216,238,320,278,333,,,
216,238,320,278,333,,,
216,238,320,278,333,,,
216,238,320,278,333,,,
216,238,320,278,333,,,
216,238,320,278,333,,,
216,238,320,278,333,,,
216,239,320,278,333,,,
216,239,320,278,333,,,
216,239,320,278,333,,,
217,239,320,278,333,,,
217,239,320,278,333,,,
217,239,320,278,333,,,
217,239,320,278,333,,,
217,239,320,278,333,,,
217,239,320,278,333,,,
217,239,320,278,333,,,
217,239,320,278,333,,,
217,239,320,278,333,,,
217,239,320,278,333,,,
217,239,322,278,333,,,
218,239,322,278,333,,,
218,239,322,278,333,,,
218,239,322,278,333,,,
218,239,322,278,333,,,
218,239,322,278,333,,,
218,239,322,278,333,,,
219,239,322,278,333,,,
219,239,322,278,333,,,
219,239,322,278,333,,,
219,239,322,278,333,,,
219,239,322,278,333,,,
219,239,322,278,333,,,
219,239,322,278,333,,,
219,239,322,278,333,,,
219,239,322,278,333,,,
219,239,322,278,333,,,
219,239,322,278,333,,,
219,239,322,278,333,,,
219,239,322,278,333,,,
219,239,322,278,333,,,
219,239,322,278,333,,,
219,239,322,278,333,,,
219,239,322,278,333,,,
219,239,323,278,333,,,
219,239,323,278,333,,,
220,239,323,278,333,,,
220,239,323,278,333,,,
220,239,323,278,333,,,
220,239,323,278,333,,,
220,239,323,278,333,,,
220,240,323,279,333,,,
220,240,323,279,333,,,
220,240,323,279,333,,,
220,240,323,279,333,,,
220,240,323,279,333,,,
220,240,323,279,333,,,
220,240,323,279,333,,,
220,240,323,279,333,,,
220,240,323,279,333,,,
220,240,323,279,333,,,
220,240,323,279,333,,,
220,240,323,279,333,,,
220,240,323,279,333,,,
220,240,323,279,333,,,
220,240,323,279,333,,,
220,240,323,279,333,,,
220,240,323,279,333,,,
220,240,323,279,333,,,
220,240,323,279,333,,,
220,240,323,279,333,,,
220,240,323,279,333,,,
220,240,323,279,333,,,
220,240,323,279,333,,,
220,240,323,279,333,,,
220,240,323,279,334,,,
220,240,323,279,334,,,
220,240,323,279,334,,,
220,240,323,279,334,,,
220,240,323,279,334,,,
221,240,323,279,334,,,
221,240,323,279,334,,,
221,240,323,279,334,,,
221,240,323,279,334,,,
221,240,323,279,334,,,
221,240,323,279,334,,,
221,240,323,279,334,,,
221,240,323,279,334,,,
221,240,323,279,334,,,
222,240,323,279,334,,,
222,240,323,279,334,,,
222,240,323,279,334,,,
222,240,323,279,334,,,
222,240,323,279,334,,,
222,240,323,279,334,,,
222,240,323,279,334,,,
222,240,323,279,334,,,
222,240,323,279,334,,,
222,240,323,279,334,,,
222,240,323,279,334,,,
222,240,323,279,334,,,
222,240,323,279,334,,,
222,240,323,279,334,,,
222,240,324,279,334,,,
222,240,324,279,334,,,
223,240,327,279,334,,,
223,240,328,279,334,,,
223,240,328,279,334,,,
223,240,341,279,334,,,
223,240,341,279,334,,,
223,240,341,279,334,,,
223,240,341,279,334,,,
223,240,341,279,334,,,
223,240,341,279,334,,,
223,240,341,279,334,,,
223,240,341,279,334,,,
223,240,341,279,334,,,
223,240,341,279,334,,,
223,240,341,279,334,,,
223,240,,279,334,,,
224,241,,279,334,,,
224,241,,279,334,,,
224,241,,279,334,,,
224,241,,279,334,,,
224,241,,279,334,,,
224,241,,279,334,,,
224,241,,279,334,,,
224,241,,279,334,,,
224,241,,279,334,,,
224,241,,279,334,,,
224,241,,279,334,,,
224,241,,279,334,,,
224,241,,279,334,,,
224,241,,279,334,,,
224,241,,279,334,,,
224,241,,279,334,,,
224,241,,279,334,,,
224,241,,279,334,,,
224,241,,279,334,,,
224,241,,279,334,,,
224,241,,279,334,,,
224,241,,279,334,,,
224,241,,279,334,,,
224,241,,279,334,,,
225,241,,279,334,,,
225,241,,280,334,,,
225,241,,280,334,,,
225,241,,280,334,,,
225,241,,280,334,,,
225,241,,280,334,,,
225,241,,280,334,,,
225,241,,280,334,,,
225,241,,280,334,,,
225,241,,280,334,,,
225,241,,280,334,,,
225,241,,280,334,,,
225,241,,280,334,,,
225,241,,280,334,,,
225,241,,280,334,,,
225,241,,280,334,,,
226,241,,280,334,,,
226,241,,280,334,,,
226,241,,280,334,,,
226,241,,280,334,,,
226,241,,280,334,,,
226,242,,280,334,,,
226,242,,280,334,,,
226,242,,280,334,,,
226,242,,280,334,,,
226,242,,280,334,,,
226,242,,280,334,,,
226,242,,280,335,,,
226,242,,280,335,,,
226,242,,280,335,,,
226,242,,280,335,,,
226,242,,280,335,,,
226,242,,280,335,,,
226,242,,280,335,,,
227,242,,280,335,,,
227,242,,280,335,,,
227,242,,280,335,,,
227,242,,280,335,,,
227,242,,280,335,,,
227,242,,280,335,,,
227,242,,280,335,,,
227,242,,280,335,,,
227,242,,280,335,,,
227,242,,280,335,,,
227,242,,280,335,,,
227,242,,280,335,,,
227,242,,280,335,,,
227,242,,280,335,,,
227,242,,280,335,,,
227,242,,280,335,,,
227,242,,280,335,,,
227,242,,280,335,,,
227,242,,280,335,,,
227,242,,280,335,,,
227,242,,280,335,,,
228,242,,280,335,,,
228,242,,280,335,,,
228,242,,280,335,,,
228,242,,280,335,,,
228,242,,280,335,,,
228,242,,280,335,,,
228,242,,280,335,,,
228,242,,280,335,,,
228,242,,280,335,,,
228,242,,280,335,,,
229,242,,280,335,,,
229,242,,280,335,,,
229,242,,280,335,,,
229,242,,280,335,,,
229,242,,280,335,,,
229,242,,280,335,,,
229,242,,280,335,,,
229,242,,280,335,,,
229,242,,280,335,,,
229,242,,280,335,,,
229,242,,280,335,,,
229,242,,280,335,,,
229,242,,280,335,,,
229,242,,280,335,,,
229,242,,280,335,,,
229,242,,280,335,,,
229,242,,280,335,,,
229,242,,280,335,,,
229,243,,280,335,,,
229,243,,280,335,,,
229,243,,280,335,,,
229,243,,280,335,,,
229,243,,280,335,,,
229,243,,280,335,,,
229,243,,280,335,,,
229,243,,280,335,,,
229,243,,280,335,,,
229,243,,280,335,,,
229,243,,280,335,,,
229,243,,280,335,,,
229,243,,280,335,,,
229,243,,280,335,,,
230,243,,280,335,,,
230,243,,280,335,,,
230,243,,280,335,,,
230,243,,280,335,,,
230,243,,280,335,,,
230,243,,280,335,,,
230,243,,280,336,,,
230,243,,281,336,,,
230,243,,281,336,,,
230,243,,281,336,,,
230,243,,281,336,,,
230,243,,281,336,,,
230,243,,281,336,,,
230,243,,281,336,,,
230,243,,281,336,,,
230,243,,281,336,,,
230,243,,281,336,,,
230,243,,281,336,,,
230,243,,281,336,,,
231,243,,281,336,,,
231,243,,281,336,,,
231,243,,281,336,,,
231,243,,281,336,,,
231,243,,281,336,,,
231,243,,281,336,,,
232,243,,281,336,,,
232,243,,281,336,,,
232,243,,281,336,,,
232,243,,281,336,,,
232,243,,281,336,,,
232,243,,281,336,,,
232,243,,281,336,,,
232,243,,281,336,,,
233,243,,281,336,,,
233,243,,281,336,,,
234,243,,281,336,,,
235,243,,281,336,,,
235,243,,281,336,,,
235,243,,281,336,,,
235,243,,281,336,,,
236,243,,281,336,,,
237,243,,281,336,,,
238,243,,281,336,,,
238,243,,281,336,,,
238,243,,281,336,,,
238,243,,281,336,,,
238,243,,281,336,,,
239,243,,281,336,,,
239,243,,281,336,,,
239,243,,281,336,,,
239,243,,281,336,,,
240,243,,281,336,,,
240,243,,281,336,,,
240,243,,281,336,,,
240,244,,282,336,,,
242,244,,282,336,,,
243,244,,282,336,,,
243,244,,282,336,,,
243,244,,282,336,,,
244,244,,282,336,,,
244,244,,282,336,,,
244,244,,282,336,,,
244,244,,282,336,,,
244,244,,282,336,,,
244,244,,282,336,,,
244,244,,282,336,,,
250,244,,282,336,,,
253,244,,282,336,,,
257,244,,282,336,,,
258,244,,282,336,,,
263,244,,282,336,,,
264,244,,282,336,,,
265,244,,282,336,,,
270,244,,282,336,,,
272,244,,282,336,,,
285,244,,282,336,,,
285,244,,282,336,,,
285,244,,282,336,,,
285,244,,282,336,,,
285,244,,282,336,,,
,244,,282,336,,,
,244,,282,336,,,
,244,,282,336,,,
,244,,282,336,,,
,244,,282,336,,,
,244,,282,336,,,
,244,,282,337,,,
,244,,282,337,,,
,244,,282,337,,,
,244,,282,337,,,
,244,,282,337,,,
,244,,282,337,,,
,244,,282,337,,,
,244,,282,337,,,
,245,,282,337,,,
,245,,282,337,,,
,245,,282,337,,,
,245,,282,337,,,
,245,,282,337,,,
,245,,282,337,,,
,245,,282,337,,,
,245,,282,337,,,
,245,,283,337,,,
,245,,283,337,,,
,245,,283,337,,,
,245,,283,337,,,
,245,,283,337,,,
,245,,283,337,,,
,245,,283,337,,,
,245,,283,337,,,
,245,,283,337,,,
,245,,283,337,,,
,245,,283,337,,,
,245,,283,337,,,
,245,,283,337,,,
,245,,283,337,,,
,245,,283,337,,,
,245,,283,337,,,
,245,,283,337,,,
,245,,283,337,,,
,245,,283,337,,,
,245,,283,337,,,
,245,,283,337,,,
,245,,283,337,,,
,245,,283,337,,,
,245,,283,337,,,
,245,,283,337,,,
,245,,283,337,,,
,245,,283,337,,,
,245,,283,337,,,
,245,,283,337,,,
,245,,283,337,,,
,245,,283,337,,,
,245,,283,337,,,
,245,,283,337,,,
,245,,283,337,,,
,245,,283,337,,,
,245,,283,337,,,
,245,,283,337,,,
,245,,283,337,,,
,245,,283,337,,,
,245,,283,337,,,
,245,,283,337,,,
,245,,284,337,,,
,245,,284,337,,,
,246,,284,337,,,
,246,,284,338,,,
,246,,284,338,,,
,246,,284,338,,,
,246,,284,338,,,
,246,,284,338,,,
,246,,284,338,,,
,246,,284,338,,,
,246,,284,338,,,
,246,,284,338,,,
,246,,284,338,,,
,246,,284,338,,,
,246,,284,338,,,
,246,,284,338,,,
,246,,284,338,,,
,246,,284,338,,,
,246,,284,338,,,
,246,,284,338,,,
,246,,284,338,,,
,246,,284,338,,,
,246,,284,338,,,
,246,,284,338,,,
,246,,284,338,,,
,246,,284,338,,,
,246,,284,338,,,
,246,,284,338,,,
,246,,284,338,,,
,246,,284,338,,,
,246,,284,338,,,
,246,,284,338,,,
,246,,284,338,,,
,246,,284,338,,,
,246,,284,338,,,
,246,,284,338,,,
,246,,284,338,,,
,246,,284,338,,,
,246,,284,338,,,
,246,,285,338,,,
,246,,285,338,,,
,246,,285,338,,,
,246,,285,338,,,
,246,,285,338,,,
,246,,285,338,,,
,247,,285,338,,,
,247,,285,338,,,
,247,,285,338,,,
,247,,285,338,,,
,247,,285,338,,,
,247,,285,338,,,
,247,,285,338,,,
,247,,285,338,,,
,247,,285,338,,,
,247,,285,338,,,
,247,,285,338,,,
,247,,285,338,,,
,247,,285,339,,,
,247,,285,339,,,
,247,,285,339,,,
,247,,285,339,,,
,247,,285,339,,,
,247,,285,339,,,
,247,,285,339,,,
,247,,285,339,,,
,247,,285,339,,,
,247,,285,339,,,
,247,,285,339,,,
,247,,285,339,,,
,247,,285,339,,,
,247,,285,339,,,
,247,,285,339,,,
,247,,285,339,,,
,247,,285,339,,,
,247,,285,339,,,
,247,,285,339,,,
,247,,285,339,,,
,247,,285,339,,,
,247,,285,339,,,
,247,,285,339,,,
,247,,285,339,,,
,247,,285,339,,,
,247,,285,339,,,
,247,,285,339,,,
,247,,285,339,,,
,247,,285,339,,,
,248,,285,339,,,
,248,,285,339,,,
,248,,285,339,,,
,248,,285,339,,,
,248,,285,339,,,
,248,,285,339,,,
,248,,285,339,,,
,248,,285,339,,,
,248,,285,339,,,
,248,,285,339,,,
,248,,285,339,,,
,248,,285,339,,,
,248,,285,339,,,
,248,,285,339,,,
,248,,285,339,,,
,248,,285,339,,,
,248,,285,339,,,
,248,,285,339,,,
,248,,285,339,,,
,248,,285,339,,,
,248,,285,339,,,
,248,,285,339,,,
,248,,285,339,,,
,248,,285,339,,,
,248,,285,339,,,
,248,,285,339,,,
,248,,285,339,,,
,248,,285,339,,,
,248,,286,339,,,
,248,,286,339,,,
,248,,286,339,,,
,248,,286,339,,,
,248,,286,339,,,
,248,,286,339,,,
,248,,286,339,,,
,248,,286,339,,,
,248,,286,339,,,
,248,,286,339,,,
,248,,286,339,,,
,248,,286,339,,,
,248,,286,339,,,
,249,,286,340,,,
,249,,286,340,,,
,249,,286,340,,,
,249,,286,340,,,
,249,,286,340,,,
,249,,286,340,,,
,249,,286,340,,,
,249,,286,340,,,
,249,,286,340,,,
,249,,286,340,,,
,249,,286,340,,,
,249,,286,340,,,
,249,,286,340,,,
,249,,286,340,,,
,249,,286,340,,,
,249,,286,340,,,
,249,,286,340,,,
,249,,286,340,,,
,249,,286,340,,,
,249,,286,340,,,
,249,,286,340,,,
,249,,286,340,,,
,249,,286,340,,,
,249,,286,340,,,
,249,,286,340,,,
,249,,286,340,,,
,249,,286,340,,,
,249,,286,340,,,
,249,,286,340,,,
,249,,286,340,,,
,249,,286,340,,,
,249,,286,340,,,
,249,,286,340,,,
,249,,286,340,,,
,249,,286,340,,,
,249,,286,340,,,
,249,,286,340,,,
,249,,286,340,,,
,249,,286,340,,,
,249,,286,340,,,
,249,,286,340,,,
,249,,286,340,,,
,249,,286,340,,,
,249,,286,340,,,
,249,,286,340,,,
,249,,286,340,,,
,249,,286,340,,,
,249,,287,340,,,
,250,,287,340,,,
,250,,287,340,,,
,250,,287,340,,,
,250,,287,340,,,
,250,,287,340,,,
,250,,287,340,,,
,250,,287,340,,,
,250,,287,340,,,
,250,,287,340,,,
,250,,287,340,,,
,250,,287,340,,,
,250,,287,340,,,
,250,,287,340,,,
,250,,287,340,,,
,250,,287,340,,,
,250,,287,340,,,
,250,,287,340,,,
,250,,287,340,,,
,250,,287,340,,,
,250,,287,340,,,
,250,,287,340,,,
,250,,287,340,,,
,250,,287,340,,,
,250,,287,340,,,
,250,,287,340,,,
,250,,287,340,,,
,250,,287,340,,,
,250,,287,341,,,
,250,,287,341,,,
,250,,287,341,,,
,250,,287,341,,,
,250,,287,341,,,
,250,,287,341,,,
,250,,287,341,,,
,250,,287,341,,,
,250,,287,341,,,
,250,,287,341,,,
,250,,287,341,,,
,250,,287,341,,,
,250,,287,341,,,
,250,,287,341,,,
,250,,287,341,,,
,250,,287,341,,,
,250,,287,341,,,
,250,,287,341,,,
,250,,287,341,,,
,250,,287,341,,,
,250,,287,341,,,
,250,,287,341,,,
,250,,287,341,,,
,250,,287,341,,,
,250,,287,341,,,
,250,,287,341,,,
,250,,287,341,,,
,250,,287,341,,,
,250,,287,341,,,
,250,,287,342,,,
,250,,287,342,,,
,250,,287,342,,,
,250,,287,342,,,
,250,,287,342,,,
,250,,287,342,,,
,250,,287,342,,,
,250,,288,342,,,
,250,,288,342,,,
,250,,288,342,,,
,250,,288,342,,,
,250,,288,342,,,
,250,,288,342,,,
,250,,288,342,,,
,250,,288,342,,,
,250,,288,342,,,
,250,,288,342,,,
,250,,288,342,,,
,250,,288,342,,,
,250,,288,342,,,
,250,,288,342,,,
,250,,288,342,,,
,250,,288,342,,,
,250,,288,342,,,
,250,,288,342,,,
,250,,288,342,,,
,250,,288,342,,,
,250,,288,342,,,
,250,,288,342,,,
,250,,288,342,,,
,250,,288,342,,,
,250,,288,342,,,
,250,,288,342,,,
,251,,288,342,,,
,251,,288,342,,,
,251,,288,342,,,
,251,,288,342,,,
,251,,288,342,,,
,251,,288,342,,,
,251,,288,342,,,
,251,,288,342,,,
,251,,288,342,,,
,251,,288,342,,,
,251,,288,342,,,
,251,,288,342,,,
,251,,288,342,,,
,251,,288,342,,,
,251,,288,342,,,
,251,,288,342,,,
,251,,289,343,,,
,251,,289,343,,,
,251,,289,343,,,
,251,,289,343,,,
,251,,289,343,,,
,251,,289,343,,,
,251,,289,343,,,
,251,,289,343,,,
,251,,289,343,,,
,251,,289,343,,,
,251,,289,343,,,
,251,,289,343,,,
,251,,289,343,,,
,251,,289,343,,,
,251,,289,343,,,
,251,,289,343,,,
,251,,289,343,,,
,251,,289,343,,,
,251,,289,343,,,
,251,,289,343,,,
,251,,289,343,,,
,251,,289,343,,,
,251,,289,343,,,
,251,,289,343,,,
,251,,289,343,,,
,251,,289,343,,,
,251,,289,343,,,
,251,,289,343,,,
,251,,289,343,,,
,251,,289,343,,,
,251,,289,343,,,
,251,,289,343,,,
,251,,289,343,,,
,251,,289,343,,,
,252,,289,343,,,
,252,,289,343,,,
,252,,289,343,,,
,252,,289,343,,,
,252,,289,344,,,
,252,,289,344,,,
,252,,289,344,,,
,252,,290,344,,,
,252,,290,344,,,
,252,,290,344,,,
,252,,290,344,,,
,252,,290,344,,,
,252,,290,344,,,
,252,,290,344,,,
,252,,290,344,,,
,252,,290,344,,,
,252,,290,344,,,
,252,,290,344,,,
,252,,290,344,,,
,252,,290,344,,,
,252,,290,344,,,
,252,,290,345,,,
,252,,290,345,,,
,252,,290,345,,,
,252,,290,345,,,
,252,,290,345,,,
,252,,290,345,,,
,252,,290,345,,,
,252,,290,345,,,
,252,,290,345,,,
,252,,290,345,,,
,252,,290,345,,,
,252,,290,345,,,
,252,,290,345,,,
,252,,290,345,,,
,252,,290,345,,,
,252,,290,345,,,
,252,,290,345,,,
,253,,290,345,,,
,253,,290,345,,,
,253,,290,345,,,
,253,,290,345,,,
,253,,290,345,,,
,253,,290,345,,,
,253,,290,345,,,
,253,,291,345,,,
,253,,291,345,,,
,253,,291,345,,,
,253,,291,345,,,
,253,,291,345,,,
,253,,291,345,,,
,253,,291,345,,,
,253,,291,345,,,
,253,,291,345,,,
,253,,291,345,,,
,253,,291,345,,,
,253,,291,345,,,
,253,,291,345,,,
,253,,291,345,,,
,253,,291,345,,,
,253,,291,345,,,
,253,,291,345,,,
,253,,291,345,,,
,253,,291,345,,,
,253,,291,345,,,
,253,,291,345,,,
,253,,291,345,,,
,253,,291,345,,,
,253,,291,345,,,
,253,,291,345,,,
,253,,291,345,,,
,253,,291,345,,,
,253,,291,345,,,
,253,,291,345,,,
,253,,292,345,,,
,253,,292,345,,,
,253,,292,345,,,
,253,,292,345,,,
,253,,292,345,,,
,254,,292,345,,,
,254,,292,345,,,
,254,,292,346,,,
,254,,292,346,,,
,254,,292,346,,,
,254,,292,346,,,
,254,,292,346,,,
,254,,292,346,,,
,254,,292,346,,,
,254,,292,346,,,
,254,,292,346,,,
,254,,292,346,,,
,254,,292,346,,,
,254,,292,346,,,
,254,,292,346,,,
,254,,292,346,,,
,254,,292,346,,,
,254,,292,346,,,
,254,,292,346,,,
,254,,292,346,,,
,254,,292,346,,,
,254,,292,346,,,
,254,,292,346,,,
,254,,292,346,,,
,254,,292,346,,,
,254,,292,346,,,
,254,,292,346,,,
,254,,292,346,,,
,254,,292,346,,,
,254,,292,346,,,
,254,,293,346,,,
,254,,293,346,,,
,254,,293,346,,,
,254,,293,346,,,
,254,,293,346,,,
,254,,293,347,,,
,254,,293,347,,,
,254,,293,347,,,
,254,,293,347,,,
,254,,293,347,,,
,255,,293,347,,,
,255,,293,347,,,
,255,,293,347,,,
,255,,293,347,,,
,255,,293,347,,,
,255,,293,347,,,
,255,,293,347,,,
,255,,293,347,,,
,255,,293,347,,,
,255,,293,347,,,
,255,,293,347,,,
,255,,294,347,,,
,255,,294,347,,,
,255,,294,347,,,
,255,,294,347,,,
,255,,294,347,,,
,255,,294,347,,,
,255,,294,348,,,
,255,,294,348,,,
,255,,294,348,,,
,255,,294,348,,,
,255,,294,348,,,
,255,,294,348,,,
,255,,294,348,,,
,255,,294,348,,,
,255,,294,348,,,
,255,,294,348,,,
,255,,294,348,,,
,255,,294,348,,,
,255,,294,348,,,
,255,,294,348,,,
,255,,294,348,,,
,255,,294,348,,,
,255,,295,348,,,
,255,,295,349,,,
,255,,295,349,,,
,255,,295,349,,,
,255,,295,349,,,
,255,,295,349,,,
,255,,295,350,,,
,255,,295,350,,,
,255,,295,350,,,
,255,,295,350,,,
,255,,295,350,,,
,255,,295,350,,,
,255,,295,350,,,
,256,,295,350,,,
,256,,295,350,,,
,256,,295,350,,,
,256,,295,350,,,
,256,,295,350,,,
,256,,295,350,,,
,256,,295,350,,,
,256,,295,350,,,
,256,,295,350,,,
,256,,295,351,,,
,256,,295,351,,,
,256,,295,351,,,
,256,,295,351,,,
,256,,295,351,,,
,256,,295,351,,,
,256,,296,351,,,
,256,,296,352,,,
,256,,296,352,,,
,256,,296,352,,,
,256,,296,352,,,
,256,,296,352,,,
,256,,296,352,,,
,256,,296,352,,,
,257,,296,352,,,
,257,,296,352,,,
,257,,296,352,,,
,257,,296,352,,,
,257,,296,353,,,
,257,,297,353,,,
,257,,297,353,,,
,257,,297,353,,,
,257,,297,353,,,
,257,,297,353,,,
,257,,297,354,,,
,257,,297,354,,,
,257,,297,355,,,
,257,,297,356,,,
,257,,297,356,,,
,257,,297,356,,,
,257,,297,356,,,
,257,,297,356,,,
,257,,297,356,,,
,257,,297,356,,,
,257,,297,356,,,
,257,,297,356,,,
,257,,297,356,,,
,257,,297,356,,,
,257,,297,356,,,
,257,,297,357,,,
,257,,297,357,,,
,257,,297,365,,,
,257,,297,365,,,
,257,,297,365,,,
,257,,297,365,,,
,257,,297,,,,
,258,,297,,,,
,258,,297,,,,
,258,,297,,,,
,258,,297,,,,
,258,,297,,,,
,258,,297,,,,
,258,,297,,,,
,258,,298,,,,
,258,,298,,,,
,258,,298,,,,
,258,,298,,,,
,258,,298,,,,
,258,,298,,,,
,258,,298,,,,
,258,,298,,,,
,258,,298,,,,
,258,,298,,,,
,258,,298,,,,
,258,,298,,,,
,258,,298,,,,
,258,,299,,,,
,258,,299,,,,
,258,,299,,,,
,258,,299,,,,
,258,,299,,,,
,258,,299,,,,
,258,,299,,,,
,258,,299,,,,
,258,,299,,,,
,258,,299,,,,
,258,,299,,,,
,258,,299,,,,
,258,,299,,,,
,258,,299,,,,
,258,,299,,,,
,259,,299,,,,
,259,,299,,,,
,259,,300,,,,
,259,,300,,,,
,259,,300,,,,
,259,,300,,,,
,259,,300,,,,
,259,,300,,,,
,259,,300,,,,
,259,,300,,,,
,259,,300,,,,
,259,,301,,,,
,259,,301,,,,
,259,,301,,,,
,259,,301,,,,
,259,,301,,,,
,259,,301,,,,
,259,,301,,,,
,259,,301,,,,
,259,,301,,,,
,259,,301,,,,
,259,,301,,,,
,259,,301,,,,
,259,,301,,,,
,259,,301,,,,
,259,,302,,,,
,259,,302,,,,
,259,,302,,,,
,259,,302,,,,
,259,,302,,,,
,259,,302,,,,
,259,,302,,,,
,259,,302,,,,
,260,,302,,,,
,260,,302,,,,
,260,,302,,,,
,260,,302,,,,
,260,,302,,,,
,260,,302,,,,
,260,,302,,,,
,260,,302,,,,
,260,,302,,,,
,260,,303,,,,
,260,,303,,,,
,260,,303,,,,
,260,,303,,,,
,260,,303,,,,
,260,,303,,,,
,260,,303,,,,
,260,,304,,,,
,260,,304,,,,
,260,,304,,,,
,260,,304,,,,
,260,,304,,,,
,260,,304,,,,
,260,,304,,,,
,260,,304,,,,
,260,,304,,,,
,260,,304,,,,
,260,,304,,,,
,260,,304,,,,
,260,,304,,,,
,260,,304,,,,
,260,,304,,,,
,260,,304,,,,
,260,,304,,,,
,260,,305,,,,
,260,,305,,,,
,260,,305,,,,
,260,,305,,,,
,260,,305,,,,
,260,,305,,,,
,260,,305,,,,
,260,,305,,,,
,260,,305,,,,
,260,,306,,,,
,260,,306,,,,
,260,,306,,,,
,260,,306,,,,
,260,,306,,,,
,260,,307,,,,
,260,,307,,,,
,260,,307,,,,
,260,,307,,,,
,261,,307,,,,
,261,,307,,,,
,261,,308,,,,
,261,,308,,,,
,261,,308,,,,
,261,,308,,,,
,261,,309,,,,
,261,,309,,,,
,261,,309,,,,
,261,,309,,,,
,261,,309,,,,
,261,,309,,,,
,261,,309,,,,
,261,,309,,,,
,261,,310,,,,
,261,,310,,,,
,261,,310,,,,
,261,,310,,,,
,261,,310,,,,
,261,,310,,,,
,261,,311,,,,
,261,,311,,,,
,261,,311,,,,
,261,,311,,,,
,261,,311,,,,
,261,,311,,,,
,261,,311,,,,
,261,,312,,,,
,261,,312,,,,
,261,,312,,,,
,261,,313,,,,
,261,,314,,,,
,261,,314,,,,
,261,,314,,,,
,261,,314,,,,
,261,,314,,,,
,261,,314,,,,
,261,,315,,,,
,261,,316,,,,
,261,,316,,,,
,261,,316,,,,
,261,,317,,,,
,261,,317,,,,
,261,,317,,,,
,261,,317,,,,
,261,,318,,,,
,261,,318,,,,
,261,,318,,,,
,261,,319,,,,
,261,,319,,,,
,261,,320,,,,
,262,,320,,,,
,262,,321,,,,
,262,,322,,,,
,262,,322,,,,
,262,,323,,,,
,262,,324,,,,
,262,,324,,,,
,262,,328,,,,
,262,,328,,,,
,262,,328,,,,
,262,,329,,,,
,262,,331,,,,
,262,,331,,,,
,262,,331,,,,
,262,,331,,,,
,262,,331,,,,
,262,,331,,,,
,262,,331,,,,
,262,,331,,,,
,262,,331,,,,
,262,,332,,,,
,262,,335,,,,
,262,,335,,,,
,262,,335,,,,
,262,,335,,,,
,262,,335,,,,
,262,,337,,,,
,262,,340,,,,
,262,,342,,,,
,262,,,,,,
,262,,,,,,
,262,,,,,,
,262,,,,,,
,262,,,,,,
,262,,,,,,
,262,,,,,,
,262,,,,,,
,262,,,,,,
,263,,,,,,
,263,,,,,,
,263,,,,,,
,263,,,,,,
,263,,,,,,
,263,,,,,,
,263,,,,,,
,263,,,,,,
,263,,,,,,
,263,,,,,,
,263,,,,,,
,263,,,,,,
,263,,,,,,
,263,,,,,,
,263,,,,,,
,263,,,,,,
,263,,,,,,
,263,,,,,,
,263,,,,,,
,263,,,,,,
,263,,,,,,
,263,,,,,,
,263,,,,,,
,263,,,,,,
,263,,,,,,
,263,,,,,,
,263,,,,,,
,263,,,,,,
,263,,,,,,
,264,,,,,,
,264,,,,,,
,264,,,,,,
,264,,,,,,
,264,,,,,,
,264,,,,,,
,264,,,,,,
,264,,,,,,
,264,,,,,,
,264,,,,,,
,264,,,,,,
,264,,,,,,
,264,,,,,,
,264,,,,,,
,264,,,,,,
,264,,,,,,
,264,,,,,,
,264,,,,,,
,264,,,,,,
,264,,,,,,
,264,,,,,,
,264,,,,,,
,264,,,,,,
,264,,,,,,
,264,,,,,,
,264,,,,,,
,264,,,,,,
,264,,,,,,
,264,,,,,,
,264,,,,,,
,264,,,,,,
,264,,,,,,
,264,,,,,,
,264,,,,,,
,264,,,,,,
,265,,,,,,
,265,,,,,,
,265,,,,,,
,265,,,,,,
,265,,,,,,
,265,,,,,,
,265,,,,,,
,265,,,,,,
,265,,,,,,
,265,,,,,,
,265,,,,,,
,265,,,,,,
,265,,,,,,
,265,,,,,,
,265,,,,,,
,265,,,,,,
,265,,,,,,
,265,,,,,,
,265,,,,,,
,266,,,,,,
,266,,,,,,
,266,,,,,,
,266,,,,,,
,266,,,,,,
,266,,,,,,
,266,,,,,,
,266,,,,,,
,266,,,,,,
,266,,,,,,
,266,,,,,,
,266,,,,,,
,266,,,,,,
,266,,,,,,
,266,,,,,,
,266,,,,,,
,266,,,,,,
,267,,,,,,
,267,,,,,,
,267,,,,,,
,267,,,,,,
,267,,,,,,
,267,,,,,,
,267,,,,,,
,267,,,,,,
,267,,,,,,
,267,,,,,,
,268,,,,,,
,268,,,,,,
,268,,,,,,
,268,,,,,,
,268,,,,,,
,268,,,,,,
,268,,,,,,
,268,,,,,,
,268,,,,,,
,268,,,,,,
,269,,,,,,
,269,,,,,,
,269,,,,,,
,269,,,,,,
,269,,,,,,
,269,,,,,,
,269,,,,,,
,269,,,,,,
,269,,,,,,
,269,,,,,,
,270,,,,,,
,270,,,,,,
,270,,,,,,
,270,,,,,,
,270,,,,,,
,270,,,,,,
,271,,,,,,
,271,,,,,,
,271,,,,,,
,271,,,,,,
,271,,,,,,
,271,,,,,,
,272,,,,,,
,272,,,,,,
,272,,,,,,
,272,,,,,,
,272,,,,,,
,272,,,,,,
,272,,,,,,
,272,,,,,,
,272,,,,,,
,272,,,,,,
,272,,,,,,
,272,,,,,,
,273,,,,,,
,273,,,,,,
,273,,,,,,
,273,,,,,,
,274,,,,,,
,274,,,,,,
,274,,,,,,
,275,,,,,,
,275,,,,,,
,275,,,,,,
,275,,,,,,
,275,,,,,,
,276,,,,,,
,276,,,,,,
,276,,,,,,
,276,,,,,,
,276,,,,,,
,276,,,,,,
,276,,,,,,
,276,,,,,,
,276,,,,,,
,277,,,,,,
,277,,,,,,
,277,,,,,,
,277,,,,,,
,278,,,,,,
,278,,,,,,
,278,,,,,,
,279,,,,,,
,279,,,,,,
,279,,,,,,
,279,,,,,,
,279,,,,,,
,279,,,,,,
,279,,,,,,
,279,,,,,,
,280,,,,,,
,280,,,,,,
,280,,,,,,
,280,,,,,,
,281,,,,,,
,282,,,,,,
,285,,,,,,
,287,,,,,,
