Wild Summer Chinook,Hatchery Spring Chinook,Hatchery Summer Chinook,Wild Winter Steelhead,Hatchery Summer Steelhead,Wild Coho,Hatchery Summer Coho,Hatchery Coho
155,095,105,001,006,001,199,003
155,099,105,001,006,001,202,003
155,100,105,001,006,001,202,003
155,100,111,001,006,001,202,003
162,104,113,001,006,001,203,003
162,104,119,001,006,001,204,003
162,105,119,001,006,001,204,003
162,105,119,001,006,301,204,003
162,105,119,001,006,301,204,003
162,105,119,001,006,301,205,003
162,105,119,002,006,301,206,003
162,105,120,002,006,301,206,003
162,108,120,002,006,301,207,003
162,108,121,002,006,301,208,003
162,114,123,002,006,301,209,003
162,114,123,002,006,301,209,003
162,114,123,002,006,301,209,003
162,114,124,002,006,301,209,003
162,114,126,003,006,301,209,003
162,115,126,003,006,301,210,003
162,115,126,003,006,301,210,003
162,118,127,003,006,301,210,003
162,118,127,003,006,301,210,003
162,118,127,003,006,301,211,003
162,118,127,003,006,301,211,003
176,118,127,003,006,301,211,003
176,120,127,003,006,301,211,003
176,120,127,003,006,301,211,003
177,120,127,003,006,301,211,003
177,120,127,003,006,301,211,003
177,120,127,003,006,301,211,003
177,122,127,003,006,301,212,003
200,122,127,003,006,307,212,003
200,122,127,003,006,307,212,003
200,122,127,003,006,307,213,003
200,123,127,003,006,307,213,003
200,123,127,003,006,307,213,003
200,123,127,003,006,307,213,003
200,124,127,003,006,307,213,003
200,124,130,003,006,310,214,003
200,124,130,003,006,310,214,003
200,124,130,003,006,310,214,003
200,124,130,003,006,310,214,003
200,124,130,003,006,310,214,003
200,125,130,003,006,310,214,003
200,126,130,004,006,310,215,003
205,126,130,004,006,310,215,003
205,126,130,004,006,310,215,003
205,127,130,004,006,310,216,003
205,127,131,004,006,310,216,003
205,127,131,004,006,310,216,003
205,127,131,004,006,313,216,003
205,127,131,004,006,313,216,003
205,127,131,004,006,313,216,003
205,127,131,004,006,314,216,003
205,127,131,004,006,314,216,003
205,127,132,004,006,314,216,003
205,127,132,004,006,314,216,003
205,127,132,004,006,314,216,003
205,128,132,004,006,314,216,003
205,129,132,005,006,314,216,003
205,129,132,005,006,314,216,003
205,130,132,005,006,314,216,003
205,130,133,005,006,314,217,003
207,130,133,005,006,314,217,003
207,130,133,005,006,314,217,003
207,130,133,005,006,314,217,003
207,130,134,005,006,314,217,003
207,131,134,005,006,314,217,003
207,131,134,005,006,314,217,003
207,131,134,005,006,314,217,003
207,131,134,005,006,314,218,003
207,131,134,005,006,314,218,003
207,131,134,005,006,314,218,003
207,131,134,005,006,314,218,003
207,131,134,005,006,314,218,003
207,131,134,005,006,314,218,003
207,131,135,005,006,314,218,003
207,131,135,006,006,314,218,003
207,131,135,006,006,318,218,003
207,131,135,006,006,318,218,003
207,131,135,006,006,318,218,003
207,131,135,006,006,318,218,003
207,131,135,006,006,318,218,003
207,131,136,006,006,318,218,003
207,131,137,006,006,318,218,003
207,133,137,006,006,318,218,003
207,133,137,006,006,318,218,003
207,133,137,006,006,318,218,003
207,133,137,006,006,318,218,003
207,133,137,006,006,318,218,003
207,133,137,006,006,318,218,003
207,134,137,007,006,318,218,003
207,134,137,007,006,318,219,003
207,134,137,007,006,318,219,003
207,134,137,007,006,318,219,003
207,135,138,007,006,318,219,003
207,135,138,007,006,318,219,003
207,135,138,007,006,318,219,003
207,135,138,008,006,318,219,003
207,135,139,008,137,318,219,003
207,135,139,008,153,318,219,003
207,135,139,008,161,318,219,003
207,135,139,008,161,318,219,003
207,136,139,008,171,318,219,003
207,136,139,008,176,318,220,004
207,136,139,008,177,318,220,013
207,136,139,008,178,318,220,271
207,136,139,008,178,318,220,271
207,136,139,008,178,318,220,275
211,136,141,008,178,318,220,285
211,136,141,008,183,318,220,285
211,136,141,008,183,318,220,285
211,136,141,008,183,318,220,285
211,136,141,008,183,318,220,285
211,136,141,008,183,318,221,286
211,136,141,008,184,318,221,286
211,137,141,008,184,318,221,287
211,137,141,008,184,318,221,291
211,137,141,008,186,318,221,291
211,137,141,008,186,318,221,291
211,137,141,008,186,318,221,291
211,137,141,008,186,318,221,291
211,137,141,008,188,318,221,291
211,137,141,008,189,318,221,291
211,137,141,008,189,318,221,291
211,137,141,008,189,318,221,291
211,137,141,008,189,318,222,291
211,137,141,008,189,318,222,293
211,137,141,008,189,318,222,293
211,137,141,008,189,318,222,293
211,137,142,008,189,318,222,293
211,137,142,008,189,318,222,293
211,137,143,009,189,318,223,294
211,137,143,009,189,318,223,294
211,137,143,009,189,318,223,294
211,137,143,009,190,318,223,294
211,137,143,009,190,318,223,294
211,137,144,009,190,318,223,294
211,137,144,009,191,318,223,294
211,137,144,009,191,318,223,294
211,138,145,009,191,318,223,294
211,138,145,009,191,318,223,294
211,138,145,009,191,318,223,294
211,138,145,009,191,318,223,294
211,138,145,009,191,318,223,294
211,138,145,009,191,318,223,294
211,138,146,009,191,318,223,294
211,138,146,009,191,318,223,294
211,138,146,009,191,318,223,294
211,138,146,009,192,318,223,294
211,138,146,009,192,318,223,294
211,138,146,009,192,318,223,294
211,138,146,009,192,318,223,294
211,138,146,009,192,318,223,294
211,138,146,009,194,318,223,296
211,138,147,009,194,318,223,296
211,138,147,009,194,318,223,296
211,138,147,009,194,318,223,296
211,138,147,009,194,318,223,296
211,138,147,009,195,318,223,296
211,138,147,009,195,318,223,296
211,138,147,009,195,318,224,296
211,138,147,009,195,318,224,296
211,139,147,009,196,319,224,296
211,139,147,009,196,319,224,296
211,139,147,009,197,319,225,296
211,140,148,009,197,319,225,296
211,140,148,009,197,319,225,296
211,140,148,009,197,319,225,296
211,140,148,009,197,319,225,296
211,140,148,009,198,319,225,296
211,140,148,009,198,319,225,296
211,140,148,009,198,319,225,296
211,140,148,009,198,319,225,296
211,140,148,009,198,319,225,296
211,140,148,009,198,319,225,296
211,140,148,009,198,319,225,296
211,140,148,009,198,319,225,296
211,140,148,009,198,319,225,296
211,140,148,009,198,319,225,296
211,141,148,009,198,319,225,296
211,141,148,009,198,319,225,296
211,141,148,010,198,319,225,296
211,141,148,010,198,319,225,299
211,141,148,010,198,319,225,299
211,141,148,010,198,319,225,299
211,142,148,010,198,319,226,300
211,142,148,010,198,319,226,300
211,142,150,010,198,319,226,301
211,142,150,010,198,319,226,301
211,142,151,010,199,319,226,301
211,142,151,010,199,319,226,301
211,142,151,010,199,320,226,301
211,142,151,010,199,320,226,301
211,142,152,010,199,321,226,301
211,142,152,010,199,321,227,301
211,142,152,010,199,321,227,301
211,142,152,010,199,321,227,301
211,142,152,010,199,321,227,301
211,142,152,010,199,321,227,302
211,142,152,010,200,321,227,302
211,142,152,010,200,321,227,302
211,142,152,010,200,321,227,302
211,142,152,010,201,321,227,302
211,142,152,010,201,321,227,302
211,142,152,010,201,321,227,302
211,142,154,010,201,321,227,304
211,143,154,010,201,321,227,304
211,143,154,010,201,321,227,304
213,143,154,010,201,321,227,304
213,143,154,010,202,321,227,304
213,143,154,010,202,321,227,304
213,143,154,010,202,321,227,304
213,143,154,010,202,321,227,305
213,143,154,010,202,321,227,305
213,143,155,010,202,321,227,305
213,143,155,010,202,321,227,305
213,143,155,010,202,321,227,305
213,143,155,010,202,321,227,305
213,144,155,010,202,321,227,305
213,144,155,010,202,321,227,305
213,144,155,010,202,321,228,305
213,145,155,010,202,321,228,305
213,145,155,010,202,321,228,305
213,145,155,010,202,321,228,305
213,145,155,010,202,321,228,305
213,145,155,010,202,321,228,305
213,145,155,011,203,321,228,305
213,145,155,011,203,321,228,305
213,145,155,011,203,321,228,305
213,145,155,011,204,321,228,305
213,145,155,011,204,321,228,305
213,145,156,011,204,321,228,306
213,145,156,011,204,321,229,306
213,145,156,011,204,321,229,306
213,145,156,011,204,321,229,306
213,146,156,011,204,321,229,306
213,146,156,011,204,321,229,306
213,146,156,011,205,321,229,306
213,146,157,011,205,321,229,306
214,146,157,011,205,321,229,306
214,146,157,011,205,321,229,307
214,146,157,011,205,321,229,307
214,146,157,011,205,321,229,307
214,146,157,011,205,321,229,307
214,146,157,011,206,321,229,307
214,146,157,011,206,321,229,307
214,146,158,012,206,321,229,307
214,146,158,012,206,321,229,307
214,146,158,012,206,321,229,307
214,146,158,012,206,321,230,307
214,146,158,012,206,321,230,307
214,146,159,012,206,321,230,307
214,146,159,012,206,321,230,307
214,146,159,012,206,321,230,307
214,148,159,012,206,321,230,307
214,149,159,012,206,321,230,307
214,149,160,012,207,321,230,307
219,149,160,012,207,321,230,307
219,149,160,012,207,321,231,307
219,149,160,012,207,321,231,307
219,149,160,012,207,321,231,307
219,149,160,012,207,321,231,307
219,149,160,012,207,321,231,307
219,149,160,012,207,321,231,307
219,149,160,012,208,321,231,307
219,149,160,012,208,321,231,307
219,149,160,012,208,321,231,307
219,149,160,012,208,321,231,307
219,149,160,012,209,321,231,307
219,150,160,012,209,321,231,307
219,150,160,012,209,322,231,307
221,150,160,012,209,322,231,307
221,150,160,012,209,322,231,307
221,150,160,012,209,322,231,307
221,150,160,012,209,322,231,307
221,150,160,012,209,322,231,308
221,150,160,012,209,322,231,308
221,150,160,012,209,322,231,308
221,150,161,012,209,322,231,308
221,150,161,012,209,322,231,308
221,150,161,012,210,322,231,308
221,150,161,012,210,322,231,308
221,150,161,012,211,322,231,308
222,150,161,012,211,322,231,308
222,150,161,012,211,322,231,308
222,150,161,012,212,322,231,308
222,150,161,013,212,322,231,308
222,150,161,013,212,322,231,308
222,150,161,013,212,322,231,308
222,150,161,013,212,322,231,308
222,150,161,013,212,322,231,308
222,150,161,013,212,322,231,308
222,150,161,013,212,322,231,308
222,150,161,013,212,322,231,308
222,150,161,013,212,322,232,308
222,150,161,013,212,322,232,308
222,150,162,013,212,322,232,308
222,150,162,013,213,322,232,308
222,151,162,013,213,322,232,308
222,151,163,013,213,322,232,308
222,151,163,013,213,322,232,308
222,152,163,013,213,322,232,308
222,152,163,013,213,322,232,308
222,152,165,013,213,322,232,308
222,152,165,013,213,322,232,308
222,152,165,013,215,322,232,308
222,152,165,013,215,322,232,308
222,152,165,013,215,322,232,308
222,152,165,013,215,322,232,308
222,152,165,013,215,322,232,308
222,152,165,013,215,322,232,308
223,152,165,013,215,322,232,308
223,152,165,013,215,322,232,308
223,152,165,013,215,322,232,308
223,152,165,013,215,322,232,308
223,152,165,013,215,322,232,308
223,152,165,013,215,322,232,308
224,152,167,013,215,322,232,308
224,152,167,013,215,322,232,308
224,152,167,013,215,322,233,308
224,152,167,013,215,324,233,308
224,152,167,013,216,324,233,308
224,152,167,013,216,324,234,308
224,152,167,013,216,324,234,309
224,152,167,013,216,324,234,309
224,152,167,013,217,324,234,310
224,152,167,013,218,324,234,310
224,152,167,013,218,324,234,310
224,152,167,013,219,324,234,310
224,152,167,013,219,324,234,310
224,152,167,013,219,324,234,310
224,152,167,013,219,324,234,310
224,152,167,013,219,324,234,310
224,152,167,013,219,324,234,310
225,152,167,013,219,324,234,310
225,154,167,013,219,324,234,310
225,154,167,013,219,324,234,310
225,154,167,013,220,324,234,310
225,154,167,013,220,324,234,310
225,154,167,013,220,324,234,310
225,154,167,013,220,324,234,310
225,154,167,013,220,324,234,310
225,154,167,013,220,324,234,310
225,154,167,013,220,324,234,310
225,154,167,013,220,324,234,310
225,154,167,013,220,324,234,310
226,154,167,013,220,324,234,310
226,154,167,013,220,324,234,310
226,154,167,013,220,324,234,310
226,154,167,013,220,324,234,310
226,154,167,013,220,324,234,310
226,154,167,013,220,324,234,310
226,154,167,013,220,324,234,310
226,154,167,013,220,324,234,310
226,154,167,013,220,324,234,310
226,154,167,013,221,324,234,310
226,154,167,013,221,324,234,310
226,154,167,013,221,324,234,310
227,154,167,013,221,324,234,310
227,155,167,013,221,324,234,310
227,155,167,013,221,324,234,310
227,155,167,013,221,324,234,310
227,155,167,014,221,324,234,311
227,155,167,014,222,324,234,311
227,155,168,014,223,324,234,311
227,156,168,014,223,324,235,311
227,156,168,014,223,324,235,311
227,156,168,014,225,324,235,311
227,156,168,014,226,324,235,311
227,157,168,014,226,324,235,311
227,157,168,014,226,324,235,311
227,157,168,014,226,324,235,311
227,157,168,014,227,324,235,311
227,157,168,014,227,324,235,311
227,157,168,014,227,324,235,312
227,158,168,014,227,328,235,312
227,158,168,014,227,328,235,312
227,158,168,014,227,328,235,312
227,158,168,014,227,328,235,312
227,158,169,014,228,328,235,312
227,158,169,014,228,328,235,312
227,158,169,014,228,328,235,312
233,158,169,014,228,328,235,312
233,158,169,014,229,328,235,312
233,158,169,014,229,328,235,312
233,158,169,014,229,328,235,312
233,158,169,014,230,328,236,312
233,158,169,014,231,328,236,312
233,158,169,014,231,329,236,313
233,158,169,014,231,329,236,313
233,158,170,014,231,329,236,313
233,158,171,014,232,329,236,313
233,158,171,014,232,329,236,313
233,158,171,014,232,329,236,313
235,158,172,014,234,329,236,313
235,158,172,014,234,329,236,313
235,158,172,014,235,329,236,313
235,158,172,014,235,329,236,313
235,158,172,014,235,329,236,313
235,158,174,014,235,329,236,313
235,158,174,014,235,329,237,313
235,158,174,014,235,329,237,313
235,158,174,015,235,329,237,313
235,158,174,015,235,329,237,313
235,158,175,015,236,329,237,313
235,158,175,015,236,329,237,313
235,158,175,015,236,329,237,313
235,158,175,015,236,329,237,313
235,159,175,015,236,329,237,313
235,159,175,015,236,329,237,313
235,159,175,015,236,329,237,313
235,159,175,015,236,329,237,314
235,159,175,015,236,329,237,314
235,159,175,015,237,329,237,314
235,159,175,015,237,329,237,314
235,159,175,015,237,329,237,314
235,159,176,015,237,329,237,314
235,159,176,015,237,329,237,314
235,159,176,015,237,329,237,314
235,159,176,015,237,329,237,314
235,159,176,015,238,329,237,314
235,159,176,015,238,329,237,314
235,159,176,015,238,329,237,314
235,159,176,015,238,329,237,314
235,159,176,015,238,329,237,314
235,159,176,015,238,329,237,314
235,159,176,015,238,329,237,314
235,159,177,015,238,329,237,314
235,159,177,015,238,329,237,314
235,159,177,015,238,329,237,314
235,159,177,015,238,329,237,314
235,160,177,015,238,329,237,314
235,160,178,015,238,329,237,314
235,160,178,015,238,329,237,314
235,160,178,015,239,329,237,314
235,160,178,015,239,329,237,314
235,160,178,015,241,329,237,314
235,160,178,015,241,329,237,314
235,160,178,015,241,329,237,314
235,160,178,015,241,329,237,314
235,160,178,015,241,329,237,314
235,160,178,015,241,329,237,314
235,160,178,015,241,329,237,314
235,161,178,015,241,329,237,314
235,161,179,015,242,329,237,314
235,161,179,015,242,329,237,314
235,161,179,015,242,329,237,314
235,162,179,015,242,329,237,314
235,162,179,015,243,329,237,314
235,162,179,015,243,329,237,314
235,162,179,015,243,329,238,314
235,162,180,015,243,329,238,314
235,162,180,015,243,329,238,314
235,162,180,015,243,329,238,314
235,162,180,015,243,329,238,314
235,162,182,015,244,329,238,314
235,162,182,015,245,329,238,314
235,162,182,015,245,329,238,314
235,162,182,015,245,329,238,314
235,162,182,015,245,329,238,315
235,162,182,015,246,329,238,315
235,162,182,015,247,329,238,315
235,162,182,015,247,329,238,317
236,162,182,015,247,329,238,317
236,162,183,015,247,329,238,317
236,162,183,015,247,329,238,317
236,162,183,015,247,329,238,317
236,162,183,015,247,329,238,317
236,162,183,015,247,329,238,317
236,162,183,015,247,329,238,317
236,162,183,016,247,329,238,317
236,162,183,016,247,329,238,317
236,162,184,016,247,330,238,317
236,162,184,016,247,330,238,317
236,162,184,016,247,330,238,317
236,162,184,016,247,330,238,317
236,162,185,016,247,330,238,317
236,162,185,016,247,330,239,317
236,162,185,016,247,330,239,317
236,162,186,016,247,330,239,317
236,162,186,016,247,330,239,317
236,162,186,016,247,330,239,317
236,162,186,016,248,330,239,317
236,162,186,016,248,330,239,317
236,162,187,016,248,330,239,317
236,162,187,016,248,330,239,317
238,162,188,016,248,330,239,317
238,162,188,016,248,330,239,317
238,162,188,016,248,330,239,318
238,162,188,016,249,330,239,318
239,162,188,016,249,330,239,318
239,162,188,016,250,330,239,318
239,162,188,016,250,330,239,318
239,162,188,016,250,330,239,318
241,162,188,016,250,330,239,318
241,162,188,016,250,332,239,318
241,162,188,016,250,332,239,318
241,162,188,016,252,332,239,318
241,162,188,016,252,332,239,318
241,162,188,016,252,332,239,318
241,163,188,016,252,332,239,318
241,163,188,016,252,332,239,318
241,163,189,016,252,332,239,318
241,163,189,016,253,332,239,318
241,164,189,016,254,332,239,318
241,164,189,016,254,332,239,318
241,164,189,016,254,332,239,318
241,164,189,016,255,332,239,318
241,164,189,016,258,332,239,318
241,164,189,016,259,332,239,318
241,164,189,016,259,332,239,318
243,164,190,016,259,332,239,318
243,164,190,016,259,332,239,318
243,164,190,016,259,332,240,318
243,164,190,016,259,332,240,318
243,164,190,017,259,332,240,318
243,164,190,017,260,332,240,318
243,164,190,017,260,332,240,318
243,165,190,017,260,332,240,318
243,165,190,017,260,332,240,318
243,165,190,017,260,333,240,318
243,165,190,017,260,333,240,318
243,165,190,017,260,333,240,318
243,165,190,017,260,333,240,318
243,165,190,017,260,333,240,318
243,165,190,017,260,333,240,318
243,165,190,017,261,333,240,318
243,165,190,017,261,333,240,318
245,165,190,017,261,333,240,318
245,165,191,017,262,333,240,318
245,165,191,017,262,333,240,318
245,165,191,017,264,333,240,318
245,165,191,017,264,333,241,318
245,165,191,017,264,333,241,318
245,165,191,017,264,333,241,318
246,165,191,017,264,333,241,318
246,165,191,017,264,335,241,318
246,165,191,017,264,335,241,318
248,165,191,017,265,335,241,318
248,165,191,017,265,335,241,318
248,165,191,017,265,335,241,318
248,165,191,017,265,335,241,318
248,165,191,017,265,335,241,318
248,165,191,017,265,335,241,318
248,165,191,017,265,335,241,318
248,165,191,017,265,335,241,318
248,165,191,017,265,335,241,318
248,165,191,017,265,335,241,318
248,165,191,017,265,335,241,318
248,165,191,017,265,335,241,318
248,165,191,017,265,335,241,318
248,165,192,017,265,335,241,318
248,165,192,017,265,335,241,318
248,165,192,017,265,335,241,318
248,165,192,017,265,335,241,318
248,165,192,017,265,335,241,318
248,165,192,017,265,335,241,318
248,165,192,017,266,335,241,318
248,165,192,017,266,335,241,318
248,165,193,017,266,335,241,318
248,165,193,017,266,335,241,318
248,165,194,017,266,335,241,318
248,165,194,017,266,335,242,318
248,165,194,017,266,335,242,318
248,165,194,017,266,335,242,318
248,165,194,017,266,335,242,318
248,165,194,017,266,335,242,318
248,165,194,017,266,335,242,319
248,165,194,017,266,335,242,319
248,165,194,017,266,335,242,319
248,166,194,017,266,335,242,319
248,166,194,017,266,335,242,319
248,166,194,017,266,335,242,319
248,166,194,017,266,335,242,319
248,166,194,017,266,335,242,319
248,166,194,017,266,335,242,319
248,166,194,017,266,335,242,319
248,166,194,017,266,335,242,319
248,166,194,017,266,335,242,319
248,166,194,017,266,335,242,319
248,166,194,017,266,335,242,319
248,166,194,017,266,335,242,319
248,166,194,017,266,335,242,319
248,166,194,017,266,335,242,319
248,168,194,017,266,335,242,319
248,168,194,017,266,335,242,319
248,168,194,017,266,335,242,319
248,168,194,017,266,335,242,319
248,169,194,017,266,335,242,319
248,169,194,017,266,335,242,319
248,169,195,017,266,335,242,319
248,169,195,018,266,335,242,319
248,169,195,018,266,335,242,319
248,169,196,018,266,335,242,319
248,169,196,018,266,335,242,319
248,169,196,018,266,335,242,319
248,169,196,018,266,335,242,319
248,169,196,018,266,335,242,319
248,169,196,018,266,335,242,319
248,169,196,018,266,335,242,319
248,169,196,018,266,335,242,319
248,169,196,018,266,335,242,319
248,169,196,018,266,335,242,319
248,169,196,018,266,335,242,319
248,169,196,018,266,335,242,319
248,169,196,018,266,335,242,319
248,169,196,018,266,335,242,319
248,169,196,018,266,335,242,319
248,169,197,018,266,335,242,319
248,170,197,018,266,335,243,319
251,170,197,018,266,335,243,319
251,171,197,018,266,335,243,319
251,171,197,018,266,335,243,319
251,171,197,018,266,335,243,319
251,171,197,018,266,335,243,319
251,171,197,018,266,335,243,319
251,171,197,018,266,335,243,319
251,171,197,018,266,335,243,319
251,171,197,018,266,335,243,319
251,171,198,018,266,335,243,319
251,171,198,018,266,335,243,319
251,171,198,018,266,335,243,319
251,171,198,018,266,335,243,319
251,171,198,018,266,335,243,319
251,171,198,018,266,335,243,319
251,171,198,018,266,335,243,319
251,171,198,018,266,335,243,319
251,171,198,018,266,335,243,319
251,171,198,018,266,335,243,319
251,171,198,018,266,335,243,319
251,172,198,018,266,335,243,319
251,172,199,019,266,335,243,319
251,172,199,019,266,335,243,319
251,173,199,019,266,335,243,319
251,173,199,019,266,335,243,319
251,173,199,019,266,335,243,319
251,173,199,019,266,335,243,319
251,173,200,019,266,335,244,319
251,173,201,019,266,335,244,319
251,173,201,019,266,335,244,319
251,173,201,019,266,335,244,319
251,173,201,019,266,335,244,319
251,173,202,019,266,335,244,319
251,173,202,019,266,335,244,319
251,173,202,019,266,335,244,319
251,173,202,019,266,335,244,319
251,173,202,019,266,338,244,319
251,174,202,019,266,338,244,319
251,174,202,019,266,338,244,319
251,174,202,019,266,338,244,319
251,174,202,019,266,338,244,319
251,174,202,019,266,338,244,319
251,174,202,019,266,338,244,319
251,174,202,019,266,338,244,319
251,174,202,019,266,338,244,319
251,174,202,019,266,338,244,319
251,174,203,019,266,338,245,319
251,174,203,019,271,338,245,319
251,174,203,019,271,338,245,319
251,174,203,019,271,338,245,319
251,174,203,019,271,338,245,319
251,174,203,019,271,338,245,319
251,174,203,019,271,338,245,319
251,174,203,019,271,338,245,319
251,174,203,019,271,338,245,319
251,174,203,019,271,338,245,319
251,174,203,019,271,338,245,319
251,175,203,019,271,338,245,319
251,175,203,019,271,338,245,319
251,175,203,019,271,338,245,319
251,175,204,019,271,338,245,319
251,175,204,019,271,338,245,319
251,176,204,019,271,338,245,319
253,176,204,019,271,338,245,319
253,176,204,019,271,338,245,319
253,176,204,019,271,338,245,319
253,176,204,019,271,338,245,319
254,176,204,019,271,338,245,319
254,176,204,019,271,338,245,319
254,176,205,019,271,338,246,319
254,176,205,019,271,338,246,319
254,176,205,019,271,338,246,319
254,176,205,019,271,338,246,319
254,176,205,019,271,338,246,319
254,176,205,019,271,338,246,319
254,176,205,019,271,338,246,319
254,176,205,019,271,338,246,320
254,178,206,019,271,338,246,320
254,178,206,019,271,338,246,320
255,178,206,019,271,338,246,320
255,178,206,019,271,338,246,320
255,178,206,019,271,338,246,320
255,178,206,019,271,338,246,320
255,178,206,019,271,338,246,320
255,178,206,019,271,338,246,320
255,179,207,019,271,338,246,320
255,179,207,019,271,338,246,320
255,179,207,019,271,338,246,320
255,179,207,019,271,338,247,320
255,179,207,019,271,338,247,320
255,179,207,019,271,338,247,320
255,179,208,019,271,338,247,320
255,179,208,019,271,338,247,320
255,179,208,019,271,338,247,320
255,179,208,019,271,338,247,320
255,179,209,019,271,338,247,320
255,179,209,019,271,338,247,320
255,179,209,020,271,338,247,320
255,179,209,020,271,338,247,320
255,179,209,020,271,338,247,320
255,179,209,020,272,339,247,320
255,179,209,020,272,339,247,320
255,179,209,020,272,339,247,320
255,179,209,020,272,339,247,320
255,179,209,020,272,339,247,320
255,179,209,020,272,339,247,320
255,179,209,020,272,339,247,320
255,179,209,020,272,339,247,320
255,179,209,020,272,339,247,320
255,179,210,020,272,339,247,320
255,179,210,020,272,339,248,320
255,179,210,020,272,339,248,320
255,179,210,020,272,339,248,320
255,180,210,020,272,339,248,321
255,180,210,020,272,339,248,321
255,180,210,020,272,339,248,321
255,180,210,020,272,339,248,321
255,180,211,020,272,339,248,322
255,180,211,020,273,339,248,322
255,181,212,020,273,339,248,322
255,181,212,020,273,340,248,322
255,181,212,020,273,340,249,322
255,181,212,020,273,340,249,322
255,181,213,020,273,340,249,322
255,181,213,020,273,340,250,322
255,181,213,020,273,340,250,322
255,181,213,020,273,340,250,322
255,181,213,020,273,340,250,322
255,181,213,020,273,340,250,322
255,181,213,020,273,340,250,322
255,181,213,020,273,340,250,322
255,181,213,020,273,340,250,322
255,181,213,020,273,340,250,322
255,181,213,020,273,340,250,322
255,181,213,020,273,340,250,322
255,181,213,020,273,340,250,322
255,181,213,020,273,340,250,322
255,181,213,020,273,340,250,322
255,181,213,020,273,340,250,322
255,181,213,020,273,340,250,322
255,181,214,020,273,340,250,322
255,181,214,020,274,340,250,322
255,181,214,020,274,340,250,322
255,181,214,020,275,340,250,322
255,181,214,020,275,340,250,322
255,181,214,020,275,340,250,322
255,181,214,020,275,340,250,322
255,181,215,020,275,340,250,322
255,181,215,020,275,340,250,322
255,181,215,020,275,340,250,322
255,181,216,020,275,340,250,322
255,181,216,020,275,340,250,322
255,181,216,020,276,340,250,322
255,181,216,020,276,340,251,322
255,181,216,020,276,340,251,322
255,181,216,020,276,340,252,322
255,181,216,020,278,340,252,322
255,181,216,020,278,340,252,322
255,181,216,020,278,340,252,322
255,181,216,020,278,340,252,322
255,181,216,020,278,340,252,322
255,181,216,020,278,340,252,322
255,181,216,020,278,340,252,322
255,181,216,020,278,340,252,322
255,181,217,020,278,340,252,322
255,181,217,020,278,340,252,322
255,181,217,020,278,340,252,322
255,182,217,020,278,340,252,322
255,182,217,020,278,340,252,322
255,182,217,020,278,340,252,322
255,182,217,020,278,340,252,322
255,182,217,020,278,340,252,322
255,182,217,020,278,340,252,322
255,182,217,020,279,342,252,322
255,182,217,020,279,342,252,322
255,182,217,020,282,342,252,322
255,182,217,020,282,342,252,322
255,182,217,020,282,342,252,322
255,182,217,020,282,342,252,322
258,182,218,021,282,342,252,322
258,182,218,021,282,342,252,322
258,182,218,021,282,342,252,322
258,182,218,021,282,342,252,322
258,182,218,021,282,342,252,322
258,182,218,021,282,342,252,322
258,182,218,021,282,342,252,322
258,182,218,021,282,342,252,322
258,183,218,021,282,342,252,322
258,183,218,021,282,342,252,322
258,183,218,021,282,342,252,322
258,183,218,021,282,342,252,322
258,183,218,021,282,342,252,322
258,183,219,021,282,342,252,322
258,183,219,021,282,342,252,322
258,183,219,021,282,342,252,322
258,183,219,021,282,342,252,322
258,183,219,021,282,342,252,322
258,183,219,021,282,342,253,322
258,183,219,021,282,342,253,322
258,183,219,021,282,342,253,322
258,183,221,022,282,342,253,322
258,183,221,022,282,342,253,322
258,184,221,022,282,342,253,322
258,184,221,022,282,342,253,322
258,184,222,022,282,343,253,322
258,184,222,022,282,343,253,322
258,184,222,022,282,343,253,322
258,184,222,022,283,343,254,322
258,184,222,022,283,343,254,322
258,184,222,022,283,343,254,322
259,184,222,022,283,343,254,322
259,184,222,022,283,343,254,322
259,184,222,022,283,343,254,322
259,184,222,022,283,343,254,322
259,184,222,022,283,343,254,322
259,184,222,022,283,343,254,322
259,184,223,022,283,343,254,322
259,184,223,022,283,343,254,322
259,184,223,022,283,343,254,322
259,184,223,022,283,343,254,322
259,185,223,022,283,343,254,322
259,185,223,022,283,343,254,322
259,185,225,022,283,343,254,322
259,185,225,022,283,343,254,322
259,185,225,022,283,343,254,322
259,185,226,022,283,343,255,322
259,186,226,022,283,343,255,322
259,186,226,022,283,343,255,322
259,186,226,022,283,343,255,322
259,186,226,022,283,343,255,322
259,186,226,022,283,343,255,322
259,187,226,022,283,343,255,322
259,187,226,022,283,343,255,322
259,187,227,022,283,343,255,322
259,187,227,022,283,343,255,322
259,188,227,022,283,343,255,322
259,188,228,022,283,343,256,322
259,188,229,022,286,343,257,322
259,188,229,022,286,343,257,322
259,188,229,022,286,343,257,322
259,188,230,022,286,343,257,322
259,188,230,022,286,343,257,322
259,188,230,022,286,343,257,322
259,188,231,022,286,343,257,322
259,188,232,022,286,343,257,322
259,188,232,022,286,343,257,322
259,188,232,022,286,343,258,322
259,188,232,022,286,343,258,322
259,188,233,022,287,343,258,322
260,188,233,022,287,343,258,322
260,188,233,022,287,343,258,322
260,188,234,022,287,343,258,322
262,188,234,022,287,343,258,322
262,188,234,022,287,343,259,322
262,188,234,022,287,343,259,322
262,188,235,022,287,343,259,322
262,188,235,022,287,343,259,322
262,188,235,022,288,343,259,322
262,188,235,022,288,343,259,322
262,188,235,022,288,343,259,322
262,188,236,023,288,343,259,322
262,188,236,023,288,343,259,322
262,188,236,023,288,343,259,322
262,188,237,023,288,343,259,322
262,188,237,023,290,343,259,322
262,188,239,023,290,343,259,322
262,188,239,023,290,343,259,322
262,188,239,023,290,343,259,322
262,188,239,023,290,343,259,322
262,188,239,023,290,343,259,322
262,188,240,023,290,343,259,322
262,188,240,023,290,343,259,322
262,188,240,023,290,343,259,322
262,188,241,023,290,343,259,322
262,189,241,023,290,343,259,322
262,189,242,023,290,343,259,323
262,189,242,023,290,343,259,323
266,189,242,023,291,343,259,323
266,189,242,023,291,343,259,323
266,189,242,023,291,343,259,323
266,189,242,023,291,343,259,323
266,190,242,023,291,343,259,323
266,190,242,023,291,343,259,323
266,190,242,023,291,343,259,323
266,190,243,023,291,343,259,323
266,190,243,023,291,343,259,323
266,190,243,023,291,343,259,323
266,190,243,023,291,343,259,323
266,190,243,023,291,343,259,323
266,190,243,023,291,343,259,323
266,190,243,023,291,343,259,323
266,190,243,023,291,343,259,323
266,190,243,023,291,343,259,323
266,190,243,023,291,343,259,323
266,190,243,023,291,343,259,323
266,190,243,023,291,343,259,323
266,190,244,023,291,343,259,323
266,190,244,023,291,343,259,323
266,190,244,023,291,343,259,323
266,190,244,023,291,343,259,323
266,190,244,023,291,345,259,323
266,190,244,023,291,345,259,323
266,190,244,023,291,345,259,323
266,190,244,023,291,345,259,323
266,190,244,023,292,345,259,323
266,190,244,023,292,345,259,323
266,190,244,023,292,345,259,323
266,190,244,023,292,345,259,323
266,190,244,023,292,345,259,323
266,190,245,023,292,345,259,323
266,190,245,023,292,345,259,323
266,190,245,023,292,345,259,323
266,190,245,023,292,345,259,323
266,190,245,023,292,346,259,323
266,190,245,023,292,346,259,323
266,190,245,023,292,346,259,323
266,190,245,023,292,346,259,323
266,190,246,023,292,346,259,323
266,190,246,023,292,346,259,323
266,190,247,023,292,346,259,323
266,190,247,023,292,346,259,323
266,190,247,023,292,346,259,323
266,190,248,023,292,346,259,323
266,190,248,023,292,346,259,323
266,190,248,023,292,346,259,323
266,191,248,023,292,346,259,323
266,191,248,023,292,346,259,323
266,191,248,024,292,346,259,323
266,191,248,024,292,346,259,323
266,191,248,024,292,346,259,323
266,191,248,024,292,346,259,323
266,191,250,024,292,346,259,323
266,191,250,024,292,346,259,323
266,191,250,024,295,346,259,323
266,191,250,024,295,346,259,323
266,191,250,024,295,346,259,323
266,191,250,024,295,346,260,323
266,191,250,024,295,346,260,323
266,191,250,024,295,346,260,323
266,191,250,024,295,346,260,323
266,191,250,024,295,346,260,323
266,191,250,024,295,346,260,323
266,191,250,024,295,346,260,323
266,191,250,024,295,346,260,323
266,191,250,024,295,346,260,323
266,191,250,024,295,346,260,323
266,191,250,024,295,347,260,323
266,191,250,024,295,347,260,323
266,191,250,024,295,348,260,323
266,191,250,024,295,348,260,323
266,191,251,024,295,348,260,323
266,191,251,024,296,348,260,323
266,192,251,024,296,348,260,323
266,192,251,024,296,348,260,324
266,192,251,024,296,348,260,324
266,192,251,024,296,348,260,324
266,192,251,024,296,348,260,324
266,192,251,024,296,348,260,324
266,192,251,024,296,349,260,324
266,193,251,024,296,349,260,324
266,193,253,024,296,349,260,324
266,193,253,024,296,349,260,324
266,193,253,024,296,349,260,324
267,195,253,024,296,349,260,324
267,197,253,024,296,349,260,324
267,197,253,025,296,349,260,324
269,197,253,025,296,349,260,324
269,197,253,025,296,349,260,324
269,198,253,025,296,349,260,324
269,198,253,025,296,349,260,324
269,198,253,025,296,349,260,324
269,198,254,025,296,349,260,324
269,198,254,025,296,349,260,324
269,198,254,025,296,349,260,324
269,198,254,025,296,349,260,324
269,198,254,025,296,349,260,324
269,198,254,025,296,349,260,324
269,198,254,025,296,349,260,324
269,198,254,025,296,349,260,324
269,199,254,025,296,349,260,324
269,199,254,025,296,349,260,324
269,199,254,025,296,349,260,324
269,203,254,025,296,349,260,324
269,203,254,025,296,349,260,324
270,204,255,025,296,349,260,324
270,204,255,025,296,349,260,324
270,204,255,025,296,349,260,324
270,207,256,025,296,349,260,324
270,207,256,025,296,349,260,324
270,207,256,025,296,349,260,324
270,207,256,025,296,349,260,324
270,207,258,025,296,349,260,324
270,208,258,025,296,349,260,324
270,210,258,025,296,349,260,324
270,210,258,025,296,349,260,324
270,210,259,025,296,349,260,324
270,210,259,025,297,349,260,324
270,211,259,025,297,349,260,324
270,211,259,025,297,349,261,324
270,212,259,025,297,349,261,324
270,212,259,025,297,349,261,324
270,212,259,025,297,349,261,324
270,212,259,025,297,349,261,324
270,212,259,025,297,349,261,324
270,212,259,025,298,349,261,324
270,212,259,025,298,349,261,324
270,212,259,025,298,349,261,324
270,213,259,025,298,349,261,324
270,213,259,025,298,349,261,324
270,215,259,025,298,349,261,324
270,215,259,025,298,349,261,324
270,215,259,025,298,349,261,324
270,220,259,025,298,349,261,324
270,220,259,025,298,349,261,324
270,220,259,025,298,349,261,324
270,220,259,025,298,349,261,324
270,220,259,025,298,349,262,324
270,220,259,025,298,349,262,324
270,220,259,025,298,349,262,324
270,220,259,025,298,349,262,324
270,220,259,025,298,349,262,324
270,220,259,025,298,349,262,324
270,220,259,025,298,349,262,324
270,220,259,025,298,349,262,324
270,220,259,025,298,349,262,324
270,220,259,025,298,349,262,324
270,220,259,025,298,349,262,324
270,220,259,025,298,349,262,324
270,220,259,025,298,349,262,324
270,220,259,025,298,349,262,324
270,220,259,025,298,349,262,324
270,220,259,025,298,349,262,324
270,220,259,025,298,349,262,324
270,220,259,025,298,349,262,324
270,220,259,025,298,349,262,324
270,220,259,025,298,349,262,324
270,220,259,026,298,349,262,324
270,220,259,026,298,349,262,324
270,232,259,026,298,349,262,324
270,233,259,026,298,349,262,324
270,234,259,026,298,349,262,324
270,234,259,026,298,349,262,324
270,234,259,026,298,349,262,324
270,234,259,026,298,349,262,324
270,234,259,026,298,349,262,324
270,234,260,026,298,349,262,324
270,234,260,026,298,349,262,324
270,234,260,026,298,349,262,324
270,234,260,026,298,349,262,324
270,234,260,026,298,349,262,324
270,234,260,026,298,349,262,324
270,234,260,026,298,349,262,324
270,234,260,026,298,349,262,324
270,234,260,026,298,349,262,324
270,234,260,026,298,349,262,324
270,234,260,026,298,349,262,324
270,234,260,026,298,349,262,324
270,234,260,026,298,349,262,324
270,234,260,026,298,350,262,324
270,234,260,026,298,350,262,324
270,234,260,026,298,350,263,324
270,234,260,026,298,350,263,324
270,234,260,027,298,350,263,324
270,234,260,027,300,350,263,324
270,234,260,027,300,350,263,324
270,236,260,027,300,350,264,324
270,242,260,027,300,350,264,324
270,245,260,027,300,350,264,324
270,245,260,027,300,350,264,324
270,245,260,027,300,350,264,324
270,248,260,027,300,350,264,324
270,248,260,027,300,350,264,324
270,249,261,027,300,350,264,324
270,249,261,027,300,350,264,324
270,253,261,027,302,350,264,324
270,255,261,027,302,350,264,324
270,255,261,027,302,350,264,324
270,255,261,027,302,350,264,324
270,255,261,027,302,350,264,324
270,256,261,027,302,350,264,324
270,256,261,027,302,350,264,324
270,263,261,027,302,350,264,324
270,265,261,027,302,350,264,324
270,,261,027,302,350,264,324
,,261,027,302,350,264,324
,,261,027,302,350,264,324
,,261,027,302,,264,324
,,261,027,302,,264,324
,,261,027,302,,264,324
,,261,027,302,,264,324
,,261,027,302,,264,324
,,261,027,302,,265,324
,,261,027,302,,265,324
,,261,027,302,,265,324
,,261,027,302,,265,324
,,261,027,302,,265,324
,,261,027,302,,265,325
,,261,028,302,,265,325
,,261,028,302,,265,325
,,261,028,302,,265,325
,,261,028,302,,265,325
,,261,028,302,,265,325
,,261,028,302,,265,325
,,261,028,302,,265,325
,,261,028,302,,265,325
,,261,028,302,,265,325
,,263,028,302,,265,325
,,263,028,302,,265,325
,,263,028,302,,265,325
,,265,028,302,,265,325
,,265,028,302,,265,325
,,265,028,302,,265,325
,,265,028,302,,265,325
,,265,028,302,,265,325
,,265,028,302,,265,325
,,265,028,302,,265,325
,,265,028,302,,265,325
,,265,028,302,,265,325
,,265,028,302,,265,325
,,265,028,304,,265,325
,,265,028,304,,265,325
,,265,028,304,,265,325
,,265,028,304,,265,325
,,265,028,305,,265,325
,,265,028,305,,265,325
,,265,028,305,,265,325
,,265,028,305,,265,325
,,266,028,305,,265,325
,,266,028,305,,265,325
,,266,028,305,,265,325
,,266,028,305,,265,326
,,266,028,305,,265,326
,,266,028,305,,265,326
,,266,028,305,,265,326
,,266,028,307,,265,326
,,266,028,307,,265,326
,,266,028,307,,265,326
,,266,028,307,,265,326
,,266,028,307,,265,326
,,266,028,307,,265,326
,,266,028,307,,265,326
,,266,028,307,,266,326
,,266,028,307,,266,326
,,266,028,307,,266,326
,,266,028,307,,266,327
,,266,028,307,,266,327
,,266,028,307,,266,327
,,266,028,307,,266,327
,,266,028,307,,266,327
,,266,028,307,,266,327
,,266,028,307,,266,327
,,266,028,307,,266,328
,,266,028,307,,266,328
,,266,028,307,,266,328
,,266,028,307,,266,328
,,266,028,307,,266,328
,,269,028,307,,266,328
,,269,028,307,,266,328
,,269,028,307,,266,328
,,269,028,307,,266,328
,,269,028,307,,266,328
,,269,028,307,,266,328
,,269,028,308,,266,328
,,269,028,308,,266,328
,,269,028,308,,266,328
,,269,028,308,,266,328
,,270,028,308,,266,328
,,270,028,308,,266,328
,,271,028,308,,266,328
,,271,028,308,,266,328
,,271,028,308,,266,328
,,272,028,308,,266,328
,,273,028,308,,266,328
,,273,028,310,,266,328
,,273,028,310,,266,328
,,273,028,310,,266,328
,,274,028,310,,266,328
,,274,029,312,,266,328
,,281,029,312,,266,328
,,281,029,312,,266,328
,,281,029,312,,266,328
,,284,029,312,,266,328
,,284,029,312,,266,328
,,285,029,312,,267,328
,,,029,312,,267,329
,,,029,312,,267,329
,,,029,312,,267,329
,,,029,312,,267,329
,,,029,312,,267,329
,,,029,312,,267,329
,,,029,312,,267,329
,,,029,312,,267,329
,,,029,312,,267,329
,,,029,312,,267,329
,,,029,312,,267,329
,,,029,312,,267,329
,,,029,312,,267,329
,,,029,313,,267,329
,,,029,313,,267,329
,,,029,313,,267,330
,,,029,314,,267,330
,,,029,314,,267,330
,,,029,317,,267,330
,,,029,317,,267,330
,,,029,317,,267,330
,,,029,317,,267,330
,,,029,317,,267,330
,,,029,317,,267,330
,,,029,317,,267,330
,,,029,318,,267,332
,,,029,318,,267,332
,,,029,318,,267,332
,,,029,318,,267,332
,,,029,318,,267,332
,,,029,318,,267,332
,,,029,318,,267,332
,,,029,318,,267,332
,,,029,318,,267,332
,,,029,318,,267,332
,,,029,318,,267,332
,,,029,318,,267,332
,,,029,319,,267,332
,,,029,320,,267,332
,,,029,320,,267,332
,,,029,320,,267,332
,,,029,320,,267,332
,,,029,320,,267,332
,,,029,320,,267,332
,,,029,322,,267,332
,,,029,324,,267,332
,,,029,324,,267,332
,,,029,324,,267,332
,,,029,330,,267,332
,,,029,330,,267,332
,,,029,330,,267,332
,,,029,330,,267,332
,,,029,330,,267,332
,,,029,330,,267,332
,,,029,330,,267,332
,,,029,330,,267,332
,,,029,330,,267,332
,,,029,330,,267,332
,,,029,330,,267,332
,,,029,330,,267,332
,,,029,330,,267,332
,,,029,330,,267,332
,,,029,330,,267,332
,,,029,330,,267,332
,,,029,333,,267,332
,,,029,335,,267,332
,,,029,336,,267,332
,,,029,336,,267,332
,,,029,338,,267,332
,,,029,338,,267,332
,,,029,338,,267,332
,,,029,339,,267,333
,,,029,339,,267,333
,,,029,340,,267,333
,,,029,340,,267,333
,,,029,340,,267,333
,,,029,340,,267,333
,,,029,340,,267,333
,,,029,340,,267,333
,,,029,340,,267,333
,,,029,340,,267,333
,,,029,340,,267,333
,,,029,340,,267,333
,,,029,342,,267,333
,,,029,344,,267,333
,,,029,344,,267,333
,,,029,344,,267,333
,,,029,344,,267,333
,,,029,344,,267,333
,,,029,344,,267,333
,,,029,349,,268,333
,,,029,351,,268,333
,,,029,351,,268,333
,,,029,351,,268,333
,,,029,351,,268,333
,,,029,351,,269,333
,,,029,351,,269,333
,,,029,351,,269,333
,,,029,354,,269,333
,,,029,354,,269,333
,,,029,354,,269,333
,,,029,,,269,333
,,,029,,,269,333
,,,029,,,269,333
,,,029,,,269,333
,,,029,,,269,333
,,,030,,,269,333
,,,030,,,269,333
,,,030,,,270,333
,,,030,,,270,333
,,,030,,,270,333
,,,030,,,270,333
,,,030,,,270,333
,,,030,,,270,333
,,,030,,,270,333
,,,030,,,270,333
,,,030,,,270,333
,,,030,,,271,333
,,,030,,,271,333
,,,030,,,271,333
,,,030,,,271,333
,,,030,,,271,333
,,,030,,,271,333
,,,030,,,271,333
,,,030,,,271,333
,,,030,,,271,334
,,,030,,,271,334
,,,030,,,271,334
,,,030,,,271,334
,,,030,,,271,334
,,,030,,,271,334
,,,030,,,271,334
,,,030,,,271,334
,,,030,,,271,334
,,,030,,,271,334
,,,030,,,271,334
,,,030,,,271,334
,,,030,,,271,334
,,,030,,,271,334
,,,030,,,271,334
,,,030,,,271,334
,,,030,,,271,334
,,,030,,,271,334
,,,030,,,271,334
,,,030,,,271,334
,,,030,,,271,334
,,,030,,,271,334
,,,030,,,271,334
,,,030,,,271,334
,,,030,,,271,334
,,,030,,,271,334
,,,031,,,271,334
,,,031,,,271,334
,,,031,,,271,334
,,,031,,,271,334
,,,031,,,271,334
,,,031,,,271,334
,,,031,,,271,334
,,,031,,,271,334
,,,031,,,271,334
,,,031,,,271,334
,,,031,,,271,334
,,,031,,,271,334
,,,031,,,271,334
,,,031,,,271,334
,,,031,,,271,334
,,,031,,,271,334
,,,031,,,271,334
,,,031,,,271,334
,,,031,,,271,334
,,,031,,,271,334
,,,031,,,271,334
,,,031,,,271,334
,,,031,,,271,334
,,,031,,,271,334
,,,031,,,271,334
,,,031,,,271,334
,,,031,,,271,334
,,,031,,,271,334
,,,031,,,271,334
,,,031,,,271,334
,,,031,,,271,334
,,,031,,,271,334
,,,031,,,271,334
,,,031,,,271,334
,,,031,,,271,334
,,,031,,,271,334
,,,031,,,271,334
,,,031,,,271,334
,,,031,,,271,334
,,,031,,,271,334
,,,031,,,271,334
,,,031,,,271,334
,,,031,,,271,334
,,,032,,,271,334
,,,032,,,271,334
,,,032,,,271,334
,,,032,,,271,334
,,,032,,,271,334
,,,032,,,271,334
,,,032,,,271,334
,,,032,,,271,334
,,,032,,,271,334
,,,032,,,271,334
,,,032,,,271,334
,,,032,,,271,334
,,,032,,,271,334
,,,032,,,271,334
,,,032,,,271,334
,,,032,,,271,334
,,,032,,,271,334
,,,032,,,271,334
,,,032,,,271,334
,,,032,,,271,334
,,,033,,,271,334
,,,033,,,272,334
,,,033,,,272,334
,,,033,,,272,334
,,,033,,,272,334
,,,033,,,272,334
,,,033,,,272,334
,,,033,,,272,334
,,,033,,,272,334
,,,033,,,272,334
,,,033,,,272,334
,,,033,,,272,334
,,,033,,,272,334
,,,033,,,272,334
,,,033,,,272,334
,,,033,,,272,334
,,,033,,,272,334
,,,033,,,272,334
,,,033,,,272,334
,,,033,,,272,334
,,,033,,,272,334
,,,033,,,272,334
,,,033,,,272,334
,,,033,,,272,334
,,,033,,,272,334
,,,033,,,272,334
,,,033,,,272,334
,,,033,,,273,334
,,,033,,,273,334
,,,033,,,273,335
,,,033,,,273,335
,,,033,,,273,335
,,,033,,,273,335
,,,033,,,273,335
,,,033,,,273,335
,,,033,,,273,335
,,,033,,,273,335
,,,033,,,273,335
,,,033,,,273,335
,,,033,,,273,335
,,,033,,,273,335
,,,033,,,273,335
,,,034,,,273,335
,,,034,,,273,335
,,,034,,,273,335
,,,034,,,273,335
,,,034,,,273,335
,,,034,,,273,335
,,,034,,,273,335
,,,034,,,273,335
,,,034,,,273,335
,,,034,,,273,335
,,,034,,,273,335
,,,034,,,273,335
,,,034,,,273,335
,,,034,,,273,335
,,,034,,,273,335
,,,034,,,273,335
,,,034,,,273,335
,,,034,,,273,335
,,,034,,,273,335
,,,034,,,273,335
,,,034,,,273,335
,,,034,,,273,335
,,,034,,,273,335
,,,034,,,273,335
,,,034,,,273,335
,,,034,,,273,335
,,,034,,,273,335
,,,034,,,273,335
,,,034,,,273,335
,,,034,,,274,335
,,,034,,,274,335
,,,034,,,274,335
,,,034,,,274,335
,,,034,,,274,335
,,,034,,,274,335
,,,034,,,274,335
,,,035,,,274,335
,,,035,,,274,335
,,,035,,,274,335
,,,035,,,274,335
,,,035,,,274,335
,,,035,,,274,336
,,,035,,,274,336
,,,035,,,274,336
,,,035,,,274,336
,,,035,,,274,336
,,,035,,,274,336
,,,035,,,274,336
,,,035,,,274,336
,,,035,,,274,336
,,,035,,,274,336
,,,035,,,274,336
,,,035,,,274,336
,,,035,,,274,336
,,,035,,,274,336
,,,035,,,274,336
,,,035,,,274,336
,,,035,,,274,336
,,,035,,,274,336
,,,035,,,274,336
,,,035,,,274,336
,,,035,,,274,336
,,,035,,,274,336
,,,035,,,274,336
,,,035,,,274,336
,,,036,,,275,336
,,,036,,,275,337
,,,036,,,275,337
,,,054,,,275,337
,,,054,,,275,337
,,,054,,,275,337
,,,054,,,275,337
,,,054,,,275,337
,,,054,,,275,337
,,,054,,,275,337
,,,054,,,275,337
,,,054,,,275,337
,,,054,,,275,337
,,,054,,,275,337
,,,054,,,275,337
,,,054,,,275,337
,,,054,,,275,337
,,,341,,,275,337
,,,341,,,275,337
,,,341,,,275,337
,,,357,,,275,337
,,,357,,,275,337
,,,357,,,275,337
,,,358,,,275,337
,,,358,,,275,337
,,,358,,,275,337
,,,358,,,275,337
,,,360,,,275,338
,,,360,,,275,338
,,,360,,,275,338
,,,360,,,275,338
,,,360,,,275,338
,,,360,,,275,338
,,,360,,,275,338
,,,360,,,275,338
,,,360,,,275,338
,,,363,,,275,338
,,,363,,,275,338
,,,363,,,275,338
,,,364,,,275,338
,,,364,,,275,338
,,,364,,,275,338
,,,364,,,275,338
,,,364,,,275,338
,,,365,,,275,338
,,,365,,,275,338
,,,365,,,275,338
,,,365,,,275,338
,,,365,,,275,338
,,,365,,,275,338
,,,365,,,275,338
,,,365,,,275,338
,,,365,,,275,338
,,,365,,,275,338
,,,365,,,275,338
,,,365,,,275,338
,,,365,,,275,338
,,,365,,,275,338
,,,365,,,275,338
,,,365,,,275,338
,,,365,,,275,338
,,,365,,,275,338
,,,365,,,275,338
,,,365,,,275,338
,,,365,,,277,338
,,,365,,,277,338
,,,365,,,277,338
,,,365,,,277,338
,,,365,,,277,338
,,,365,,,277,338
,,,365,,,277,338
,,,365,,,277,338
,,,365,,,277,338
,,,365,,,277,338
,,,365,,,277,338
,,,365,,,277,338
,,,365,,,277,338
,,,365,,,277,339
,,,365,,,277,339
,,,365,,,277,339
,,,365,,,277,339
,,,365,,,277,339
,,,365,,,277,339
,,,,,,277,339
,,,,,,277,339
,,,,,,277,339
,,,,,,277,339
,,,,,,277,339
,,,,,,277,339
,,,,,,277,339
,,,,,,277,339
,,,,,,277,339
,,,,,,277,339
,,,,,,277,339
,,,,,,277,339
,,,,,,277,339
,,,,,,277,339
,,,,,,277,339
,,,,,,277,339
,,,,,,277,339
,,,,,,277,339
,,,,,,277,339
,,,,,,277,339
,,,,,,277,339
,,,,,,277,339
,,,,,,277,339
,,,,,,277,339
,,,,,,277,339
,,,,,,277,339
,,,,,,277,339
,,,,,,278,340
,,,,,,278,340
,,,,,,278,340
,,,,,,278,340
,,,,,,278,340
,,,,,,278,340
,,,,,,278,340
,,,,,,278,340
,,,,,,278,340
,,,,,,278,340
,,,,,,278,340
,,,,,,278,340
,,,,,,278,340
,,,,,,278,340
,,,,,,278,340
,,,,,,278,340
,,,,,,278,340
,,,,,,278,340
,,,,,,278,340
,,,,,,278,340
,,,,,,278,340
,,,,,,278,340
,,,,,,278,340
,,,,,,278,340
,,,,,,278,340
,,,,,,278,340
,,,,,,278,340
,,,,,,278,340
,,,,,,278,340
,,,,,,278,340
,,,,,,278,340
,,,,,,278,340
,,,,,,279,340
,,,,,,279,340
,,,,,,279,340
,,,,,,279,340
,,,,,,279,340
,,,,,,279,340
,,,,,,279,340
,,,,,,279,340
,,,,,,279,340
,,,,,,279,340
,,,,,,279,340
,,,,,,279,340
,,,,,,279,340
,,,,,,279,340
,,,,,,279,340
,,,,,,279,340
,,,,,,279,340
,,,,,,279,340
,,,,,,279,340
,,,,,,279,340
,,,,,,279,340
,,,,,,279,340
,,,,,,279,340
,,,,,,279,340
,,,,,,279,340
,,,,,,279,340
,,,,,,279,340
,,,,,,279,340
,,,,,,279,340
,,,,,,279,340
,,,,,,279,340
,,,,,,279,340
,,,,,,279,340
,,,,,,279,340
,,,,,,279,340
,,,,,,279,340
,,,,,,279,340
,,,,,,279,340
,,,,,,279,340
,,,,,,279,340
,,,,,,279,340
,,,,,,279,340
,,,,,,279,340
,,,,,,279,340
,,,,,,279,340
,,,,,,279,340
,,,,,,279,340
,,,,,,279,340
,,,,,,279,340
,,,,,,279,340
,,,,,,279,340
,,,,,,280,340
,,,,,,280,340
,,,,,,280,340
,,,,,,280,340
,,,,,,280,340
,,,,,,280,340
,,,,,,280,340
,,,,,,280,340
,,,,,,280,340
,,,,,,280,340
,,,,,,280,340
,,,,,,280,340
,,,,,,280,341
,,,,,,280,341
,,,,,,280,341
,,,,,,280,341
,,,,,,280,341
,,,,,,280,341
,,,,,,280,341
,,,,,,280,341
,,,,,,280,341
,,,,,,281,341
,,,,,,281,341
,,,,,,281,341
,,,,,,281,341
,,,,,,281,341
,,,,,,281,341
,,,,,,281,341
,,,,,,281,341
,,,,,,281,341
,,,,,,281,341
,,,,,,281,341
,,,,,,281,341
,,,,,,281,341
,,,,,,281,341
,,,,,,281,341
,,,,,,281,341
,,,,,,281,341
,,,,,,281,341
,,,,,,281,341
,,,,,,281,341
,,,,,,281,341
,,,,,,281,341
,,,,,,281,341
,,,,,,281,341
,,,,,,281,341
,,,,,,281,341
,,,,,,281,341
,,,,,,281,341
,,,,,,281,341
,,,,,,281,341
,,,,,,281,341
,,,,,,281,341
,,,,,,281,341
,,,,,,281,341
,,,,,,281,341
,,,,,,281,341
,,,,,,281,341
,,,,,,281,341
,,,,,,281,342
,,,,,,281,342
,,,,,,281,342
,,,,,,281,342
,,,,,,281,342
,,,,,,281,342
,,,,,,281,342
,,,,,,282,342
,,,,,,282,342
,,,,,,282,342
,,,,,,282,342
,,,,,,282,342
,,,,,,282,342
,,,,,,282,342
,,,,,,282,342
,,,,,,282,342
,,,,,,282,342
,,,,,,282,342
,,,,,,282,342
,,,,,,282,342
,,,,,,282,342
,,,,,,283,342
,,,,,,283,342
,,,,,,283,342
,,,,,,283,342
,,,,,,283,342
,,,,,,283,342
,,,,,,283,342
,,,,,,283,342
,,,,,,283,342
,,,,,,283,342
,,,,,,283,342
,,,,,,283,342
,,,,,,283,342
,,,,,,283,342
,,,,,,283,342
,,,,,,283,342
,,,,,,283,342
,,,,,,283,342
,,,,,,283,342
,,,,,,283,342
,,,,,,283,342
,,,,,,283,342
,,,,,,283,342
,,,,,,283,343
,,,,,,283,343
,,,,,,283,343
,,,,,,283,343
,,,,,,283,343
,,,,,,283,343
,,,,,,283,343
,,,,,,283,343
,,,,,,283,344
,,,,,,283,344
,,,,,,283,344
,,,,,,283,344
,,,,,,283,344
,,,,,,283,344
,,,,,,283,344
,,,,,,283,344
,,,,,,283,344
,,,,,,283,344
,,,,,,283,344
,,,,,,283,344
,,,,,,283,344
,,,,,,283,344
,,,,,,283,344
,,,,,,283,344
,,,,,,283,344
,,,,,,283,344
,,,,,,283,344
,,,,,,283,344
,,,,,,283,344
,,,,,,283,344
,,,,,,283,344
,,,,,,283,344
,,,,,,283,344
,,,,,,283,344
,,,,,,283,344
,,,,,,283,344
,,,,,,283,344
,,,,,,283,344
,,,,,,283,344
,,,,,,283,345
,,,,,,283,346
,,,,,,283,346
,,,,,,283,346
,,,,,,283,346
,,,,,,283,346
,,,,,,283,346
,,,,,,283,346
,,,,,,283,346
,,,,,,283,346
,,,,,,283,346
,,,,,,283,346
,,,,,,283,346
,,,,,,283,346
,,,,,,283,346
,,,,,,283,346
,,,,,,283,346
,,,,,,283,346
,,,,,,283,346
,,,,,,283,346
,,,,,,283,346
,,,,,,283,346
,,,,,,283,346
,,,,,,283,346
,,,,,,283,346
,,,,,,283,346
,,,,,,283,346
,,,,,,283,346
,,,,,,283,346
,,,,,,283,346
,,,,,,283,346
,,,,,,283,346
,,,,,,283,346
,,,,,,283,346
,,,,,,283,346
,,,,,,283,346
,,,,,,283,346
,,,,,,283,346
,,,,,,283,346
,,,,,,284,346
,,,,,,284,346
,,,,,,284,346
,,,,,,284,346
,,,,,,284,346
,,,,,,284,346
,,,,,,284,346
,,,,,,284,346
,,,,,,284,346
,,,,,,284,347
,,,,,,284,347
,,,,,,284,347
,,,,,,284,347
,,,,,,284,347
,,,,,,284,347
,,,,,,284,347
,,,,,,284,348
,,,,,,284,348
,,,,,,284,348
,,,,,,284,348
,,,,,,284,348
,,,,,,284,348
,,,,,,284,348
,,,,,,284,348
,,,,,,284,348
,,,,,,284,348
,,,,,,284,348
,,,,,,284,348
,,,,,,284,349
,,,,,,284,349
,,,,,,284,349
,,,,,,284,349
,,,,,,285,349
,,,,,,285,349
,,,,,,285,349
,,,,,,285,349
,,,,,,285,349
,,,,,,285,349
,,,,,,285,349
,,,,,,285,349
,,,,,,285,349
,,,,,,285,349
,,,,,,285,349
,,,,,,285,349
,,,,,,285,349
,,,,,,285,349
,,,,,,285,350
,,,,,,285,350
,,,,,,285,350
,,,,,,285,350
,,,,,,285,350
,,,,,,285,350
,,,,,,285,350
,,,,,,285,350
,,,,,,285,350
,,,,,,285,350
,,,,,,285,350
,,,,,,285,350
,,,,,,285,350
,,,,,,285,350
,,,,,,285,350
,,,,,,285,350
,,,,,,285,350
,,,,,,285,350
,,,,,,285,350
,,,,,,285,350
,,,,,,285,350
,,,,,,285,350
,,,,,,285,350
,,,,,,285,350
,,,,,,285,350
,,,,,,285,350
,,,,,,285,350
,,,,,,285,350
,,,,,,285,350
,,,,,,285,350
,,,,,,285,350
,,,,,,285,350
,,,,,,285,350
,,,,,,285,350
,,,,,,285,350
,,,,,,285,351
,,,,,,285,351
,,,,,,285,351
,,,,,,285,351
,,,,,,285,351
,,,,,,285,351
,,,,,,285,351
,,,,,,285,351
,,,,,,285,351
,,,,,,285,351
,,,,,,285,351
,,,,,,285,351
,,,,,,285,351
,,,,,,285,351
,,,,,,285,351
,,,,,,285,351
,,,,,,285,351
,,,,,,285,351
,,,,,,285,351
,,,,,,285,351
,,,,,,285,351
,,,,,,285,351
,,,,,,285,351
,,,,,,285,351
,,,,,,285,351
,,,,,,286,351
,,,,,,286,351
,,,,,,286,351
,,,,,,286,351
,,,,,,286,351
,,,,,,286,351
,,,,,,286,351
,,,,,,286,351
,,,,,,286,351
,,,,,,287,351
,,,,,,287,351
,,,,,,287,351
,,,,,,287,351
,,,,,,287,351
,,,,,,287,351
,,,,,,287,351
,,,,,,287,351
,,,,,,287,351
,,,,,,287,351
,,,,,,287,351
,,,,,,287,351
,,,,,,287,353
,,,,,,287,353
,,,,,,287,353
,,,,,,287,353
,,,,,,287,354
,,,,,,287,354
,,,,,,287,354
,,,,,,287,354
,,,,,,288,354
,,,,,,288,354
,,,,,,288,354
,,,,,,288,354
,,,,,,288,354
,,,,,,288,354
,,,,,,288,354
,,,,,,288,354
,,,,,,288,354
,,,,,,290,354
,,,,,,290,354
,,,,,,290,354
,,,,,,290,354
,,,,,,290,354
,,,,,,290,354
,,,,,,290,354
,,,,,,290,354
,,,,,,290,354
,,,,,,290,354
,,,,,,290,354
,,,,,,290,354
,,,,,,290,354
,,,,,,290,354
,,,,,,290,355
,,,,,,290,355
,,,,,,290,356
,,,,,,290,356
,,,,,,290,356
,,,,,,290,356
,,,,,,290,356
,,,,,,290,356
,,,,,,290,356
,,,,,,290,356
,,,,,,290,356
,,,,,,290,356
,,,,,,290,362
,,,,,,290,362
,,,,,,290,362
,,,,,,290,362
,,,,,,290,362
,,,,,,290,362
,,,,,,290,362
,,,,,,290,362
,,,,,,290,362
,,,,,,290,362
,,,,,,290,362
,,,,,,290,362
,,,,,,290,362
,,,,,,290,362
,,,,,,290,362
,,,,,,290,362
,,,,,,290,362
,,,,,,290,362
,,,,,,290,362
,,,,,,290,362
,,,,,,290,362
,,,,,,290,362
,,,,,,290,362
,,,,,,290,362
,,,,,,290,362
,,,,,,290,362
,,,,,,290,362
,,,,,,290,362
,,,,,,290,362
,,,,,,290,363
,,,,,,291,363
,,,,,,291,363
,,,,,,291,363
,,,,,,291,363
,,,,,,291,363
,,,,,,291,363
,,,,,,291,363
,,,,,,291,363
,,,,,,292,365
,,,,,,292,
,,,,,,292,
,,,,,,292,
,,,,,,292,
,,,,,,293,
,,,,,,293,
,,,,,,293,
,,,,,,293,
,,,,,,293,
,,,,,,293,
,,,,,,293,
,,,,,,294,
,,,,,,294,
,,,,,,294,
,,,,,,294,
,,,,,,294,
,,,,,,294,
,,,,,,294,
,,,,,,294,
,,,,,,294,
,,,,,,294,
,,,,,,295,
,,,,,,297,
,,,,,,297,
,,,,,,297,
,,,,,,297,
,,,,,,298,
,,,,,,298,
,,,,,,298,
,,,,,,298,
,,,,,,298,
,,,,,,298,
,,,,,,298,
,,,,,,298,
,,,,,,298,
,,,,,,298,
,,,,,,298,
,,,,,,298,
,,,,,,298,
,,,,,,298,
,,,,,,298,
,,,,,,298,
,,,,,,298,
,,,,,,298,
,,,,,,298,
,,,,,,298,
,,,,,,298,
,,,,,,298,
,,,,,,298,
,,,,,,298,
,,,,,,298,
,,,,,,298,
,,,,,,298,
,,,,,,298,
,,,,,,298,
,,,,,,298,
,,,,,,298,
,,,,,,298,
,,,,,,298,
,,,,,,298,
,,,,,,298,
,,,,,,298,
,,,,,,298,
,,,,,,298,
,,,,,,298,
,,,,,,298,
,,,,,,298,
,,,,,,298,
,,,,,,298,
,,,,,,298,
,,,,,,298,
,,,,,,299,
,,,,,,299,
,,,,,,299,
,,,,,,299,
,,,,,,299,
,,,,,,299,
,,,,,,300,
,,,,,,300,
,,,,,,300,
,,,,,,300,
,,,,,,300,
,,,,,,300,
,,,,,,300,
,,,,,,300,
,,,,,,300,
,,,,,,300,
,,,,,,300,
,,,,,,300,
,,,,,,300,
,,,,,,300,
,,,,,,300,
,,,,,,300,
,,,,,,300,
,,,,,,300,
,,,,,,300,
,,,,,,300,
,,,,,,300,
,,,,,,300,
,,,,,,300,
,,,,,,300,
