Wild Fall Chinook,Hatchery Fall Chinook,Wild Winter Steelhead,Wild Winter-Late Steelhead,Hatchery Summer Steelhead,Hatchery Winter Steelhead,Wild Coho,Hatchery Coho,Wild Chum
205,243,006,042,002,002,259,255,002
205,246,006,042,002,002,259,259,002
218,246,006,042,005,002,259,259,002
247,250,006,042,005,002,259,259,002
247,251,006,042,005,002,259,259,002
252,251,006,042,005,002,259,259,002
252,252,006,045,005,002,259,259,002
252,252,006,045,005,002,259,259,002
252,252,006,045,005,002,259,259,002
252,252,010,045,013,002,263,259,002
252,252,010,045,013,002,263,259,002
252,252,010,045,013,002,263,259,002
252,252,010,045,013,002,263,259,002
252,252,010,045,013,002,263,259,002
252,252,010,045,013,002,263,259,003
252,252,010,045,013,002,263,259,003
252,252,028,045,013,002,263,263,003
252,252,028,045,013,002,263,263,003
252,252,028,045,013,002,263,263,003
252,252,031,045,027,002,263,263,003
252,252,031,048,027,002,263,263,003
252,252,031,048,027,002,263,263,003
252,252,031,048,027,002,263,263,003
252,252,031,048,027,002,263,263,003
252,252,031,048,027,002,263,269,003
252,252,031,048,027,002,263,269,003
252,252,031,048,027,002,263,269,003
252,252,031,048,028,002,263,269,003
252,252,031,048,028,002,263,269,003
254,252,031,048,029,002,263,269,003
254,252,031,048,042,002,263,269,003
254,252,031,048,136,002,263,270,003
254,252,031,048,136,002,263,270,003
254,252,031,048,137,002,263,270,003
254,252,031,048,138,002,263,270,003
254,252,031,048,148,002,263,272,003
254,252,031,048,149,002,263,272,003
254,252,031,049,150,003,263,272,003
255,252,031,049,150,003,263,272,003
255,252,031,049,151,003,263,272,003
255,252,031,049,151,003,263,272,003
255,252,031,049,152,003,263,272,003
255,252,031,049,152,003,263,272,003
255,252,031,049,152,003,263,272,003
255,252,031,049,152,003,263,272,003
255,252,031,049,155,003,263,272,003
255,252,031,051,155,003,263,272,003
255,252,031,051,155,003,263,272,003
255,252,031,051,156,003,263,272,003
255,252,031,051,157,003,263,272,003
255,253,031,051,157,003,263,272,003
255,254,031,051,157,003,263,272,003
255,254,031,051,158,003,263,272,003
255,254,031,051,159,003,263,272,003
255,254,031,051,161,003,263,272,003
255,254,031,051,161,003,263,272,003
256,254,031,051,162,003,263,272,003
256,255,031,051,163,003,263,272,003
256,255,031,051,163,003,263,272,003
256,255,031,051,163,003,263,272,003
256,255,031,051,163,003,263,272,003
256,255,031,051,163,003,263,272,003
256,255,031,051,163,003,263,272,003
256,255,031,051,163,003,263,272,003
256,256,031,051,163,003,263,272,003
256,256,031,051,163,003,263,272,003
256,256,031,051,163,003,263,272,003
256,256,031,051,163,003,263,272,003
256,256,031,051,164,003,263,273,003
256,257,031,051,164,003,263,273,003
256,257,031,051,164,003,263,273,003
256,258,031,051,164,003,263,273,003
256,258,031,051,165,003,263,273,003
256,258,031,052,165,004,263,273,003
256,258,031,052,166,004,263,273,003
256,258,031,052,167,004,263,273,003
257,258,031,052,168,004,263,273,003
257,258,031,052,168,004,263,273,003
257,258,031,052,168,004,263,273,003
257,258,031,052,168,004,263,273,003
257,258,031,052,168,004,263,273,003
257,258,031,052,168,004,263,273,003
257,258,031,052,168,004,263,273,003
257,258,031,052,168,004,263,273,003
257,258,031,052,168,004,263,273,003
257,258,031,055,169,004,263,273,003
257,258,040,055,169,004,263,273,003
257,258,040,055,169,004,263,273,003
257,258,040,055,170,004,263,273,003
257,258,040,055,171,004,263,273,003
257,258,040,055,171,004,263,273,003
257,258,040,055,171,004,263,273,005
257,258,040,055,171,004,263,273,005
257,258,040,055,171,004,263,273,005
257,258,040,055,171,004,263,273,005
257,258,040,055,171,004,263,274,005
257,258,045,055,171,004,263,274,005
257,258,045,055,171,004,263,274,005
258,258,045,055,172,004,263,275,005
258,258,046,055,172,004,263,275,005
258,258,046,055,172,004,263,275,005
258,258,046,055,172,004,263,275,005
258,258,046,055,173,004,263,275,006
258,258,046,055,175,004,263,275,006
258,258,046,055,175,004,263,275,006
258,258,046,055,175,004,263,275,006
258,258,046,055,175,004,263,275,006
258,258,046,055,175,004,263,275,006
258,258,046,055,175,004,263,275,006
258,258,046,055,175,004,272,275,006
258,259,046,055,175,004,272,275,006
258,259,046,055,175,004,273,275,007
258,259,046,055,175,004,273,275,007
258,259,046,055,175,004,273,275,007
258,259,046,055,176,004,273,275,008
258,259,046,055,176,004,273,275,008
258,259,046,055,176,005,273,275,008
258,259,046,056,177,005,273,276,008
258,259,047,056,177,005,273,276,008
258,259,047,056,177,005,273,276,008
258,259,047,056,177,005,273,276,008
258,259,047,056,178,005,273,276,008
258,259,047,056,178,005,274,276,008
258,259,047,056,178,005,274,276,008
258,259,047,056,178,005,275,276,012
258,259,047,056,178,005,275,276,012
258,259,047,056,178,005,275,276,012
258,259,047,056,178,005,275,276,012
258,259,047,056,178,005,275,276,012
258,259,047,056,178,005,275,276,017
258,259,047,056,178,005,275,276,017
258,259,047,056,178,005,275,276,017
258,259,047,056,178,005,275,276,017
258,259,047,056,178,005,275,276,017
258,259,047,056,178,005,275,276,017
258,259,047,056,178,005,275,276,017
258,259,047,056,178,005,275,276,017
258,259,047,056,178,005,275,276,017
258,259,047,056,178,005,275,277,017
258,259,047,056,178,005,276,277,017
258,259,048,057,178,005,276,277,017
258,259,048,057,178,005,277,277,017
258,259,048,057,178,005,277,277,017
258,259,049,057,178,005,277,277,017
258,259,049,057,179,005,277,277,017
258,259,049,057,180,005,277,277,017
258,259,049,057,180,005,277,277,017
258,259,049,057,180,005,277,277,017
258,259,049,058,180,005,277,277,017
258,259,049,058,181,005,277,277,017
258,259,049,058,182,005,277,277,017
258,259,049,058,182,005,277,277,017
258,259,049,058,182,005,277,277,305
258,259,049,058,182,005,277,277,305
258,259,049,058,182,005,277,277,305
258,259,049,058,183,005,277,277,305
258,259,049,058,183,005,277,277,305
258,259,049,058,183,005,277,277,305
258,259,049,058,183,005,277,277,305
258,259,049,058,183,005,277,277,305
258,259,049,058,183,005,277,277,305
258,259,049,058,183,005,277,277,307
258,259,049,058,183,005,277,277,307
258,259,049,058,183,005,277,277,307
258,259,049,058,183,005,277,277,307
258,259,049,058,183,005,277,277,307
258,259,051,058,183,005,277,277,307
258,259,051,058,184,006,277,279,307
258,259,051,058,184,006,277,279,307
258,259,051,058,184,006,277,279,307
258,259,051,058,184,006,277,279,310
258,260,051,058,184,006,277,279,310
258,260,051,058,184,006,277,279,310
258,260,051,058,184,006,277,279,310
258,260,051,058,184,006,277,279,310
258,260,051,058,184,006,277,279,310
258,260,051,058,184,006,277,279,310
258,260,051,058,184,006,277,279,310
258,260,051,058,184,006,277,279,310
258,260,051,058,184,006,277,279,310
258,260,051,058,184,006,277,279,310
259,260,051,058,184,006,277,280,310
259,260,051,058,184,006,277,280,310
259,260,051,058,184,007,277,280,310
259,260,051,058,184,007,277,280,310
259,261,051,058,184,007,277,280,311
259,261,051,058,184,007,277,280,311
259,261,051,058,184,007,277,280,311
259,261,051,058,184,007,277,280,311
259,261,051,058,184,008,277,280,311
259,261,051,058,184,008,277,280,311
259,261,051,058,184,008,277,282,311
259,261,052,058,184,008,277,282,312
259,261,052,058,184,008,277,282,312
259,261,052,058,185,008,277,282,312
259,261,052,058,185,008,277,282,312
259,261,052,058,185,008,277,282,312
259,261,052,058,186,008,277,282,312
259,262,052,058,186,008,277,282,312
259,262,052,058,186,008,277,282,312
259,262,052,058,186,008,277,282,312
259,262,052,058,186,008,277,282,312
259,262,053,058,186,008,277,282,312
259,262,053,059,187,008,277,282,312
259,262,053,059,187,008,277,282,312
259,262,053,059,187,008,277,282,312
259,262,053,059,187,008,277,282,312
259,262,053,059,187,008,277,282,312
259,262,053,059,188,008,277,282,312
259,262,053,059,188,008,277,282,312
259,262,053,059,188,009,277,282,312
259,262,053,059,188,009,277,282,312
259,262,053,059,188,009,277,282,312
259,262,053,059,189,009,277,282,312
259,262,053,059,189,009,277,282,312
259,262,053,059,189,009,277,282,312
259,262,053,059,189,009,277,285,312
259,262,053,059,189,009,277,285,312
259,262,053,059,189,009,277,285,312
259,263,053,059,189,009,277,285,312
259,263,053,059,189,009,277,285,312
259,263,053,059,190,009,277,285,312
259,263,053,059,190,009,277,285,312
259,263,053,059,190,009,277,285,312
259,263,053,059,190,009,277,285,312
259,263,053,059,190,009,277,285,312
259,263,053,059,190,009,277,285,312
259,263,053,060,190,009,277,285,312
259,263,053,060,191,009,277,285,312
259,263,053,060,191,009,277,285,312
259,263,053,060,191,009,277,285,312
259,263,053,060,191,009,277,285,312
259,263,053,060,191,010,277,285,312
259,263,055,060,191,010,277,285,312
259,263,055,060,191,010,277,285,312
259,263,055,060,191,010,277,285,312
259,263,055,060,191,010,277,285,312
259,263,055,060,191,010,277,285,312
259,263,055,060,191,010,277,285,312
259,263,055,060,191,010,277,285,312
259,263,057,060,191,010,277,285,312
259,263,057,060,191,010,279,285,312
259,263,057,060,191,010,279,285,312
259,263,057,060,191,010,279,285,312
259,263,057,060,191,010,279,285,312
259,263,057,060,191,010,279,285,312
259,263,057,060,191,010,279,285,312
259,263,057,060,192,010,279,286,312
259,263,057,060,192,010,279,286,312
259,263,057,060,192,010,279,286,312
259,263,058,060,192,010,279,286,312
259,263,058,060,192,010,279,286,312
259,263,058,060,192,010,281,286,312
259,263,058,060,192,010,281,287,312
259,263,058,060,192,010,281,287,312
259,263,059,060,192,010,282,287,312
259,263,059,060,192,010,282,287,312
259,263,059,060,192,010,282,287,312
259,263,059,060,192,010,282,287,312
259,263,059,060,192,010,282,287,312
259,263,059,060,192,010,282,287,312
259,263,059,060,192,010,282,287,312
259,263,059,060,192,010,282,288,312
259,263,059,060,192,011,282,288,312
259,263,059,060,192,011,282,288,312
259,263,059,060,192,011,282,288,312
259,263,059,060,192,011,282,288,312
259,263,059,060,192,011,282,288,312
259,263,059,060,192,011,282,288,312
259,263,059,060,193,011,282,288,312
259,263,059,060,193,011,282,288,312
259,263,059,060,193,011,282,288,312
259,263,059,060,193,011,282,288,312
259,263,059,060,193,011,282,288,312
259,263,059,060,193,011,282,288,312
259,263,059,060,193,011,282,288,312
259,263,059,060,193,011,282,288,312
260,264,059,060,193,012,282,288,312
260,264,059,060,193,012,282,288,313
260,264,059,060,194,012,282,288,313
260,264,059,060,194,012,282,288,313
260,264,059,060,194,012,282,288,313
260,264,059,060,194,012,282,288,313
260,264,059,060,194,012,282,288,313
260,264,060,060,194,012,282,288,313
260,264,060,060,196,013,282,288,313
260,264,060,060,196,013,282,288,313
260,264,060,061,196,013,282,288,314
260,264,060,061,196,013,282,288,314
260,264,060,061,196,013,282,288,314
260,264,060,061,196,013,282,288,314
260,264,060,061,196,013,282,288,314
260,264,060,061,196,013,282,288,314
260,264,060,062,196,013,282,288,314
260,264,060,062,196,013,282,288,314
260,264,060,062,196,013,282,288,314
260,264,060,062,196,013,282,288,314
260,264,060,062,196,013,282,288,314
260,264,061,062,196,014,282,288,314
260,264,061,062,196,014,282,288,314
260,264,062,062,197,014,282,288,314
260,264,062,062,197,014,282,288,314
260,264,062,062,197,014,282,288,314
260,264,062,062,197,014,282,288,314
260,264,062,062,197,014,282,288,314
260,264,063,062,198,014,282,288,315
260,264,063,062,198,015,282,288,315
260,264,063,062,198,015,282,288,315
260,264,063,062,198,016,282,288,316
260,264,063,062,198,017,282,288,316
260,264,063,062,198,018,282,288,316
260,264,063,062,198,018,282,288,316
260,264,063,062,198,018,282,288,316
260,264,063,062,198,019,282,288,316
260,264,063,062,199,019,282,288,316
261,264,063,062,199,019,282,288,316
261,264,063,062,199,020,282,288,316
261,264,063,062,199,020,282,288,316
261,264,063,062,199,020,282,288,316
261,264,063,062,199,021,282,288,316
261,264,063,062,199,021,282,288,316
261,264,063,062,199,021,282,288,316
261,264,064,062,200,021,282,288,316
261,264,064,062,200,021,282,288,316
261,264,064,062,200,022,282,288,316
261,264,064,062,200,023,282,289,316
261,264,064,062,200,023,282,289,320
261,264,064,062,200,023,282,289,320
261,264,064,062,200,024,282,289,320
261,264,064,062,200,024,282,289,320
261,264,064,062,200,024,282,289,320
262,264,064,062,200,025,282,289,321
262,265,064,062,200,025,282,289,321
262,265,064,062,200,026,282,289,321
262,265,064,062,200,026,282,289,321
262,265,064,062,200,026,282,289,321
262,265,064,062,200,027,282,289,321
262,265,064,062,200,027,282,289,321
262,265,064,062,201,027,282,289,321
262,265,064,062,201,027,282,289,321
262,265,064,062,201,027,282,289,321
262,265,064,062,201,027,282,289,321
262,265,064,062,201,027,282,289,321
262,265,064,062,201,027,282,289,321
262,265,064,062,201,027,282,289,321
262,265,064,062,201,027,282,289,321
262,265,064,062,201,027,282,289,321
262,265,064,062,201,027,282,289,321
262,265,064,062,201,027,282,289,321
262,265,064,062,201,027,282,289,321
262,265,064,062,201,027,282,289,321
262,265,064,062,201,027,282,289,321
262,265,064,063,201,027,282,289,321
262,265,064,063,201,027,282,289,321
262,265,064,063,201,027,282,289,321
262,265,064,063,201,027,285,289,321
262,265,064,063,201,027,285,289,321
262,265,064,063,201,027,285,289,321
262,265,064,063,201,027,285,289,321
262,265,064,063,201,027,285,289,321
262,265,064,063,201,027,286,289,321
262,265,064,063,202,027,286,292,321
262,265,064,063,202,027,286,292,321
262,265,064,063,202,027,286,292,321
262,265,064,063,202,027,286,292,321
262,265,064,063,202,027,286,292,321
262,265,064,063,202,027,286,292,321
262,265,064,063,202,027,286,292,321
262,265,064,063,202,027,288,292,321
262,265,064,063,202,027,288,292,321
262,265,064,063,203,027,288,292,321
262,265,064,063,203,027,288,292,321
262,265,064,063,203,027,288,292,321
262,265,064,063,203,027,288,292,321
262,265,064,063,203,027,288,292,321
262,265,064,063,203,027,288,292,321
262,265,064,063,203,027,288,292,321
263,265,064,064,203,027,288,292,321
263,265,064,064,203,027,288,292,321
263,265,064,064,203,027,288,292,321
263,265,064,064,203,027,288,292,321
263,265,064,064,203,027,288,292,321
263,265,064,064,203,027,288,292,321
263,265,064,064,203,027,288,292,321
263,265,064,064,203,027,288,292,321
263,265,064,064,203,027,288,292,321
263,265,064,065,203,028,288,292,321
263,265,064,065,203,028,288,292,321
263,265,064,065,203,028,288,292,321
263,265,064,065,203,028,288,292,321
263,265,064,065,203,028,288,292,321
263,265,064,065,203,028,288,292,321
263,265,064,065,203,028,288,292,321
263,265,064,065,203,028,288,292,321
263,265,064,065,203,028,288,292,321
263,265,064,065,203,028,288,292,321
263,265,064,065,203,028,288,292,321
263,265,064,065,203,028,289,292,321
263,265,064,065,203,028,289,292,321
263,265,064,065,203,028,289,292,321
263,265,064,065,203,028,289,292,321
263,265,064,065,203,028,289,292,321
263,265,064,065,203,028,289,292,321
263,265,064,065,203,028,289,292,321
263,265,064,065,203,028,289,292,321
263,265,064,065,204,028,297,292,321
263,265,064,065,204,028,297,292,322
263,265,064,065,204,028,297,292,322
263,265,064,065,204,028,297,292,322
263,265,064,065,204,028,297,292,322
263,265,064,065,204,028,297,292,322
263,265,064,065,204,028,297,292,322
263,265,064,065,205,028,297,292,322
263,265,064,065,205,028,297,292,322
263,265,064,065,205,028,297,292,322
263,265,064,065,205,028,300,292,322
263,265,064,065,205,028,300,292,322
263,265,064,065,205,028,300,292,322
263,265,064,065,205,028,300,292,322
263,265,064,065,205,028,300,292,322
263,265,064,065,205,028,300,292,322
263,265,064,065,205,028,300,292,322
263,265,064,065,205,028,300,292,322
263,265,064,065,206,028,300,292,322
263,265,064,065,206,029,300,292,322
263,265,064,065,206,029,300,292,322
263,265,064,065,206,029,300,292,322
263,265,064,065,206,029,300,292,322
263,265,064,065,206,029,300,292,322
263,265,064,065,206,029,300,292,322
263,265,064,065,206,029,300,292,322
263,265,064,065,206,029,300,292,322
263,265,064,065,206,029,300,292,322
263,265,064,065,206,029,300,292,322
263,265,064,066,206,029,302,292,322
263,265,064,066,206,029,302,292,322
263,265,064,066,206,029,302,292,322
263,266,065,066,206,029,302,292,322
263,266,065,066,206,029,302,292,322
263,266,065,066,206,029,302,292,322
263,266,065,066,206,029,302,292,322
263,266,065,066,206,029,302,292,322
263,266,065,066,206,029,302,292,322
263,266,065,066,207,029,302,292,322
263,266,065,066,207,029,302,292,322
263,266,065,066,207,029,302,292,322
263,266,065,066,207,031,302,292,322
263,266,065,066,207,031,302,292,322
263,266,065,066,207,031,302,292,322
263,266,065,066,207,031,303,292,322
263,266,065,066,207,031,303,292,322
263,266,066,066,207,031,303,292,322
263,266,066,066,207,031,303,292,322
263,266,066,067,207,031,303,292,322
263,266,066,067,207,031,303,292,322
263,266,066,067,208,031,303,292,322
263,266,066,067,208,031,303,292,322
263,266,066,067,208,031,303,292,322
263,266,066,067,208,031,303,292,322
263,266,066,067,208,031,303,292,322
263,266,066,067,208,031,303,292,322
263,266,066,067,208,031,303,293,322
263,266,066,067,208,031,303,293,322
263,266,066,067,208,031,303,293,322
263,266,066,067,208,031,303,293,322
263,266,066,067,208,031,303,293,322
263,266,066,067,208,031,303,293,322
263,266,066,067,208,031,303,293,322
263,266,066,067,208,031,303,293,322
263,266,066,067,208,031,303,293,322
263,266,066,067,208,031,303,293,322
263,266,066,067,208,031,303,293,322
263,266,066,067,208,031,303,293,322
263,266,066,067,208,031,303,293,322
263,266,066,067,208,031,303,293,322
263,266,066,067,208,031,303,293,322
263,266,066,067,208,031,303,293,322
263,266,066,067,208,031,303,293,322
263,266,066,067,208,031,303,294,322
263,266,066,067,208,031,303,294,322
264,266,066,067,209,036,303,294,322
264,266,066,067,209,036,303,294,322
264,266,066,067,209,036,303,294,322
264,266,066,067,209,037,303,294,322
264,266,066,067,209,038,303,294,322
264,266,066,067,209,038,303,294,322
264,266,066,067,209,038,303,294,322
264,266,066,067,209,039,303,294,322
264,266,066,067,210,039,303,295,322
264,266,066,067,211,039,303,295,322
264,266,066,067,211,040,303,295,322
265,266,066,067,211,040,303,295,322
265,266,066,067,211,040,303,295,322
265,266,066,067,211,040,303,295,322
265,266,066,067,211,040,306,295,322
265,266,066,067,211,040,306,295,322
265,266,066,068,211,040,306,295,322
265,266,066,068,211,040,306,295,322
265,266,066,068,211,040,306,295,322
265,266,066,068,211,041,306,295,322
266,266,066,068,211,041,306,295,322
266,266,066,068,211,041,306,295,322
266,266,066,068,211,041,306,295,322
266,266,066,068,211,042,306,295,322
266,266,066,068,211,042,306,295,322
266,266,066,068,211,042,306,296,322
266,266,068,068,211,042,306,296,323
266,266,068,068,211,042,306,296,323
266,266,068,068,211,042,306,296,323
266,266,068,068,211,043,306,296,323
266,266,068,068,211,043,306,296,323
266,266,068,068,211,043,306,296,323
266,266,068,068,211,043,306,296,323
266,266,068,068,211,044,306,296,323
266,266,068,068,211,044,306,296,323
266,266,068,068,211,044,306,296,323
266,266,068,068,211,044,306,296,323
266,266,068,068,211,044,306,296,323
266,266,068,068,211,045,306,296,323
266,266,068,068,211,045,306,296,323
266,266,068,068,211,045,306,296,323
266,267,068,068,211,046,306,296,323
266,267,068,068,211,047,306,296,323
266,267,068,068,211,047,306,296,323
266,267,068,068,212,047,306,296,323
266,267,068,068,212,048,306,296,323
266,267,068,068,212,048,306,296,323
266,267,068,068,213,048,306,296,323
266,267,068,068,213,048,307,296,323
266,267,068,068,213,049,307,296,323
266,267,068,068,213,049,307,296,323
266,267,068,068,213,049,307,296,323
266,267,068,068,215,049,307,296,324
266,267,068,068,215,055,307,296,324
266,267,068,068,215,055,307,296,324
266,267,068,068,216,055,307,296,324
266,267,068,068,216,055,307,296,324
266,267,068,068,217,056,307,296,324
266,267,068,068,217,057,307,296,324
266,267,068,068,217,059,307,296,324
266,267,068,068,217,059,307,296,324
266,267,068,068,217,059,307,296,324
266,267,068,068,217,072,307,296,324
266,267,068,068,217,072,307,300,324
266,267,068,068,217,305,307,300,324
266,267,068,068,217,305,307,300,324
266,267,070,068,217,305,307,300,324
266,267,070,068,217,305,307,300,324
266,267,070,068,217,305,307,300,324
266,267,070,068,217,305,307,300,324
266,267,070,068,218,305,307,300,324
266,267,070,068,218,305,307,300,324
266,267,070,068,218,305,307,300,324
266,267,070,068,218,305,308,300,324
266,267,070,068,218,305,308,300,324
266,267,070,068,218,305,308,300,324
266,267,070,068,218,308,308,300,324
266,267,070,068,218,308,308,300,324
266,267,070,068,218,308,308,300,324
266,267,070,068,218,308,308,300,324
266,267,070,068,218,308,308,300,324
266,267,070,068,218,308,308,300,324
266,267,070,068,218,308,308,300,324
266,267,070,068,218,308,308,300,324
266,267,070,068,218,308,308,300,324
266,267,070,068,218,308,308,300,324
266,267,070,068,218,308,308,300,324
266,267,070,068,218,308,308,300,325
266,267,070,068,218,308,308,300,325
266,267,070,068,218,308,308,300,325
266,267,070,068,218,308,308,300,325
266,267,070,068,218,308,308,300,325
266,267,070,068,218,308,308,300,325
266,267,070,068,218,308,308,302,325
266,267,070,068,218,308,308,302,325
266,267,070,068,218,308,308,302,325
266,267,070,068,218,308,308,302,325
266,267,070,068,218,308,308,302,325
266,267,070,068,218,308,308,302,325
266,267,070,068,218,308,308,302,325
266,267,070,068,218,308,308,303,325
266,267,070,068,218,308,308,303,325
266,267,070,068,218,308,308,303,325
266,267,070,068,218,308,308,303,325
266,267,070,068,218,308,308,303,325
266,267,070,068,218,308,308,303,325
266,267,070,068,218,308,308,303,325
266,267,070,068,218,308,308,303,325
266,267,070,068,218,308,308,303,325
266,267,070,068,218,308,308,303,325
266,267,070,068,218,308,308,303,325
266,267,070,068,218,308,308,303,325
266,267,070,068,218,308,308,303,325
266,267,070,068,218,308,308,303,325
266,267,070,068,218,308,308,303,325
266,267,070,068,218,308,308,303,325
266,267,070,068,218,308,308,303,325
266,267,070,068,218,308,308,303,325
266,267,070,068,218,308,308,303,325
266,267,070,068,218,308,308,303,325
266,267,070,068,218,308,308,303,325
266,267,070,068,218,308,308,303,325
266,267,070,068,218,308,308,303,325
266,267,073,068,218,308,308,303,325
266,267,073,068,218,308,308,303,325
266,267,073,069,218,308,308,303,325
266,267,074,069,218,308,308,303,325
266,267,074,069,218,308,308,303,325
266,267,074,069,218,308,308,303,325
266,267,076,069,218,308,308,303,325
266,267,076,069,218,308,308,303,325
266,267,076,069,218,308,308,303,325
266,267,076,069,218,308,308,303,325
266,267,076,069,218,308,308,303,325
267,267,076,069,218,308,308,303,325
267,267,076,069,218,308,308,303,325
267,267,076,069,218,308,308,303,326
267,267,076,069,218,308,308,303,326
267,267,076,069,218,308,308,303,326
267,267,076,069,218,308,308,303,326
267,267,076,069,218,308,308,303,326
267,267,076,069,219,308,308,303,326
267,267,080,069,221,308,308,303,326
267,267,080,069,222,308,308,303,326
267,267,080,069,222,308,308,303,326
267,267,080,069,223,308,308,303,326
267,267,080,069,223,308,308,304,326
267,267,080,069,223,308,308,304,327
267,267,080,069,223,308,308,304,327
267,267,080,069,223,308,308,304,327
267,267,080,069,223,308,308,304,327
267,267,080,069,223,308,308,304,327
267,267,080,069,223,308,308,304,327
267,267,080,069,223,308,308,304,327
267,267,080,069,223,308,308,304,327
267,267,080,069,223,308,308,304,327
267,267,080,069,223,308,308,304,327
267,267,080,069,223,308,308,304,327
267,267,080,069,223,308,308,304,328
267,267,081,069,224,308,308,304,328
267,267,081,069,224,308,308,304,328
267,267,081,069,224,308,308,304,328
267,267,081,069,224,308,308,304,328
267,267,081,069,224,308,308,304,328
267,267,081,069,224,308,308,304,328
267,267,081,069,224,308,308,304,328
267,267,081,069,224,308,308,304,328
267,267,081,069,224,308,308,304,328
267,267,081,069,224,308,308,304,328
267,267,081,069,224,308,308,304,328
267,267,082,069,224,308,308,304,328
267,268,082,069,224,308,308,304,328
267,268,082,069,224,308,308,304,328
267,268,083,069,224,308,310,304,328
267,268,083,069,224,308,310,304,328
267,268,083,069,224,308,310,304,329
267,268,083,069,224,323,310,304,329
267,268,083,069,224,324,310,304,329
267,268,083,069,224,325,310,304,329
267,268,083,069,224,325,310,304,329
267,268,083,069,224,325,310,304,329
267,268,083,070,224,328,310,304,329
267,268,083,070,224,328,310,304,329
267,268,083,070,224,329,310,304,329
267,268,083,070,224,329,310,304,329
267,268,083,070,224,330,310,304,329
267,268,083,070,224,330,310,304,329
267,268,083,070,224,330,310,304,329
268,268,084,070,224,331,310,304,329
268,268,084,070,224,332,310,304,329
268,268,084,070,224,332,310,304,329
268,268,084,070,224,333,310,304,329
268,268,086,070,224,333,310,304,329
268,268,086,070,224,333,310,304,330
268,268,087,070,224,334,310,304,331
268,268,087,070,224,334,310,304,331
268,268,087,070,224,334,310,304,331
268,268,089,070,224,334,310,304,332
268,268,089,070,224,334,310,304,332
268,268,089,070,224,334,310,304,332
268,268,089,070,224,334,310,304,333
268,268,090,070,224,334,310,304,333
268,268,090,070,224,334,310,304,333
268,268,090,070,224,334,310,304,333
268,268,090,070,224,334,310,304,333
268,268,090,070,224,334,310,304,333
268,268,090,070,224,334,310,304,333
268,268,090,070,224,334,310,304,333
268,268,090,070,224,335,310,305,333
268,268,090,070,224,335,310,305,333
268,268,090,070,224,335,310,305,333
268,268,090,070,224,335,310,305,333
268,268,090,070,224,335,310,305,333
268,268,090,070,224,335,310,305,333
268,268,092,070,224,335,310,305,333
268,268,092,070,224,336,310,305,333
268,268,092,070,224,336,310,305,333
268,268,094,070,224,336,310,305,333
268,268,094,070,224,336,310,305,333
268,268,094,070,224,336,310,305,333
268,268,095,070,224,336,310,305,333
268,268,095,070,224,336,310,305,333
268,268,095,070,224,336,310,305,333
268,268,095,070,224,337,310,305,333
268,268,095,070,224,337,310,305,333
268,268,095,070,224,337,310,305,333
268,268,095,070,224,337,310,305,333
268,268,095,070,224,337,310,305,333
268,268,096,070,224,337,310,305,333
268,268,096,070,224,337,310,305,333
268,268,096,070,225,337,310,305,333
268,268,096,070,225,337,310,305,333
268,268,096,070,225,337,310,305,333
268,268,096,070,225,338,310,305,333
268,268,096,070,227,338,310,305,333
268,268,096,070,227,338,310,305,333
268,269,096,070,227,338,310,305,333
268,269,096,070,227,338,310,305,333
268,269,096,070,227,339,310,305,333
268,269,096,070,227,339,310,305,333
268,269,096,070,227,339,310,305,333
268,269,096,070,227,340,310,305,333
268,269,096,071,227,340,310,305,333
268,269,096,071,227,340,310,305,333
268,269,096,071,227,340,310,305,333
268,269,096,071,227,340,310,305,333
268,269,096,071,227,340,310,305,333
268,269,096,071,227,340,310,305,333
268,269,096,071,227,340,310,305,333
268,269,096,071,227,340,310,305,333
268,269,096,071,227,340,310,305,333
268,269,096,071,227,340,310,305,333
268,269,096,071,227,340,310,305,333
268,269,096,071,227,341,311,305,333
268,269,097,071,227,341,311,305,334
268,269,097,071,227,341,311,305,334
268,269,097,071,227,341,311,305,334
268,269,097,071,227,342,311,305,334
268,269,097,071,227,342,311,305,334
268,269,097,071,227,342,311,307,334
268,269,097,071,227,342,311,307,334
268,269,097,071,227,342,311,307,334
268,269,098,071,227,342,311,307,334
268,269,098,071,227,342,311,307,334
268,269,098,071,227,342,311,307,334
268,269,098,071,227,342,311,307,334
268,269,103,071,227,342,311,307,334
268,269,103,071,227,342,312,307,334
268,269,103,071,227,342,312,307,334
268,269,103,071,227,342,312,307,334
268,269,103,071,227,342,312,307,334
268,269,103,071,227,342,312,307,334
268,269,103,071,227,342,312,307,334
268,269,103,071,227,342,312,307,334
268,269,105,072,227,343,312,307,334
268,269,105,072,227,343,312,307,334
268,269,105,072,227,343,312,307,334
268,269,105,072,227,343,312,307,334
268,269,105,072,227,343,312,307,334
268,269,105,072,227,343,312,307,334
268,269,105,072,227,343,312,307,335
268,269,105,072,227,343,312,307,335
268,269,109,072,227,344,312,307,335
268,269,109,072,227,344,312,307,335
268,269,109,072,227,344,312,307,335
268,269,109,072,227,344,312,307,335
268,269,363,072,227,344,312,307,335
268,269,363,072,227,344,312,307,335
268,269,363,072,227,344,312,307,335
268,269,363,072,227,344,312,307,335
268,269,363,072,227,344,312,307,335
268,269,363,072,227,344,312,307,335
268,269,363,072,227,344,312,307,335
268,269,363,072,227,344,312,307,335
268,269,363,072,227,344,312,307,335
268,269,363,072,227,345,312,307,335
268,269,363,072,227,345,312,307,335
268,269,363,074,227,345,312,307,336
268,269,363,074,227,345,312,307,336
268,269,363,074,227,345,312,307,336
268,269,363,074,227,345,312,307,336
268,269,363,074,227,345,312,307,336
268,269,363,074,227,345,312,307,336
268,269,363,074,227,345,312,307,336
268,269,363,074,227,345,312,307,336
268,269,363,074,227,345,312,307,336
268,269,363,074,227,345,312,307,336
268,269,363,074,227,345,312,307,336
268,269,363,074,227,345,312,307,336
268,269,363,074,227,345,312,307,339
268,269,363,074,227,345,312,307,339
268,269,363,074,227,345,312,307,339
268,269,363,075,227,346,312,307,339
268,269,363,075,227,346,312,307,339
268,269,363,075,227,346,312,307,339
268,270,363,075,227,346,312,307,339
268,270,363,075,227,346,312,307,339
268,270,363,075,227,346,312,307,339
268,270,363,075,227,346,312,307,339
268,270,,075,227,346,312,307,339
268,270,,075,227,346,312,307,339
268,270,,075,227,346,312,307,339
268,270,,075,227,346,312,307,339
268,270,,075,227,346,313,307,339
268,270,,075,227,346,313,307,339
268,270,,075,227,346,313,307,339
268,270,,075,227,346,313,307,339
268,270,,075,227,346,313,307,339
268,270,,075,227,346,313,307,339
268,270,,075,227,346,313,307,339
268,270,,076,227,346,313,307,339
270,270,,076,227,346,313,307,339
270,270,,076,227,347,313,307,339
270,270,,076,227,347,313,307,339
270,270,,076,228,347,313,307,339
270,270,,076,228,347,313,307,339
270,270,,076,228,347,313,307,339
270,270,,076,228,347,313,307,340
270,270,,076,228,347,313,307,340
270,270,,076,228,347,313,307,340
270,270,,076,228,347,313,307,340
270,270,,076,228,347,313,307,340
270,270,,077,228,347,313,308,341
270,270,,077,228,347,313,308,341
270,270,,077,228,347,313,308,342
270,270,,077,228,347,313,308,342
270,270,,077,228,347,313,308,342
270,270,,077,228,347,314,308,342
270,270,,077,228,347,314,308,342
270,270,,077,228,347,314,308,343
270,270,,077,228,348,314,308,343
270,270,,077,228,348,314,308,343
270,270,,077,228,348,314,308,343
270,270,,077,228,348,314,308,343
270,270,,077,228,348,314,308,343
270,270,,077,228,348,314,308,343
270,270,,077,228,348,314,308,343
270,270,,077,228,348,314,308,343
270,270,,077,228,348,314,308,344
270,270,,077,228,348,314,308,344
270,270,,077,228,348,314,308,344
271,270,,077,228,348,314,308,345
271,270,,077,228,348,314,308,345
271,270,,077,228,349,314,308,345
271,270,,077,228,349,314,308,345
271,270,,077,228,349,314,308,345
271,270,,077,228,349,314,308,346
271,270,,077,228,349,314,308,346
271,270,,077,228,349,314,308,346
271,270,,077,228,349,314,308,346
271,270,,077,228,349,314,308,346
271,270,,077,228,349,314,308,346
271,270,,077,228,349,314,308,346
271,270,,077,228,349,314,308,346
271,270,,077,228,349,314,308,346
271,270,,077,228,349,314,308,346
271,270,,077,228,349,314,308,347
271,270,,077,228,349,314,308,348
271,270,,077,228,349,314,308,349
271,270,,077,228,350,314,308,349
271,270,,078,228,350,314,308,349
271,270,,078,228,350,314,308,349
271,270,,078,228,350,314,308,349
271,270,,078,228,350,314,308,350
271,270,,078,228,350,314,308,350
271,270,,078,230,350,314,308,351
271,270,,078,230,350,314,308,353
271,270,,078,230,350,314,308,353
272,270,,078,230,350,314,308,353
272,270,,078,230,350,314,308,353
272,270,,078,230,350,314,308,353
272,270,,078,230,350,314,308,354
272,270,,078,230,350,314,308,354
272,270,,078,230,350,314,308,354
272,270,,078,230,350,314,308,354
272,270,,078,230,350,314,308,354
272,270,,078,230,350,314,308,355
272,270,,078,230,350,314,308,355
272,270,,078,231,351,314,308,355
272,270,,078,231,351,314,308,355
272,270,,078,231,351,314,308,355
272,270,,078,231,351,314,308,355
272,270,,078,231,351,314,308,355
272,270,,078,231,351,314,308,356
272,270,,078,231,351,314,308,356
272,270,,078,231,351,314,308,357
272,270,,078,231,351,314,308,361
272,270,,078,231,351,314,308,361
272,270,,078,231,351,314,308,361
272,270,,078,231,351,314,309,361
272,270,,078,231,351,314,309,361
272,270,,078,231,351,314,309,361
272,270,,078,231,352,314,309,361
272,270,,078,231,352,314,309,361
272,270,,078,231,352,314,309,361
272,270,,078,231,352,314,309,361
272,270,,078,231,352,314,309,363
272,270,,078,231,352,314,309,364
272,270,,079,231,352,314,309,
272,270,,079,231,352,314,309,
272,270,,079,231,352,314,309,
272,270,,079,231,352,314,309,
273,270,,079,231,352,314,309,
273,270,,079,231,353,314,309,
273,270,,079,232,353,314,309,
273,270,,079,232,353,314,309,
273,270,,079,232,353,314,309,
273,270,,079,232,353,314,309,
273,270,,079,232,353,314,309,
273,270,,079,232,353,314,309,
273,270,,079,232,353,314,309,
273,270,,079,232,353,314,309,
273,270,,079,233,353,314,309,
273,270,,079,234,353,314,309,
273,270,,079,234,353,314,309,
273,270,,079,234,353,314,309,
273,270,,079,234,353,314,309,
273,270,,079,234,353,314,309,
273,271,,079,234,353,314,309,
273,271,,079,234,353,314,309,
273,271,,079,234,353,314,309,
273,271,,079,234,353,314,309,
273,271,,079,234,353,314,309,
273,271,,079,234,353,314,309,
273,271,,080,234,353,314,309,
273,271,,080,234,353,314,309,
273,271,,080,234,353,314,309,
273,271,,080,234,353,314,309,
273,271,,080,234,353,314,309,
273,271,,080,234,353,314,309,
273,271,,080,238,353,314,309,
273,271,,080,238,353,314,309,
273,271,,080,238,354,314,309,
273,271,,080,238,354,314,309,
273,271,,080,238,354,314,309,
273,271,,080,238,354,314,309,
273,271,,080,238,354,314,309,
273,271,,080,238,354,314,309,
273,271,,080,238,354,314,309,
273,271,,080,238,354,314,309,
273,271,,080,238,354,314,309,
273,271,,080,238,354,314,309,
273,271,,080,238,354,314,309,
273,271,,080,238,354,314,309,
273,271,,080,238,354,314,309,
273,271,,080,238,354,314,309,
273,271,,080,238,354,314,309,
273,271,,080,238,354,314,309,
273,271,,080,238,354,314,309,
273,271,,083,238,354,314,309,
273,271,,083,238,354,314,309,
273,271,,083,238,354,314,309,
273,271,,083,238,354,314,309,
273,271,,083,238,354,314,309,
273,271,,083,238,354,314,309,
273,271,,083,238,354,314,310,
273,271,,083,238,355,314,310,
273,271,,083,238,355,314,310,
273,271,,083,239,355,314,310,
273,271,,083,239,355,314,310,
273,271,,083,241,355,314,310,
273,271,,083,241,355,314,310,
273,271,,083,241,355,314,310,
274,271,,083,241,355,314,310,
274,271,,083,241,355,314,310,
274,271,,083,241,355,314,310,
274,271,,083,241,355,314,310,
274,271,,083,241,355,314,310,
274,271,,083,241,355,314,310,
274,271,,083,241,355,314,310,
274,271,,083,241,355,314,310,
274,271,,083,241,355,314,310,
274,271,,083,241,355,314,310,
274,271,,083,241,355,314,310,
274,271,,083,241,355,314,310,
274,271,,083,244,355,314,310,
274,271,,083,244,355,314,310,
274,271,,083,244,355,314,310,
274,271,,083,247,355,314,311,
274,271,,083,247,355,314,311,
274,271,,084,247,355,314,311,
274,271,,084,247,355,314,311,
274,271,,084,247,355,314,311,
274,271,,084,247,355,315,311,
274,271,,084,247,355,315,311,
274,271,,084,247,355,315,311,
274,271,,084,247,355,315,311,
274,271,,084,247,355,315,311,
274,271,,084,247,355,315,311,
274,271,,084,247,355,315,312,
274,271,,084,247,355,315,312,
274,271,,084,255,355,315,312,
274,271,,084,255,355,315,312,
274,271,,084,255,355,315,312,
274,271,,084,255,355,318,312,
274,271,,084,255,355,318,312,
274,271,,084,255,355,318,312,
274,271,,084,255,355,318,312,
274,271,,084,255,355,318,312,
274,271,,084,255,355,318,312,
274,271,,084,255,355,318,312,
274,271,,084,255,355,318,312,
274,271,,084,255,355,318,312,
274,271,,084,255,355,318,312,
274,272,,084,255,355,318,312,
274,272,,084,257,355,318,312,
274,272,,084,257,355,318,312,
274,272,,084,257,355,318,312,
274,272,,084,257,355,318,312,
274,272,,084,257,355,318,312,
274,272,,084,258,355,318,312,
274,272,,084,258,355,318,312,
274,272,,084,258,355,318,312,
274,272,,084,259,355,318,312,
274,272,,084,259,355,318,312,
274,272,,084,259,355,318,312,
274,272,,084,259,355,318,312,
274,272,,084,259,355,318,312,
274,272,,084,259,355,318,312,
274,272,,084,259,355,318,312,
274,272,,084,259,355,318,312,
274,272,,084,259,355,318,312,
274,272,,084,259,355,318,312,
274,272,,084,259,355,318,312,
274,272,,084,259,355,318,312,
274,272,,084,259,355,318,312,
274,272,,084,259,355,318,312,
274,272,,084,259,355,318,312,
274,272,,085,259,355,318,312,
274,272,,085,259,355,318,312,
274,272,,085,259,355,318,312,
274,272,,085,261,355,318,312,
274,272,,085,261,355,318,312,
274,272,,085,261,355,318,312,
274,272,,085,264,355,318,312,
274,272,,085,264,355,318,312,
274,272,,086,264,355,318,312,
274,272,,086,264,355,318,312,
274,272,,086,264,355,318,312,
274,272,,086,264,355,318,312,
274,272,,086,264,355,318,312,
276,272,,086,264,355,318,312,
276,272,,086,264,355,318,312,
276,272,,086,264,355,318,312,
276,272,,086,264,355,318,312,
276,272,,086,264,355,318,312,
276,272,,086,264,355,318,312,
276,272,,086,264,355,318,312,
276,272,,086,264,355,318,312,
276,272,,086,264,355,318,312,
276,272,,086,264,355,318,312,
276,272,,086,264,355,318,312,
276,272,,086,264,355,318,312,
276,272,,087,264,355,318,312,
276,272,,087,266,355,318,312,
276,272,,087,266,355,318,312,
276,272,,087,266,355,318,312,
276,272,,087,266,355,318,312,
276,272,,087,266,355,318,312,
276,273,,087,266,355,318,312,
276,273,,087,266,355,318,313,
276,273,,087,266,355,318,314,
276,273,,087,266,355,318,314,
276,273,,087,266,355,318,314,
276,273,,087,266,355,318,314,
276,273,,087,266,355,318,314,
276,273,,087,266,355,318,314,
276,273,,087,266,355,318,314,
276,273,,087,266,355,318,314,
276,273,,087,266,355,318,314,
276,273,,087,266,355,318,314,
276,273,,087,266,355,318,314,
276,273,,087,266,355,318,314,
276,273,,087,266,355,318,314,
276,273,,087,266,355,318,314,
276,273,,087,266,355,322,314,
276,273,,087,266,355,322,314,
276,273,,087,266,355,322,314,
276,273,,093,266,355,322,314,
276,273,,093,266,355,322,314,
276,273,,093,266,355,322,314,
276,273,,093,266,355,322,314,
276,273,,093,266,355,322,314,
276,273,,093,266,355,322,314,
276,273,,093,266,355,322,314,
276,273,,093,266,355,324,314,
276,273,,093,266,355,324,314,
276,273,,093,267,355,324,314,
276,273,,093,267,355,324,314,
276,273,,093,267,356,325,314,
276,273,,093,267,356,325,314,
276,273,,093,267,356,325,314,
276,273,,093,267,356,331,314,
276,273,,093,267,356,331,314,
276,273,,093,267,356,336,314,
276,273,,093,268,356,336,314,
276,273,,093,268,356,336,314,
276,273,,,268,356,336,314,
276,273,,,268,356,336,314,
276,273,,,268,356,336,314,
277,273,,,268,356,336,314,
277,273,,,268,356,,314,
277,273,,,268,356,,314,
277,273,,,268,356,,314,
277,273,,,268,356,,314,
277,273,,,268,356,,314,
277,274,,,268,356,,314,
277,274,,,268,356,,314,
277,274,,,269,356,,314,
277,274,,,269,356,,314,
277,274,,,269,356,,314,
277,274,,,269,356,,314,
277,274,,,269,356,,314,
277,274,,,269,357,,314,
277,274,,,270,357,,314,
277,274,,,270,357,,314,
277,274,,,270,357,,314,
277,274,,,270,357,,314,
277,274,,,270,357,,314,
277,274,,,270,357,,314,
277,274,,,270,357,,314,
277,274,,,270,357,,314,
277,274,,,270,357,,314,
277,274,,,271,357,,314,
277,274,,,271,357,,314,
277,274,,,271,357,,314,
277,274,,,271,357,,314,
277,274,,,271,357,,314,
277,274,,,271,357,,314,
277,274,,,271,357,,314,
277,274,,,271,357,,314,
277,274,,,271,357,,314,
277,274,,,271,357,,314,
277,274,,,271,357,,314,
277,274,,,271,357,,314,
277,274,,,271,357,,314,
277,274,,,271,357,,314,
277,274,,,271,357,,314,
277,275,,,271,357,,314,
277,275,,,271,357,,314,
277,275,,,271,357,,314,
278,275,,,271,357,,314,
278,275,,,271,357,,314,
278,275,,,271,357,,314,
278,275,,,271,357,,314,
278,275,,,271,357,,314,
278,275,,,271,357,,314,
278,275,,,271,358,,314,
278,275,,,271,358,,314,
278,275,,,271,358,,314,
278,276,,,271,358,,314,
278,276,,,271,358,,314,
278,276,,,271,358,,314,
280,276,,,271,358,,314,
280,276,,,272,358,,314,
280,276,,,272,358,,314,
280,276,,,272,358,,314,
280,276,,,272,358,,314,
280,276,,,272,358,,314,
280,276,,,272,358,,314,
281,276,,,273,358,,314,
281,276,,,273,359,,314,
281,276,,,273,359,,314,
281,276,,,273,359,,314,
281,276,,,273,359,,314,
281,276,,,273,359,,314,
281,276,,,273,359,,314,
281,276,,,273,360,,314,
281,276,,,273,360,,314,
281,276,,,275,360,,314,
281,276,,,275,360,,314,
281,276,,,275,360,,314,
281,276,,,275,360,,314,
281,276,,,275,360,,314,
281,276,,,275,360,,314,
281,276,,,275,360,,314,
281,276,,,275,360,,314,
281,276,,,275,360,,314,
281,276,,,275,360,,314,
281,276,,,275,360,,314,
281,276,,,275,360,,314,
281,276,,,275,360,,314,
281,276,,,275,360,,314,
281,276,,,275,360,,314,
281,276,,,275,360,,314,
282,276,,,275,360,,314,
282,276,,,275,361,,314,
282,276,,,275,361,,314,
285,276,,,275,361,,314,
285,276,,,275,361,,314,
285,276,,,275,361,,314,
285,276,,,275,361,,314,
285,276,,,275,361,,314,
285,276,,,275,361,,314,
285,276,,,275,361,,314,
285,276,,,275,361,,314,
285,276,,,275,361,,314,
285,276,,,275,361,,314,
285,276,,,275,361,,314,
285,276,,,275,361,,314,
285,276,,,275,361,,314,
285,276,,,276,361,,314,
285,276,,,276,361,,314,
285,276,,,276,361,,314,
285,276,,,276,361,,314,
285,276,,,276,361,,314,
285,276,,,276,361,,314,
285,276,,,276,361,,314,
285,276,,,276,361,,314,
285,276,,,276,362,,314,
285,276,,,276,362,,314,
285,276,,,276,362,,314,
285,276,,,276,362,,314,
285,276,,,276,362,,314,
285,276,,,276,362,,314,
285,276,,,276,362,,314,
285,276,,,277,362,,314,
285,276,,,277,362,,314,
285,276,,,280,362,,314,
285,276,,,280,362,,314,
285,276,,,280,362,,314,
285,276,,,280,362,,314,
285,276,,,280,362,,314,
285,276,,,280,362,,314,
285,276,,,280,362,,314,
285,276,,,280,362,,314,
285,276,,,280,362,,314,
285,276,,,280,362,,314,
285,276,,,281,362,,314,
285,276,,,281,362,,314,
285,276,,,281,362,,314,
285,276,,,281,362,,314,
285,276,,,282,362,,314,
285,276,,,282,362,,314,
285,276,,,282,362,,314,
285,276,,,282,362,,314,
285,276,,,282,362,,314,
285,276,,,282,362,,314,
285,276,,,282,362,,314,
285,276,,,282,362,,314,
285,276,,,282,362,,314,
285,276,,,282,362,,314,
285,276,,,282,362,,314,
285,276,,,282,362,,314,
285,276,,,282,362,,314,
285,276,,,282,362,,314,
285,276,,,282,362,,314,
285,276,,,282,362,,314,
285,276,,,282,362,,314,
285,276,,,282,362,,314,
285,276,,,282,362,,314,
285,276,,,282,362,,314,
285,276,,,282,362,,314,
285,276,,,282,362,,314,
285,276,,,282,362,,314,
288,276,,,283,362,,314,
288,276,,,283,362,,314,
288,276,,,283,362,,314,
288,276,,,283,362,,314,
288,276,,,283,362,,314,
288,276,,,283,362,,314,
288,276,,,283,362,,314,
289,276,,,283,362,,314,
289,276,,,284,362,,314,
289,276,,,284,362,,314,
289,276,,,284,362,,314,
289,276,,,284,362,,314,
289,276,,,284,362,,314,
289,276,,,284,362,,314,
290,276,,,284,362,,314,
290,276,,,284,362,,314,
291,277,,,284,362,,314,
291,277,,,284,362,,314,
291,277,,,284,362,,314,
291,277,,,284,362,,314,
291,277,,,285,362,,314,
291,277,,,285,362,,314,
291,277,,,285,362,,314,
291,277,,,285,362,,314,
291,277,,,285,362,,314,
291,277,,,285,362,,314,
291,277,,,285,362,,314,
291,277,,,285,362,,314,
291,277,,,285,362,,314,
291,277,,,285,362,,314,
291,277,,,285,362,,314,
291,277,,,285,362,,314,
291,277,,,285,362,,314,
291,277,,,285,362,,314,
295,277,,,285,362,,314,
295,277,,,285,362,,314,
295,277,,,285,362,,314,
295,277,,,285,362,,314,
295,277,,,285,362,,314,
295,277,,,285,362,,314,
295,277,,,285,362,,314,
295,277,,,285,362,,314,
295,277,,,285,362,,314,
295,277,,,285,362,,315,
295,277,,,285,362,,315,
295,277,,,285,362,,315,
295,277,,,285,362,,315,
295,277,,,285,362,,315,
295,277,,,287,362,,315,
295,277,,,287,362,,315,
,277,,,287,362,,315,
,277,,,287,362,,315,
,277,,,287,362,,315,
,277,,,287,362,,315,
,277,,,287,362,,315,
,277,,,287,362,,315,
,277,,,287,362,,315,
,277,,,287,362,,315,
,277,,,287,362,,315,
,277,,,287,362,,315,
,277,,,288,362,,315,
,277,,,288,362,,315,
,277,,,288,362,,315,
,277,,,288,362,,315,
,278,,,288,362,,315,
,278,,,288,362,,315,
,278,,,288,362,,315,
,278,,,288,362,,315,
,278,,,289,362,,315,
,278,,,289,362,,315,
,278,,,289,362,,315,
,278,,,289,362,,315,
,278,,,289,362,,315,
,278,,,289,362,,315,
,278,,,289,362,,315,
,278,,,289,362,,315,
,278,,,289,362,,315,
,278,,,289,362,,315,
,278,,,289,362,,315,
,278,,,289,362,,315,
,278,,,289,362,,315,
,278,,,289,362,,315,
,278,,,289,362,,315,
,278,,,289,362,,315,
,278,,,289,362,,315,
,278,,,289,362,,315,
,278,,,289,362,,315,
,278,,,289,362,,315,
,278,,,289,362,,315,
,278,,,289,362,,315,
,278,,,289,362,,315,
,278,,,290,362,,315,
,278,,,290,362,,315,
,278,,,290,362,,315,
,278,,,290,362,,315,
,278,,,290,362,,315,
,278,,,290,362,,315,
,278,,,290,362,,315,
,278,,,290,362,,315,
,278,,,290,362,,315,
,278,,,290,362,,316,
,278,,,290,362,,316,
,278,,,290,362,,316,
,278,,,290,363,,317,
,278,,,290,363,,318,
,278,,,290,363,,318,
,278,,,290,363,,318,
,278,,,290,363,,318,
,278,,,290,363,,318,
,278,,,290,363,,318,
,278,,,290,363,,318,
,278,,,290,363,,318,
,278,,,290,363,,318,
,278,,,290,363,,318,
,278,,,290,363,,318,
,278,,,290,363,,318,
,278,,,290,363,,318,
,278,,,290,363,,318,
,278,,,290,363,,318,
,278,,,290,363,,318,
,278,,,290,363,,318,
,278,,,290,363,,318,
,278,,,290,363,,318,
,278,,,290,363,,318,
,278,,,290,363,,318,
,278,,,290,363,,318,
,278,,,290,363,,318,
,278,,,290,363,,318,
,278,,,290,363,,318,
,279,,,290,363,,318,
,279,,,290,363,,318,
,279,,,290,363,,318,
,279,,,290,363,,318,
,279,,,293,363,,318,
,279,,,293,364,,318,
,279,,,293,364,,318,
,279,,,293,364,,318,
,279,,,293,364,,318,
,279,,,293,364,,318,
,279,,,293,365,,319,
,279,,,293,365,,320,
,279,,,293,365,,321,
,279,,,293,365,,321,
,279,,,293,365,,321,
,279,,,293,365,,322,
,279,,,293,365,,325,
,279,,,293,365,,,
,279,,,293,,,,
,279,,,293,,,,
,279,,,294,,,,
,279,,,294,,,,
,279,,,294,,,,
,279,,,294,,,,
,279,,,295,,,,
,279,,,298,,,,
,279,,,298,,,,
,279,,,298,,,,
,279,,,298,,,,
,279,,,298,,,,
,279,,,298,,,,
,279,,,298,,,,
,279,,,298,,,,
,279,,,298,,,,
,279,,,298,,,,
,279,,,299,,,,
,279,,,299,,,,
,280,,,299,,,,
,280,,,299,,,,
,280,,,299,,,,
,280,,,299,,,,
,280,,,299,,,,
,280,,,299,,,,
,280,,,299,,,,
,280,,,299,,,,
,280,,,299,,,,
,280,,,299,,,,
,280,,,299,,,,
,280,,,299,,,,
,280,,,299,,,,
,280,,,299,,,,
,280,,,299,,,,
,280,,,299,,,,
,280,,,299,,,,
,280,,,299,,,,
,280,,,299,,,,
,280,,,299,,,,
,280,,,299,,,,
,280,,,299,,,,
,280,,,299,,,,
,280,,,299,,,,
,280,,,299,,,,
,282,,,299,,,,
,282,,,299,,,,
,282,,,299,,,,
,282,,,299,,,,
,282,,,299,,,,
,282,,,299,,,,
,282,,,299,,,,
,282,,,299,,,,
,282,,,299,,,,
,282,,,299,,,,
,282,,,300,,,,
,282,,,300,,,,
,283,,,300,,,,
,283,,,300,,,,
,283,,,300,,,,
,283,,,300,,,,
,283,,,300,,,,
,283,,,300,,,,
,283,,,300,,,,
,283,,,300,,,,
,283,,,300,,,,
,283,,,300,,,,
,283,,,300,,,,
,283,,,300,,,,
,284,,,300,,,,
,284,,,300,,,,
,284,,,300,,,,
,284,,,300,,,,
,284,,,300,,,,
,284,,,300,,,,
,284,,,300,,,,
,284,,,300,,,,
,284,,,300,,,,
,284,,,300,,,,
,284,,,300,,,,
,284,,,300,,,,
,284,,,300,,,,
,284,,,300,,,,
,284,,,300,,,,
,284,,,300,,,,
,285,,,300,,,,
,285,,,300,,,,
,285,,,300,,,,
,285,,,300,,,,
,285,,,300,,,,
,285,,,302,,,,
,285,,,302,,,,
,285,,,302,,,,
,285,,,302,,,,
,285,,,302,,,,
,285,,,302,,,,
,285,,,302,,,,
,285,,,302,,,,
,286,,,302,,,,
,286,,,302,,,,
,286,,,302,,,,
,286,,,302,,,,
,286,,,302,,,,
,286,,,302,,,,
,286,,,302,,,,
,286,,,302,,,,
,286,,,302,,,,
,286,,,302,,,,
,286,,,302,,,,
,286,,,303,,,,
,286,,,303,,,,
,286,,,303,,,,
,286,,,303,,,,
,286,,,303,,,,
,287,,,304,,,,
,287,,,304,,,,
,287,,,304,,,,
,287,,,304,,,,
,287,,,305,,,,
,287,,,305,,,,
,287,,,305,,,,
,287,,,305,,,,
,287,,,305,,,,
,287,,,305,,,,
,287,,,305,,,,
,287,,,305,,,,
,287,,,305,,,,
,287,,,305,,,,
,287,,,305,,,,
,287,,,305,,,,
,287,,,305,,,,
,287,,,305,,,,
,287,,,305,,,,
,287,,,306,,,,
,287,,,306,,,,
,287,,,306,,,,
,287,,,306,,,,
,287,,,306,,,,
,287,,,306,,,,
,288,,,307,,,,
,288,,,307,,,,
,288,,,307,,,,
,288,,,307,,,,
,288,,,307,,,,
,288,,,307,,,,
,288,,,307,,,,
,288,,,307,,,,
,288,,,307,,,,
,288,,,307,,,,
,288,,,307,,,,
,288,,,307,,,,
,288,,,307,,,,
,288,,,307,,,,
,288,,,307,,,,
,288,,,307,,,,
,288,,,307,,,,
,288,,,307,,,,
,288,,,307,,,,
,288,,,307,,,,
,288,,,307,,,,
,288,,,307,,,,
,288,,,307,,,,
,288,,,308,,,,
,288,,,308,,,,
,288,,,308,,,,
,289,,,308,,,,
,289,,,308,,,,
,289,,,308,,,,
,289,,,308,,,,
,289,,,308,,,,
,289,,,308,,,,
,289,,,308,,,,
,289,,,308,,,,
,289,,,308,,,,
,290,,,308,,,,
,291,,,308,,,,
,291,,,308,,,,
,291,,,308,,,,
,291,,,308,,,,
,291,,,308,,,,
,291,,,308,,,,
,291,,,308,,,,
,291,,,308,,,,
,291,,,308,,,,
,291,,,308,,,,
,291,,,308,,,,
,291,,,308,,,,
,291,,,308,,,,
,291,,,308,,,,
,291,,,309,,,,
,292,,,309,,,,
,292,,,309,,,,
,292,,,309,,,,
,292,,,309,,,,
,292,,,309,,,,
,292,,,309,,,,
,292,,,309,,,,
,292,,,309,,,,
,,,,309,,,,
,,,,309,,,,
,,,,309,,,,
,,,,309,,,,
,,,,309,,,,
,,,,309,,,,
,,,,309,,,,
,,,,309,,,,
,,,,309,,,,
,,,,309,,,,
,,,,309,,,,
,,,,309,,,,
,,,,309,,,,
,,,,309,,,,
,,,,309,,,,
,,,,309,,,,
,,,,309,,,,
,,,,309,,,,
,,,,309,,,,
,,,,309,,,,
,,,,309,,,,
,,,,309,,,,
,,,,310,,,,
,,,,310,,,,
,,,,310,,,,
,,,,310,,,,
,,,,310,,,,
,,,,310,,,,
,,,,310,,,,
,,,,310,,,,
,,,,310,,,,
,,,,310,,,,
,,,,310,,,,
,,,,310,,,,
,,,,310,,,,
,,,,310,,,,
,,,,310,,,,
,,,,310,,,,
,,,,310,,,,
,,,,310,,,,
,,,,310,,,,
,,,,310,,,,
,,,,310,,,,
,,,,310,,,,
,,,,310,,,,
,,,,310,,,,
,,,,311,,,,
,,,,311,,,,
,,,,311,,,,
,,,,311,,,,
,,,,311,,,,
,,,,311,,,,
,,,,311,,,,
,,,,311,,,,
,,,,311,,,,
,,,,311,,,,
,,,,311,,,,
,,,,311,,,,
,,,,311,,,,
,,,,311,,,,
,,,,311,,,,
,,,,311,,,,
,,,,311,,,,
,,,,311,,,,
,,,,311,,,,
,,,,311,,,,
,,,,311,,,,
,,,,311,,,,
,,,,311,,,,
,,,,312,,,,
,,,,312,,,,
,,,,312,,,,
,,,,312,,,,
,,,,312,,,,
,,,,312,,,,
,,,,312,,,,
,,,,312,,,,
,,,,312,,,,
,,,,312,,,,
,,,,312,,,,
,,,,312,,,,
,,,,312,,,,
,,,,312,,,,
,,,,312,,,,
,,,,312,,,,
,,,,312,,,,
,,,,312,,,,
,,,,312,,,,
,,,,312,,,,
,,,,312,,,,
,,,,312,,,,
,,,,312,,,,
,,,,312,,,,
,,,,312,,,,
,,,,312,,,,
,,,,312,,,,
,,,,313,,,,
,,,,313,,,,
,,,,313,,,,
,,,,313,,,,
,,,,313,,,,
,,,,313,,,,
,,,,313,,,,
,,,,313,,,,
,,,,313,,,,
,,,,313,,,,
,,,,313,,,,
,,,,313,,,,
,,,,313,,,,
,,,,313,,,,
,,,,313,,,,
,,,,313,,,,
,,,,313,,,,
,,,,313,,,,
,,,,313,,,,
,,,,313,,,,
,,,,313,,,,
,,,,313,,,,
,,,,313,,,,
,,,,313,,,,
,,,,313,,,,
,,,,313,,,,
,,,,313,,,,
,,,,313,,,,
,,,,313,,,,
,,,,313,,,,
,,,,313,,,,
,,,,313,,,,
,,,,313,,,,
,,,,313,,,,
,,,,313,,,,
,,,,313,,,,
,,,,313,,,,
,,,,313,,,,
,,,,313,,,,
,,,,313,,,,
,,,,313,,,,
,,,,313,,,,
,,,,313,,,,
,,,,313,,,,
,,,,313,,,,
,,,,314,,,,
,,,,314,,,,
,,,,314,,,,
,,,,314,,,,
,,,,314,,,,
,,,,314,,,,
,,,,314,,,,
,,,,314,,,,
,,,,314,,,,
,,,,314,,,,
,,,,314,,,,
,,,,314,,,,
,,,,314,,,,
,,,,314,,,,
,,,,314,,,,
,,,,314,,,,
,,,,314,,,,
,,,,314,,,,
,,,,314,,,,
,,,,314,,,,
,,,,314,,,,
,,,,314,,,,
,,,,314,,,,
,,,,315,,,,
,,,,315,,,,
,,,,315,,,,
,,,,315,,,,
,,,,315,,,,
,,,,315,,,,
,,,,315,,,,
,,,,315,,,,
,,,,315,,,,
,,,,316,,,,
,,,,316,,,,
,,,,316,,,,
,,,,316,,,,
,,,,316,,,,
,,,,316,,,,
,,,,316,,,,
,,,,316,,,,
,,,,316,,,,
,,,,317,,,,
,,,,317,,,,
,,,,317,,,,
,,,,322,,,,
,,,,322,,,,
,,,,322,,,,
,,,,323,,,,
,,,,328,,,,
,,,,328,,,,
,,,,328,,,,
,,,,328,,,,
,,,,328,,,,
,,,,328,,,,
,,,,328,,,,
,,,,328,,,,
,,,,328,,,,
,,,,339,,,,
,,,,341,,,,
,,,,344,,,,
,,,,347,,,,
,,,,349,,,,
,,,,361,,,,
