Wild Fall Chinook,Hatchery Fall Chinook,Hatchery Summer Steelhead,Hatchery Winter Steelhead
251,254,001,001
251,254,001,001
251,254,001,001
251,255,001,001
251,255,001,001
251,255,001,001
251,256,001,001
251,256,001,001
251,256,002,001
251,256,002,001
251,256,002,001
256,257,002,001
257,257,002,001
257,257,002,001
257,257,002,001
257,257,002,001
257,257,002,001
257,257,002,001
257,257,002,001
257,257,002,001
257,257,002,001
257,259,002,001
257,259,002,001
258,259,002,001
258,259,002,001
258,260,002,001
259,260,002,001
259,260,002,001
259,260,002,001
259,260,002,001
259,260,002,001
259,260,003,001
259,260,003,001
259,260,003,001
260,260,003,001
260,260,003,002
260,260,003,002
261,260,003,002
261,260,003,002
261,260,003,002
261,260,003,002
261,260,003,002
261,260,003,002
261,260,003,002
261,260,003,002
261,260,003,002
261,260,004,002
261,260,004,002
261,260,004,002
261,260,004,002
261,260,004,002
261,260,004,002
261,260,004,002
261,260,004,002
261,260,004,002
261,260,004,002
261,260,004,002
261,260,004,002
261,260,004,002
261,260,004,002
261,260,004,002
261,260,004,002
261,260,004,002
261,260,004,002
261,260,004,002
261,260,004,002
261,260,004,002
261,261,004,002
261,261,004,002
261,261,004,002
261,261,004,002
261,261,004,002
261,261,004,002
261,261,004,002
261,261,004,002
261,261,004,002
261,261,004,002
261,261,004,002
261,261,004,003
261,261,004,003
261,262,004,003
261,262,004,003
261,262,004,003
261,262,004,003
261,262,004,003
261,262,004,003
261,262,004,003
261,262,004,003
261,262,004,003
261,262,005,003
261,262,005,003
261,262,005,003
261,262,005,003
261,262,005,003
261,262,005,003
261,262,005,003
261,262,005,003
261,262,005,003
261,262,005,003
261,262,005,003
261,263,005,003
261,263,005,003
261,263,005,003
261,263,005,003
261,263,005,003
261,263,005,003
261,263,005,003
261,263,005,003
261,263,005,003
261,263,005,003
261,263,005,003
261,263,005,003
261,263,005,003
261,263,005,003
261,263,005,003
261,263,005,003
261,263,005,003
261,263,005,003
261,263,005,003
261,263,005,003
261,263,005,003
261,263,005,003
261,263,005,003
261,263,005,003
261,263,005,003
261,263,005,003
261,263,005,003
261,263,005,003
261,263,005,003
261,263,005,003
261,263,005,003
261,263,005,003
261,263,005,003
261,263,005,003
261,263,005,004
261,263,005,004
261,263,005,004
261,263,005,004
261,263,005,004
261,263,005,004
261,263,005,004
261,263,005,004
261,263,005,004
261,263,005,004
261,263,005,004
261,263,005,004
261,263,005,004
261,263,005,004
261,263,005,004
261,263,005,004
261,263,005,004
261,263,005,004
261,263,005,004
261,263,005,004
261,263,005,004
261,263,005,004
261,263,005,004
261,263,005,004
261,263,005,004
261,263,005,004
261,263,005,004
261,263,005,004
261,263,005,004
261,263,005,004
261,263,005,004
261,263,005,004
261,263,005,004
261,263,005,004
261,263,005,004
261,263,005,004
261,263,005,004
261,263,005,004
261,263,005,004
261,263,005,004
261,263,005,004
262,263,005,004
262,263,005,004
262,263,005,005
262,263,005,005
262,263,005,005
262,263,005,005
262,263,005,005
262,263,005,005
262,263,005,005
262,263,005,005
262,263,005,005
262,263,005,005
262,263,005,005
262,263,005,005
262,263,005,005
262,263,005,005
262,263,005,005
262,263,005,005
262,263,005,005
262,263,005,005
262,263,005,005
262,263,005,005
262,263,005,005
262,263,005,005
262,263,005,005
262,263,005,005
262,263,005,005
262,263,005,005
262,263,005,005
262,263,005,005
262,263,005,005
262,263,005,005
262,263,005,005
262,263,005,005
262,263,005,005
262,264,005,005
262,264,005,005
262,264,005,005
262,264,005,005
262,264,005,005
262,264,005,005
262,264,005,005
262,264,005,005
262,264,006,005
262,264,006,005
262,264,006,005
262,264,006,005
262,264,006,005
262,264,006,005
262,264,006,005
262,264,006,005
262,264,006,005
262,264,006,005
262,264,006,005
262,264,006,005
262,264,006,005
262,264,006,005
262,264,006,005
262,264,006,005
262,264,006,005
262,264,006,005
262,264,006,005
262,264,006,006
262,264,006,006
262,264,006,006
262,264,006,006
262,264,006,006
262,264,006,006
262,264,006,006
262,264,006,006
262,264,006,006
262,264,006,006
262,264,007,006
262,264,007,006
262,264,007,006
262,264,007,006
262,264,007,006
262,264,007,006
262,264,007,006
262,264,007,006
263,264,007,006
263,264,007,006
263,264,007,006
263,264,007,006
263,264,007,006
263,264,007,006
263,264,007,006
263,264,007,006
263,264,007,006
263,264,007,006
263,264,007,006
263,264,007,006
263,264,007,006
263,264,007,006
263,264,007,006
263,264,007,006
263,264,007,006
263,264,007,006
263,264,007,006
263,264,007,006
263,264,007,006
263,264,007,006
263,264,007,006
263,264,007,006
263,264,007,006
263,264,007,006
263,264,007,006
263,264,007,006
263,264,007,006
263,264,007,006
263,264,007,006
263,264,007,006
263,265,007,006
263,265,007,006
263,265,007,006
263,265,007,006
263,265,007,006
263,265,007,006
263,265,007,006
263,265,007,006
263,265,007,006
263,265,007,007
263,265,007,007
263,265,007,007
263,265,007,007
263,265,007,007
263,265,007,007
263,265,008,007
263,265,008,007
263,265,008,007
263,265,008,007
263,265,008,007
263,265,008,007
263,265,008,007
263,265,008,007
263,265,008,007
263,265,008,007
263,265,008,007
263,265,008,007
263,265,008,007
263,265,008,007
263,265,008,007
263,265,008,007
263,265,008,007
263,265,008,007
263,265,008,007
263,265,009,007
263,265,009,007
263,265,009,007
263,265,009,007
263,265,009,007
263,265,009,007
263,265,009,007
263,265,009,007
263,265,009,007
263,265,010,007
263,265,010,007
263,265,010,007
263,265,010,007
263,265,010,007
263,265,010,007
263,265,010,007
263,265,010,007
263,265,010,007
263,265,010,007
263,265,010,007
263,265,010,007
263,265,010,007
263,265,011,007
263,265,011,007
263,265,011,007
263,265,011,007
263,265,011,007
263,265,011,007
263,265,011,007
263,265,011,007
263,265,011,007
263,265,011,007
263,265,011,007
263,265,011,007
263,265,011,007
263,265,011,007
263,265,012,007
263,265,012,007
263,265,012,007
263,265,012,007
263,265,012,007
263,265,012,007
263,265,013,007
263,265,013,007
263,265,013,007
263,265,013,007
263,265,013,007
263,265,013,007
263,265,013,007
263,265,013,007
263,265,013,007
263,265,013,007
263,265,013,007
263,265,013,007
263,265,013,007
263,265,013,007
263,265,013,007
263,265,013,007
263,265,013,007
263,265,013,007
263,265,013,007
263,265,013,007
263,265,014,007
263,265,014,007
263,265,014,007
263,265,014,007
263,265,014,007
263,265,014,007
263,265,014,007
263,265,014,007
263,265,014,007
263,265,014,007
263,265,014,007
263,265,014,008
263,265,014,008
263,265,014,008
264,265,014,008
264,265,014,008
264,266,014,008
264,266,014,008
264,266,014,008
264,266,014,008
264,266,014,008
264,266,014,008
264,266,014,008
264,266,014,008
264,266,014,008
264,266,014,008
264,266,014,008
264,266,014,008
264,266,014,008
264,266,014,008
264,266,014,008
264,266,014,008
264,266,014,008
264,266,014,008
264,266,014,008
264,266,014,008
264,266,014,008
264,266,014,008
264,266,014,008
264,266,014,008
264,266,014,008
264,266,014,008
264,266,014,008
264,266,014,008
264,266,015,008
264,266,015,008
264,266,015,008
264,266,015,008
264,266,016,008
264,266,016,008
264,266,016,008
264,266,016,008
264,266,016,008
264,266,016,008
264,266,016,008
264,266,016,008
264,266,016,008
264,266,016,008
264,266,016,008
264,266,016,008
264,266,016,008
264,266,016,008
264,266,016,008
264,266,016,008
264,266,016,008
264,266,016,008
264,266,016,008
264,266,016,008
264,266,016,008
264,266,016,008
264,266,016,008
264,266,016,008
264,266,016,008
264,266,016,008
264,266,016,008
264,266,016,008
264,266,016,008
264,266,016,008
264,266,017,008
264,266,017,009
264,266,017,009
264,266,017,009
264,266,017,009
264,266,017,009
264,266,017,009
264,266,017,009
264,266,017,009
264,266,017,009
264,267,017,009
264,267,017,009
264,267,017,009
264,267,017,009
264,267,017,009
264,267,017,009
264,267,017,009
264,267,017,009
264,267,017,009
264,267,017,009
264,267,017,009
264,267,017,009
264,267,017,009
264,267,017,009
264,267,017,009
264,267,017,009
264,267,017,009
264,267,017,009
264,267,017,009
264,267,017,009
264,267,017,009
264,267,017,009
264,267,017,009
264,267,017,009
264,267,017,009
264,267,017,009
264,267,017,009
264,267,017,009
264,267,017,009
264,267,017,009
264,267,017,009
264,267,017,009
264,267,017,009
264,267,017,009
264,267,017,009
264,267,017,009
264,267,017,009
264,267,017,009
264,267,017,009
264,267,017,009
264,267,017,009
264,267,017,009
264,267,017,009
264,267,017,009
264,267,017,009
264,267,017,009
264,267,017,009
264,267,017,009
264,267,017,009
264,267,017,009
264,267,017,009
264,267,017,009
264,267,017,009
264,267,017,009
264,267,017,009
264,267,017,010
264,267,017,010
264,267,017,010
264,267,017,010
265,267,017,010
265,267,017,010
265,267,017,010
265,267,017,010
265,267,017,010
265,267,017,010
265,267,017,010
265,267,017,010
265,267,017,010
265,267,017,010
265,267,017,010
265,267,017,010
265,267,017,010
265,267,017,010
265,267,017,010
265,267,017,010
265,267,017,010
265,267,017,010
265,267,017,010
265,267,017,010
265,267,017,010
265,267,017,010
265,267,017,010
265,267,017,010
265,267,017,010
265,267,017,010
265,267,017,010
265,267,017,010
265,267,017,010
265,267,017,010
265,267,017,010
265,267,017,010
265,267,017,010
265,267,017,010
265,267,017,010
265,267,017,010
265,267,017,010
265,267,017,010
265,267,017,010
265,267,017,010
265,267,017,010
265,267,017,010
265,267,017,010
265,267,017,010
265,267,017,010
265,267,017,010
265,267,017,010
265,267,017,010
265,267,017,010
265,267,017,010
265,267,017,010
265,267,017,010
265,267,017,011
265,267,017,011
265,267,017,011
265,267,017,011
265,267,017,011
265,267,017,011
265,267,017,011
265,267,017,011
265,267,017,011
265,267,017,011
265,267,017,011
265,267,017,011
266,267,017,011
266,267,017,011
266,267,017,011
266,267,017,011
266,267,017,011
266,267,017,011
266,267,017,011
266,267,017,011
266,267,017,011
266,267,017,011
266,267,017,011
266,267,017,011
266,267,017,011
266,267,017,011
266,267,017,011
266,267,017,011
266,267,017,011
266,267,017,011
266,267,017,011
266,267,017,011
266,267,017,011
266,267,017,011
266,267,017,011
266,267,017,011
266,267,017,011
266,267,017,011
266,267,017,011
266,267,017,011
266,267,017,011
266,267,017,011
266,267,017,011
266,267,017,011
266,267,017,011
266,267,017,011
266,267,017,011
266,267,017,011
266,267,017,011
266,267,017,011
266,268,017,011
266,268,017,011
266,268,017,011
266,268,017,011
266,268,017,011
266,268,017,011
266,268,017,011
266,268,017,011
266,268,017,011
266,268,017,011
266,268,017,011
266,268,017,011
266,268,017,011
266,268,017,011
266,268,017,011
266,268,017,011
266,268,017,011
266,268,017,011
266,268,017,011
266,268,017,011
266,268,017,011
266,268,017,011
266,268,017,011
266,268,017,011
266,268,017,011
266,268,017,011
266,268,017,011
266,268,017,011
266,268,017,011
266,268,017,011
266,268,017,011
266,268,017,011
266,268,017,011
266,268,017,011
266,268,017,011
266,268,018,011
266,268,018,011
266,268,018,011
266,268,018,011
266,268,018,011
266,268,018,011
266,268,018,011
266,268,018,011
266,268,018,011
266,268,018,011
266,268,018,011
266,268,018,012
266,268,018,012
266,268,018,012
266,268,018,012
266,268,018,012
266,268,018,012
266,268,018,012
266,268,018,012
266,268,018,012
266,268,018,012
266,268,018,012
266,268,018,012
266,268,018,012
266,268,018,012
266,268,018,012
266,268,018,012
266,268,018,012
266,268,018,012
266,268,018,012
266,268,019,012
266,268,019,012
266,268,019,012
266,268,019,012
266,268,019,012
266,268,019,012
266,268,019,012
266,268,019,012
266,268,019,012
266,268,019,012
266,268,019,012
266,268,019,012
266,268,019,012
266,268,019,012
266,268,019,012
266,268,019,012
266,268,019,012
266,268,019,012
266,268,019,012
266,268,019,012
266,268,019,012
266,268,019,012
266,268,019,012
266,268,019,012
266,268,019,012
266,268,019,012
266,268,019,012
266,268,020,012
266,268,020,012
266,268,020,012
266,268,020,012
266,268,020,012
266,268,020,012
266,268,020,012
266,268,020,013
266,268,020,013
266,268,020,013
266,268,020,013
266,268,021,013
266,268,021,013
266,268,021,013
266,268,021,013
266,268,021,013
266,268,021,013
266,268,021,013
266,268,021,013
266,268,021,013
266,268,021,013
266,268,021,013
266,268,021,013
266,268,021,013
266,268,021,013
266,268,021,013
266,268,021,013
266,268,021,013
266,268,021,013
266,268,021,013
267,268,021,013
267,268,021,013
267,269,022,013
267,269,022,013
267,269,022,013
267,269,023,013
267,269,023,013
267,269,023,013
267,269,023,013
267,269,023,013
267,269,023,013
267,269,023,013
267,269,023,013
267,269,023,013
267,269,023,013
267,269,023,013
267,269,023,013
267,269,023,013
267,269,024,013
267,269,024,013
267,269,024,013
267,270,024,013
267,270,024,013
267,270,024,013
267,270,024,013
267,270,024,013
267,270,024,013
267,270,024,013
267,270,024,013
267,270,024,013
267,270,024,013
267,270,024,013
267,270,024,013
267,270,024,013
267,270,024,013
267,270,024,013
267,270,024,013
267,270,024,013
267,270,024,013
267,270,024,013
267,270,024,013
267,270,025,013
267,270,025,013
267,270,025,013
267,270,025,013
267,270,025,013
267,270,025,013
267,270,025,013
267,270,025,013
267,270,025,013
267,270,025,013
267,270,025,013
267,270,026,013
267,270,026,013
267,270,026,013
267,270,026,014
267,270,026,014
267,270,026,014
267,270,026,014
267,270,026,014
267,270,026,014
267,270,026,014
267,270,026,014
267,270,026,014
267,270,026,014
267,270,026,014
268,270,026,014
268,270,026,014
268,270,026,014
268,270,027,014
268,270,027,014
268,270,027,014
268,270,027,014
268,270,027,014
268,270,027,014
268,270,027,014
268,270,027,014
268,270,027,014
268,270,027,014
268,270,027,014
268,270,027,014
268,270,027,014
268,270,027,014
268,270,028,014
268,270,028,014
268,270,028,014
268,270,028,014
268,270,028,014
268,270,028,014
268,270,028,014
268,270,030,014
268,270,030,014
268,270,030,015
268,270,030,015
268,270,030,015
268,270,030,015
268,270,030,015
268,270,030,015
268,270,030,015
268,270,030,015
268,270,030,015
268,270,030,015
268,270,030,015
268,270,030,015
268,270,030,015
268,270,030,015
268,270,030,015
268,270,031,015
268,270,031,015
268,270,031,015
268,270,031,015
268,270,031,016
268,270,031,016
268,270,031,016
268,270,031,016
268,270,031,016
268,270,031,016
268,270,031,016
268,270,031,016
268,270,031,016
268,270,031,016
268,270,031,016
268,270,031,016
268,270,031,016
268,270,031,016
268,270,031,016
268,270,031,016
268,270,032,016
268,270,032,016
268,270,032,016
268,270,032,016
268,271,032,016
268,271,032,016
268,271,032,016
268,271,032,016
268,271,032,016
268,271,032,016
268,271,032,016
268,271,032,017
268,271,032,017
268,271,032,017
268,271,032,017
268,271,032,017
268,271,032,017
268,271,032,017
268,271,032,017
268,271,032,017
268,271,032,017
268,271,032,017
268,271,032,017
268,271,032,017
268,271,032,017
268,271,032,017
268,271,032,017
268,271,032,017
268,271,032,017
268,271,032,017
268,271,032,017
268,271,032,017
268,271,032,017
268,271,032,017
268,271,032,017
268,271,032,017
268,271,032,017
268,271,032,018
268,271,032,018
268,271,032,018
268,271,032,018
268,271,032,018
268,271,032,018
268,271,032,018
268,271,032,018
268,271,032,018
268,271,032,018
268,271,032,018
268,271,032,018
268,271,032,018
268,271,032,018
268,271,032,018
268,271,032,018
268,271,032,018
268,271,032,018
268,271,032,018
268,271,032,018
269,271,032,018
269,271,032,018
269,271,032,018
269,271,032,018
269,271,032,018
269,271,032,018
269,271,032,018
269,271,032,018
269,271,032,018
269,271,032,018
269,271,032,018
269,271,032,018
269,271,032,018
269,271,032,018
269,271,032,018
269,271,032,018
269,271,032,018
269,271,032,018
269,271,032,018
269,271,032,018
269,271,032,018
269,271,032,018
269,271,032,018
269,271,032,018
269,271,032,018
269,271,032,018
269,271,032,018
269,271,032,018
269,271,032,018
269,271,032,018
269,271,032,018
269,271,032,018
269,271,032,018
269,271,032,018
269,271,032,018
269,271,032,018
269,271,032,018
269,271,032,018
269,271,032,018
269,271,032,018
269,271,032,018
269,271,032,018
269,271,032,018
269,271,032,018
269,271,032,018
269,271,032,018
269,271,032,018
269,271,032,018
269,271,032,018
269,271,032,018
269,271,032,018
270,271,032,018
270,271,032,018
270,271,032,018
270,271,032,018
270,271,032,018
270,271,032,018
270,271,032,019
270,271,032,019
270,271,032,019
270,271,032,019
270,271,032,019
270,271,034,019
270,271,034,019
270,271,034,019
270,271,034,019
270,272,034,019
270,272,034,019
270,272,034,019
270,272,034,019
270,272,034,019
270,272,034,019
270,272,034,019
270,272,034,019
270,272,034,019
270,272,034,019
270,272,035,019
270,272,035,019
270,272,035,019
270,272,037,019
270,272,037,019
270,272,037,019
270,272,037,019
270,272,037,019
270,272,039,019
270,272,039,019
270,272,039,019
270,272,039,019
270,272,040,019
270,272,040,019
270,272,040,019
270,272,040,019
270,272,040,019
270,272,044,019
270,272,044,019
270,272,044,019
270,272,058,019
270,272,058,019
270,272,058,019
270,272,058,019
271,272,058,019
271,272,062,019
271,272,062,019
271,272,062,019
271,272,062,019
271,272,062,020
271,272,317,020
271,272,323,020
271,272,323,020
271,272,323,020
271,272,323,020
271,272,323,020
271,272,323,020
271,272,323,020
271,272,323,020
271,272,323,020
271,272,323,020
271,272,323,020
271,272,323,020
271,272,323,020
271,272,323,020
271,272,323,020
271,272,323,020
271,272,323,020
271,272,323,020
271,272,323,020
271,272,323,020
271,272,323,020
271,272,323,021
271,272,323,021
271,272,323,021
271,272,323,021
271,272,323,021
271,272,323,021
271,272,327,021
271,272,327,021
271,272,327,021
271,272,327,021
271,272,327,021
271,272,327,021
271,272,329,021
271,272,329,021
271,272,329,021
271,272,329,021
271,272,329,021
271,272,329,021
271,272,329,021
271,272,329,021
271,272,329,021
271,272,329,021
271,272,329,021
271,272,329,021
271,272,330,021
271,272,330,021
271,272,330,021
271,272,330,021
271,272,330,021
271,272,330,021
271,272,330,021
271,272,330,021
271,272,330,021
271,272,330,021
271,272,330,021
271,272,330,021
271,272,330,021
271,272,330,021
271,272,330,022
271,272,330,022
271,272,330,022
271,272,330,022
271,272,330,022
271,272,330,022
271,272,330,022
271,272,330,022
271,272,330,022
271,272,332,022
271,272,332,022
271,272,332,022
271,272,332,022
271,272,332,022
271,272,332,022
271,272,332,022
271,272,332,022
271,272,332,022
271,272,332,022
271,272,332,022
271,272,332,022
271,272,332,022
271,272,332,022
271,272,332,022
271,272,332,022
271,272,332,022
271,272,332,022
271,272,332,022
271,272,332,022
271,272,332,023
271,272,332,023
271,272,332,023
271,272,332,023
271,272,332,023
271,272,332,023
271,272,332,023
271,272,332,023
271,272,332,023
271,272,332,023
271,272,332,023
271,272,332,023
271,272,332,023
271,272,332,023
271,272,332,023
271,272,332,023
271,272,332,023
271,272,332,023
272,272,334,023
272,272,334,023
272,272,334,023
272,272,336,023
272,272,336,023
272,272,336,023
272,272,336,023
272,272,338,023
272,272,338,023
272,272,338,023
272,272,338,023
272,272,338,023
272,272,338,023
272,272,338,023
272,272,338,023
272,272,338,023
272,272,338,023
272,272,338,023
272,272,338,023
272,272,338,023
272,272,338,023
272,272,338,023
272,272,338,023
272,272,338,023
272,272,338,023
272,272,338,023
272,272,338,023
272,272,338,023
272,272,338,023
272,272,338,023
272,273,338,023
272,273,338,023
272,273,338,023
272,273,338,023
272,273,338,023
272,273,338,023
272,273,338,023
272,273,338,023
272,273,338,023
272,273,338,023
272,273,338,023
272,273,338,023
272,273,338,024
272,273,338,024
273,273,338,024
273,273,338,024
273,273,338,024
273,273,338,024
273,273,338,024
273,273,338,024
273,273,338,024
273,273,338,024
273,273,338,024
273,273,338,024
273,273,338,024
273,273,338,024
273,273,338,024
273,273,338,024
273,273,338,024
273,273,338,024
273,273,338,024
273,273,338,024
273,273,338,024
273,273,338,024
273,273,338,024
273,273,338,024
273,273,338,024
273,273,338,024
273,273,338,024
273,273,338,024
273,273,338,024
273,273,338,024
273,273,338,024
273,273,338,024
273,273,338,024
273,273,338,024
273,273,338,024
273,273,338,024
273,273,338,024
273,273,338,024
273,273,338,024
273,273,338,024
273,273,338,024
273,273,338,024
273,273,338,024
273,273,338,024
273,273,338,024
273,273,338,024
273,273,338,024
273,273,338,024
273,273,338,025
273,273,338,025
273,273,338,025
273,273,338,025
273,273,338,025
273,273,338,025
273,273,338,025
273,273,338,025
273,273,338,025
273,273,338,025
273,273,338,025
273,273,338,025
273,273,338,025
273,273,338,025
273,273,338,025
273,273,338,025
273,273,338,025
273,273,338,025
273,273,338,025
273,273,338,025
273,273,338,025
273,273,338,026
273,273,339,026
273,273,339,026
273,273,339,026
273,273,339,026
273,273,339,026
273,273,339,026
273,273,339,026
273,273,339,026
273,273,339,026
273,273,339,026
273,273,339,026
273,273,339,026
273,273,339,026
273,273,339,026
273,273,339,026
273,273,339,026
273,273,341,026
273,273,341,026
273,273,341,026
273,273,341,027
273,273,341,027
273,273,342,027
273,273,342,027
273,273,342,027
273,273,342,027
273,273,342,027
273,273,342,027
273,273,342,027
273,273,342,027
273,273,342,027
273,273,342,027
273,273,343,027
273,273,343,028
273,273,343,028
273,273,343,028
273,273,343,028
273,273,343,028
273,273,343,028
273,273,343,028
273,273,343,028
273,273,343,028
273,273,343,028
273,273,343,028
273,273,343,028
273,273,345,028
273,273,345,028
273,273,346,028
273,273,346,028
273,273,346,029
273,273,346,029
273,273,346,029
273,273,346,029
273,273,346,029
273,273,346,029
273,273,346,029
273,273,346,029
273,273,346,029
273,273,346,029
273,273,346,029
273,273,346,029
273,273,346,029
273,273,346,029
273,273,347,029
273,273,347,029
273,273,347,029
273,273,347,029
273,273,347,030
273,273,347,030
273,273,347,030
273,273,347,030
273,273,347,030
273,273,347,030
273,273,347,030
273,273,347,030
273,273,347,030
273,273,347,030
273,273,347,030
273,273,347,030
273,273,347,030
274,273,347,030
274,273,347,030
274,274,347,030
274,274,347,030
274,274,347,030
274,274,347,030
274,274,347,031
274,274,347,031
274,274,347,031
274,274,347,031
274,274,347,031
274,274,347,031
274,274,347,031
274,274,348,031
274,274,348,031
274,274,348,031
274,274,348,031
274,274,348,031
274,274,348,031
274,274,348,031
274,274,348,031
274,274,348,031
274,274,348,031
274,274,348,031
274,274,348,031
274,274,348,031
274,274,348,031
274,274,348,031
274,274,348,032
274,274,348,032
274,274,348,032
274,274,348,032
274,274,349,032
274,274,349,032
274,274,349,032
274,274,349,032
274,274,349,033
274,274,349,033
274,274,349,033
274,274,349,033
274,274,349,033
274,274,349,033
274,274,349,033
274,274,349,033
274,274,349,033
274,274,349,033
274,274,349,033
274,274,349,033
274,274,349,033
274,274,349,033
274,274,349,033
274,274,349,033
274,274,349,034
274,274,349,034
274,274,349,034
274,274,349,034
274,274,349,034
274,274,349,034
274,274,349,034
274,274,349,034
274,274,349,034
274,274,349,034
274,274,349,034
274,274,350,034
274,274,350,034
274,274,350,034
274,274,350,034
274,274,350,035
274,274,350,035
274,274,350,035
274,274,350,035
274,274,350,035
274,274,350,035
274,274,350,035
274,274,350,035
274,274,350,035
274,274,350,035
274,274,350,036
274,274,350,036
274,274,350,036
274,274,350,036
275,274,350,036
275,274,350,036
275,274,350,036
275,274,350,036
275,274,350,036
275,274,350,036
275,274,350,036
275,274,350,036
275,274,350,037
275,274,350,037
276,274,351,037
276,275,351,037
276,275,351,037
276,275,351,037
276,275,351,037
276,275,351,037
276,275,352,037
276,275,352,037
276,275,352,037
276,275,352,037
276,275,352,037
276,275,352,037
276,275,352,037
276,275,352,038
276,275,352,038
276,275,352,038
276,275,352,038
276,275,352,038
276,275,352,038
276,275,352,038
276,275,352,038
276,275,352,038
276,275,352,038
276,275,352,039
276,275,352,039
276,275,352,039
276,275,352,039
276,275,352,039
276,275,352,039
276,275,352,039
276,275,352,039
276,275,352,040
276,276,352,040
276,276,352,040
276,276,352,040
276,276,352,040
276,276,352,041
276,276,352,041
276,276,352,041
276,276,352,041
276,276,352,041
276,276,352,042
276,276,352,043
276,276,353,043
276,276,353,043
276,276,353,043
276,276,353,043
276,276,353,043
276,276,353,043
276,276,353,043
276,276,353,043
276,276,353,043
276,276,353,044
276,276,354,044
276,276,354,044
276,276,354,044
276,276,354,044
276,276,354,044
276,276,354,044
276,276,354,044
276,276,354,044
276,276,354,045
276,276,355,045
276,276,355,045
276,276,355,045
276,276,355,045
276,276,355,045
276,276,355,045
276,276,355,045
276,276,355,045
276,276,355,046
276,276,355,046
276,276,356,046
276,276,356,046
276,276,356,047
276,276,356,049
276,276,356,051
276,276,356,051
276,276,356,053
276,276,356,053
276,276,356,055
276,276,356,058
276,276,356,059
276,276,356,059
276,276,356,059
276,276,356,059
276,276,356,059
276,277,356,059
276,277,357,059
276,277,357,059
276,277,357,060
276,277,357,062
276,277,357,323
276,277,358,323
276,277,358,323
276,277,358,323
276,277,358,323
276,278,358,327
276,278,358,327
276,278,358,327
276,278,358,327
276,278,358,329
276,278,358,329
276,278,358,329
277,278,358,329
277,278,358,329
277,278,358,330
277,278,358,330
277,278,359,330
277,278,359,332
277,278,359,332
277,278,359,332
277,278,359,332
277,278,359,332
277,278,359,332
277,278,359,332
277,278,359,332
277,278,359,332
277,278,359,332
277,278,359,332
277,278,359,332
277,278,359,333
277,278,360,333
277,278,360,334
277,278,360,334
277,278,360,334
277,278,360,334
277,278,360,334
277,278,360,334
277,278,360,334
277,278,360,335
277,278,360,335
277,278,360,335
277,278,360,335
277,278,360,335
277,278,360,335
277,278,360,335
277,278,360,335
277,278,360,335
277,278,360,335
277,278,360,335
277,278,360,336
277,278,361,336
277,278,361,336
277,278,361,337
277,278,361,337
277,278,361,337
277,278,361,337
277,278,361,337
277,278,361,337
277,278,361,337
277,278,361,337
277,278,361,337
278,278,361,337
278,278,361,337
278,278,361,337
278,278,361,338
278,278,361,338
278,278,361,338
278,278,361,338
278,278,361,338
278,278,361,338
278,278,361,338
278,278,361,338
278,278,361,339
278,278,361,339
278,278,362,339
278,278,362,339
278,278,362,339
278,278,362,339
278,278,362,339
278,278,362,339
278,278,362,339
278,278,362,339
278,278,362,339
278,278,362,339
278,278,362,339
278,278,362,339
278,278,362,339
278,278,362,339
278,278,362,339
278,278,362,339
278,278,362,340
278,278,362,341
278,278,363,341
278,278,363,341
278,278,363,341
278,278,363,341
278,278,364,341
278,278,364,341
278,278,364,341
278,278,364,341
278,278,364,341
278,278,364,341
278,278,364,341
279,279,364,341
279,279,364,341
279,279,364,341
279,279,364,341
279,279,364,341
279,279,364,341
279,279,364,342
279,279,364,342
279,279,364,342
279,279,364,342
279,279,364,342
279,279,364,342
279,279,364,342
279,279,364,342
279,279,364,342
279,279,364,342
279,279,364,342
279,279,364,342
279,279,364,342
279,279,364,342
279,279,364,342
279,279,364,342
279,279,364,342
279,279,364,342
279,279,364,342
279,279,364,343
279,279,364,343
279,279,364,343
279,279,364,343
279,279,364,343
279,279,364,343
279,279,364,343
279,279,364,343
279,279,364,343
279,279,364,343
279,279,364,343
279,279,364,343
280,279,364,343
280,279,364,343
280,279,364,343
280,279,364,343
280,279,364,344
280,279,364,344
280,279,364,344
280,279,364,344
280,279,364,344
280,279,364,344
280,279,364,344
280,279,364,344
280,279,364,344
280,279,364,344
280,279,364,344
280,279,364,344
280,279,364,344
280,279,364,344
280,279,364,344
280,279,365,345
280,279,365,345
280,279,365,345
280,279,365,345
280,279,365,345
280,279,365,345
280,279,365,345
280,279,365,345
280,279,365,345
280,279,365,345
280,279,365,345
280,279,365,345
280,279,365,345
280,279,365,345
280,279,365,345
280,279,365,345
280,279,365,345
280,279,365,345
280,279,365,345
280,279,365,345
280,279,365,345
280,279,365,345
280,279,365,346
280,279,365,346
280,279,365,346
280,279,365,346
280,279,365,346
280,279,365,346
280,279,365,346
280,279,365,346
280,279,365,346
280,279,365,346
280,279,365,346
280,279,365,346
280,279,365,346
280,279,365,346
280,279,365,346
280,279,365,346
280,279,365,346
280,279,365,346
280,279,365,346
280,279,365,346
280,279,365,347
280,279,365,347
280,279,365,347
281,279,365,347
281,279,365,347
281,279,365,347
281,279,365,347
281,280,365,347
281,280,365,347
281,280,365,347
281,280,365,347
281,280,365,347
281,280,365,347
282,280,365,347
282,280,365,347
282,280,365,347
282,280,365,347
282,280,365,347
282,280,365,347
282,280,365,347
282,280,365,347
282,280,365,347
282,280,365,347
282,280,365,347
282,280,365,347
282,280,365,347
282,280,365,347
282,280,365,347
282,280,365,347
282,280,365,347
282,280,365,347
282,280,365,347
282,280,365,347
282,280,365,347
282,280,365,347
282,280,365,347
282,280,365,348
282,280,365,348
282,280,365,348
282,280,365,348
282,280,365,348
282,280,365,348
282,280,365,348
282,280,365,348
282,280,365,348
282,280,365,348
282,280,365,348
282,280,365,348
282,280,365,348
282,280,365,348
282,280,365,348
282,280,365,348
282,280,365,348
282,280,365,348
282,280,365,348
282,280,365,348
282,280,365,348
282,280,365,348
282,280,365,348
282,280,365,348
282,280,365,348
282,280,365,348
282,280,365,348
282,280,365,348
282,280,365,348
282,280,365,349
282,280,365,349
282,280,365,349
282,280,365,349
282,280,365,349
282,280,366,349
282,280,366,349
282,280,366,349
282,280,,349
282,280,,349
282,280,,349
282,280,,349
282,280,,349
282,280,,349
282,281,,349
282,281,,349
282,281,,349
282,281,,349
282,281,,349
282,281,,349
282,281,,349
282,281,,349
283,281,,349
283,281,,349
283,281,,349
283,281,,349
283,281,,349
283,281,,349
283,282,,349
283,282,,350
283,282,,350
283,282,,350
283,282,,350
283,282,,350
283,282,,350
283,282,,350
283,282,,350
283,282,,350
283,282,,350
283,282,,350
283,282,,350
283,282,,350
283,282,,350
283,282,,350
284,282,,350
284,282,,350
285,282,,350
285,282,,350
285,282,,350
285,282,,350
285,282,,350
285,282,,350
285,282,,350
285,282,,350
285,282,,350
285,282,,350
285,282,,350
285,282,,350
285,282,,350
285,282,,350
285,282,,350
285,282,,350
285,282,,350
285,282,,350
285,282,,350
285,282,,350
285,282,,350
285,282,,350
285,282,,350
285,282,,350
285,282,,350
285,282,,350
285,282,,350
285,282,,350
285,282,,350
285,282,,350
285,282,,350
286,282,,350
286,282,,350
286,282,,350
286,282,,350
286,282,,350
286,282,,350
286,282,,350
286,282,,350
287,282,,351
289,283,,351
289,283,,351
289,283,,351
289,283,,351
289,283,,351
289,283,,351
290,283,,351
290,283,,351
290,283,,351
290,283,,351
290,283,,351
290,283,,351
290,283,,351
290,283,,351
291,283,,351
291,283,,352
293,283,,352
293,283,,352
293,283,,352
293,283,,352
296,283,,352
,283,,352
,283,,352
,283,,352
,283,,352
,283,,352
,283,,352
,283,,352
,283,,352
,283,,352
,283,,352
,283,,352
,283,,352
,283,,352
,283,,352
,283,,352
,283,,352
,283,,352
,283,,352
,283,,352
,283,,352
,283,,352
,283,,352
,284,,352
,285,,352
,285,,352
,285,,352
,285,,352
,285,,352
,285,,352
,285,,352
,285,,352
,285,,352
,285,,352
,285,,352
,285,,352
,285,,352
,285,,352
,286,,352
,286,,352
,286,,352
,287,,352
,287,,352
,287,,352
,287,,352
,287,,352
,287,,352
,287,,352
,287,,352
,287,,352
,287,,353
,287,,353
,287,,353
,287,,353
,287,,353
,287,,353
,287,,353
,287,,353
,287,,353
,287,,353
,287,,353
,287,,353
,287,,353
,287,,353
,287,,353
,287,,353
,287,,353
,287,,353
,287,,353
,287,,353
,287,,353
,288,,353
,288,,353
,288,,353
,288,,353
,288,,353
,288,,353
,288,,353
,290,,353
,290,,353
,290,,353
,290,,353
,290,,353
,290,,353
,290,,353
,290,,353
,291,,353
,291,,353
,291,,354
,291,,354
,291,,354
,291,,354
,293,,354
,293,,354
,293,,354
,293,,354
,293,,354
,293,,354
,293,,354
,293,,354
,293,,354
,,,354
,,,354
,,,354
,,,354
,,,354
,,,354
,,,354
,,,354
,,,354
,,,354
,,,354
,,,354
,,,354
,,,354
,,,354
,,,354
,,,354
,,,354
,,,354
,,,354
,,,354
,,,354
,,,354
,,,354
,,,354
,,,354
,,,354
,,,354
,,,355
,,,355
,,,355
,,,355
,,,355
,,,355
,,,355
,,,355
,,,355
,,,355
,,,355
,,,355
,,,355
,,,355
,,,355
,,,355
,,,355
,,,355
,,,355
,,,355
,,,355
,,,355
,,,355
,,,355
,,,355
,,,355
,,,355
,,,355
,,,355
,,,355
,,,355
,,,355
,,,355
,,,355
,,,355
,,,355
,,,355
,,,355
,,,355
,,,355
,,,355
,,,355
,,,355
,,,355
,,,355
,,,355
,,,355
,,,355
,,,355
,,,355
,,,356
,,,356
,,,356
,,,356
,,,356
,,,356
,,,356
,,,356
,,,356
,,,356
,,,356
,,,356
,,,356
,,,356
,,,356
,,,356
,,,356
,,,356
,,,356
,,,356
,,,356
,,,356
,,,356
,,,356
,,,356
,,,356
,,,356
,,,356
,,,356
,,,356
,,,357
,,,357
,,,357
,,,357
,,,357
,,,357
,,,357
,,,357
,,,357
,,,357
,,,357
,,,357
,,,357
,,,357
,,,357
,,,357
,,,357
,,,357
,,,357
,,,357
,,,357
,,,357
,,,357
,,,357
,,,357
,,,357
,,,357
,,,357
,,,357
,,,357
,,,357
,,,357
,,,357
,,,358
,,,358
,,,358
,,,358
,,,358
,,,358
,,,358
,,,358
,,,358
,,,358
,,,358
,,,358
,,,358
,,,358
,,,358
,,,358
,,,358
,,,358
,,,358
,,,358
,,,358
,,,358
,,,358
,,,358
,,,358
,,,358
,,,358
,,,358
,,,358
,,,358
,,,358
,,,358
,,,358
,,,358
,,,358
,,,358
,,,358
,,,359
,,,359
,,,359
,,,359
,,,359
,,,359
,,,359
,,,359
,,,359
,,,359
,,,359
,,,359
,,,359
,,,359
,,,359
,,,359
,,,359
,,,359
,,,359
,,,359
,,,359
,,,359
,,,359
,,,359
,,,359
,,,360
,,,360
,,,360
,,,360
,,,360
,,,360
,,,360
,,,360
,,,360
,,,360
,,,360
,,,360
,,,360
,,,360
,,,360
,,,360
,,,360
,,,360
,,,360
,,,360
,,,360
,,,360
,,,360
,,,360
,,,360
,,,360
,,,360
,,,360
,,,360
,,,360
,,,360
,,,360
,,,360
,,,360
,,,360
,,,360
,,,361
,,,361
,,,361
,,,361
,,,361
,,,361
,,,361
,,,361
,,,361
,,,361
,,,361
,,,361
,,,361
,,,361
,,,361
,,,361
,,,362
,,,362
,,,362
,,,362
,,,362
,,,362
,,,362
,,,362
,,,362
,,,362
,,,362
,,,362
,,,362
,,,362
,,,362
,,,362
,,,362
,,,362
,,,362
,,,362
,,,362
,,,362
,,,362
,,,362
,,,362
,,,362
,,,362
,,,362
,,,362
,,,362
,,,362
,,,362
,,,362
,,,362
,,,362
,,,362
,,,362
,,,362
,,,362
,,,362
,,,362
,,,362
,,,362
,,,362
,,,362
,,,362
,,,362
,,,362
,,,362
,,,362
,,,362
,,,362
,,,362
,,,362
,,,362
,,,362
,,,363
,,,363
,,,363
,,,363
,,,363
,,,363
,,,363
,,,363
,,,363
,,,363
,,,363
,,,363
,,,363
,,,363
,,,363
,,,363
,,,363
,,,363
,,,363
,,,363
,,,363
,,,363
,,,363
,,,363
,,,363
,,,363
,,,363
,,,363
,,,363
,,,363
,,,363
,,,363
,,,363
,,,363
,,,363
,,,363
,,,363
,,,363
,,,363
,,,363
,,,363
,,,363
,,,363
,,,363
,,,363
,,,363
,,,363
,,,363
,,,363
,,,363
,,,363
,,,363
,,,363
,,,363
,,,363
,,,363
,,,364
,,,364
,,,364
,,,364
,,,364
,,,364
,,,364
,,,364
,,,364
,,,364
,,,364
,,,364
,,,364
,,,364
,,,364
,,,364
,,,364
,,,364
,,,364
,,,364
,,,364
,,,364
,,,364
,,,364
,,,364
,,,364
,,,364
,,,364
,,,364
,,,364
,,,364
,,,364
,,,364
,,,364
,,,364
,,,364
,,,364
,,,364
,,,364
,,,364
,,,364
,,,364
,,,364
,,,364
,,,364
,,,364
,,,364
,,,364
,,,364
,,,364
,,,364
,,,364
,,,364
,,,364
,,,364
,,,364
,,,364
,,,364
,,,364
,,,364
,,,364
,,,364
,,,364
,,,364
,,,364
,,,364
,,,364
,,,364
,,,364
,,,364
,,,365
,,,365
,,,365
,,,365
,,,365
,,,365
,,,365
,,,365
,,,365
,,,365
,,,365
,,,365
,,,365
,,,365
,,,365
,,,365
,,,365
,,,365
,,,365
,,,365
,,,365
,,,365
,,,365
,,,365
,,,365
,,,365
,,,365
,,,365
,,,365
,,,365
,,,365
,,,365
,,,365
,,,365
,,,365
,,,365
,,,365
,,,365
,,,365
,,,365
,,,365
,,,365
,,,365
,,,365
,,,365
,,,365
,,,365
,,,365
,,,365
,,,365
,,,365
,,,365
,,,365
,,,365
,,,365
,,,365
,,,365
,,,366
,,,366
,,,366
,,,366
,,,366
,,,366
,,,366
,,,366
,,,366
