Wild Fall Chinook,Hatchery Fall Chinook,Wild Summer Steelhead,Hatchery Summer Steelhead,Wild Type N Coho,Hatchery Type N Coho,Wild Chum
239,240,127,162,004,003,308
240,241,127,162,004,003,308
242,242,129,162,004,004,308
242,242,129,162,004,004,308
243,243,129,162,004,004,310
243,243,129,162,004,004,310
244,243,130,162,004,004,310
244,243,130,162,004,004,310
244,244,131,162,004,004,310
245,244,131,162,004,004,310
245,244,131,162,004,004,311
246,245,132,162,004,004,311
247,245,133,162,004,004,311
248,245,133,162,004,004,312
249,245,133,162,004,004,312
250,246,134,162,004,004,312
250,246,136,162,004,004,313
251,246,136,162,004,004,313
251,247,136,162,004,004,313
251,247,138,162,004,004,313
251,248,138,162,004,004,313
251,249,139,162,004,004,313
252,249,139,162,004,004,313
252,249,140,162,004,004,314
252,249,140,162,004,004,314
252,249,141,162,004,004,314
252,250,141,162,004,004,314
252,250,141,162,004,004,315
252,251,141,162,004,004,315
252,251,141,162,004,004,315
252,251,141,162,004,004,315
252,251,142,165,004,004,315
252,251,142,165,004,004,315
252,251,142,165,004,004,316
252,251,142,165,004,004,316
253,251,142,165,004,004,316
253,251,142,165,004,004,316
253,252,143,165,004,004,316
253,252,143,165,004,004,316
253,252,143,165,004,004,316
253,252,143,165,004,004,316
253,252,143,165,004,004,316
254,252,143,165,004,004,316
254,252,144,165,004,004,316
254,252,144,165,004,004,316
255,252,144,167,004,004,316
255,252,144,167,004,004,316
256,252,144,167,004,004,316
256,253,147,167,004,004,316
256,253,147,167,004,004,316
256,253,147,167,004,004,316
256,253,149,167,004,004,317
256,253,149,167,004,004,317
256,253,149,167,004,004,317
257,253,149,167,004,004,317
257,253,149,168,004,004,317
257,253,149,168,004,004,317
257,253,150,168,004,004,317
257,253,150,168,004,004,317
257,253,151,168,004,004,317
257,253,151,168,004,004,317
257,253,151,168,004,004,317
257,253,151,168,004,004,317
257,253,151,168,004,004,317
257,253,151,168,004,004,317
257,254,151,168,004,004,317
258,254,152,168,004,004,317
258,254,152,168,004,004,318
258,254,152,168,004,004,318
258,254,152,168,004,004,318
258,254,153,168,004,004,318
258,254,153,168,004,004,318
258,254,153,170,004,004,318
258,254,153,170,004,004,319
258,254,153,170,004,004,319
258,254,153,170,004,004,319
259,254,153,170,004,004,319
259,254,153,170,004,004,319
259,254,154,170,004,004,319
259,254,155,170,004,004,319
259,254,155,170,004,004,319
259,254,155,170,004,004,319
259,254,155,170,004,004,319
259,254,155,170,004,004,319
259,254,155,170,004,004,319
259,254,155,170,004,004,319
259,254,155,175,004,004,319
259,254,155,175,004,004,319
259,254,155,175,004,004,319
259,254,155,175,004,004,319
260,254,155,175,004,004,319
260,254,155,175,004,004,319
260,254,155,175,004,004,319
260,254,155,175,004,004,319
260,254,155,175,004,004,319
260,254,155,175,004,004,319
260,254,155,175,004,004,319
261,254,155,175,004,004,319
261,254,155,175,004,004,319
261,255,155,175,004,004,319
261,255,155,175,007,004,319
261,255,155,175,007,004,319
261,255,155,175,007,007,319
261,255,155,184,007,007,319
261,255,155,184,007,007,319
261,255,155,184,007,007,319
261,255,155,184,007,012,320
261,255,155,184,007,012,320
261,255,155,184,007,012,320
261,255,155,184,007,012,320
261,255,155,184,007,012,320
261,255,155,184,007,012,320
261,255,155,184,007,012,320
261,255,155,184,007,012,320
261,255,155,184,007,012,320
261,256,155,184,007,012,320
262,256,155,184,007,012,320
262,256,155,184,007,012,320
262,256,155,184,007,012,320
262,256,155,184,007,012,320
262,256,155,184,007,012,320
262,256,155,184,007,012,320
262,256,155,184,007,012,320
262,256,155,188,007,012,320
263,256,155,188,007,012,320
263,256,155,188,007,280,320
263,256,155,188,007,280,320
263,256,155,188,007,280,320
264,256,155,188,007,280,320
264,256,155,188,007,281,320
264,256,155,188,007,281,320
266,256,155,188,007,281,320
266,256,155,188,007,281,320
266,256,155,191,007,281,321
266,256,155,191,280,281,321
266,256,155,191,283,281,321
266,256,155,191,283,281,321
266,256,155,191,283,281,321
266,256,155,191,286,281,321
266,256,155,191,286,281,321
267,256,155,191,286,281,321
267,256,155,191,286,281,321
267,256,155,191,286,283,321
267,256,155,191,286,283,321
267,256,155,191,286,286,321
267,256,155,191,286,286,321
267,256,155,191,286,286,321
267,256,155,191,286,286,321
267,256,155,191,286,286,321
267,257,155,191,288,286,321
268,257,155,191,288,286,321
268,257,155,191,288,286,321
268,257,155,191,288,286,321
268,257,155,191,293,286,321
268,257,155,191,293,286,321
268,257,155,191,293,286,321
268,257,155,191,293,286,321
269,257,155,191,294,286,321
269,257,155,191,294,286,321
269,257,155,191,294,286,321
269,257,155,192,294,288,321
269,257,155,192,294,288,321
269,257,155,192,295,288,321
269,257,155,192,295,288,321
269,257,156,192,296,291,321
269,257,156,192,296,291,321
269,257,156,192,296,291,321
269,257,156,192,296,291,321
269,257,156,192,296,291,322
269,257,156,192,296,291,322
269,257,156,192,296,291,322
269,257,156,192,296,291,322
270,257,156,192,296,291,322
270,257,156,192,296,291,322
270,257,156,192,296,291,322
270,257,156,192,296,291,322
270,257,157,192,296,292,322
270,257,157,192,296,292,322
270,257,157,192,296,292,322
270,257,157,192,296,292,322
270,257,157,192,296,292,322
270,257,157,192,296,292,322
271,258,157,192,296,292,322
271,258,158,192,309,292,322
271,258,158,192,309,292,322
271,258,158,192,309,292,322
271,258,158,192,309,292,322
271,258,158,192,309,292,322
271,258,158,192,309,292,322
271,258,158,192,309,292,322
271,258,159,192,309,292,322
271,258,159,192,309,292,322
271,258,159,192,309,292,322
271,259,159,192,309,292,322
271,259,159,192,309,292,322
271,259,159,192,309,292,322
271,259,159,192,309,292,322
271,259,159,192,309,292,322
271,259,159,192,309,292,322
271,259,159,192,309,292,322
271,259,159,192,309,292,322
271,259,159,192,309,292,322
271,259,159,192,309,292,322
271,259,159,192,309,292,322
271,259,159,192,309,292,322
271,259,159,192,309,292,322
271,259,159,192,309,292,322
271,259,159,192,309,293,322
271,259,159,192,309,293,322
271,259,159,192,309,293,322
271,259,159,192,309,293,324
271,259,159,192,309,293,324
271,259,159,192,309,294,324
271,259,159,192,309,294,324
271,259,159,192,309,294,324
271,259,159,192,309,294,324
271,260,159,192,309,294,324
271,260,159,192,309,294,324
271,260,159,192,309,294,324
272,260,159,192,309,294,324
272,260,160,195,309,294,324
272,260,160,195,309,294,324
272,260,160,195,309,294,324
272,260,160,195,309,294,324
272,260,160,198,309,294,324
272,260,160,198,309,294,324
272,260,160,198,309,294,324
272,260,160,198,309,294,324
272,260,160,198,309,294,324
272,260,160,198,309,294,324
272,260,160,198,309,294,324
272,260,160,198,309,294,324
272,260,160,198,309,294,324
272,260,160,198,309,294,324
272,260,160,198,309,294,324
272,261,161,198,309,294,324
272,261,161,198,309,294,324
272,261,162,198,309,294,324
272,261,162,198,309,294,324
272,261,162,198,309,294,324
272,261,162,198,309,294,324
272,261,162,198,309,294,324
272,261,162,198,309,294,324
272,261,162,198,309,294,324
272,261,162,198,312,294,324
273,261,162,198,312,294,324
273,261,162,198,315,294,324
273,261,162,198,315,294,324
273,261,162,198,315,294,324
273,261,162,198,315,294,324
273,261,162,198,315,294,324
273,261,162,198,315,294,324
273,261,162,198,315,295,324
273,261,162,198,315,295,324
273,261,162,198,315,295,324
273,261,162,198,315,295,324
273,261,163,198,315,295,324
273,261,163,198,315,295,324
273,261,163,198,315,295,324
273,261,163,198,315,295,324
273,261,163,198,316,295,324
273,261,164,198,316,295,324
273,261,164,198,316,295,324
273,261,164,198,316,295,324
273,261,164,198,316,295,324
273,261,164,198,316,295,324
273,261,164,198,316,295,324
273,261,164,198,316,295,324
273,261,164,199,316,295,324
273,261,165,199,316,295,324
273,261,165,199,316,295,324
273,261,165,199,316,295,324
273,261,165,199,316,295,324
273,261,165,199,316,295,324
273,261,165,199,316,295,324
273,261,166,199,316,295,324
273,261,166,199,316,295,324
273,261,166,199,316,295,324
273,261,166,202,316,295,324
273,261,167,202,316,295,324
273,261,167,202,316,295,324
273,261,168,202,316,295,324
273,261,168,204,316,295,324
273,261,168,204,316,295,324
273,261,168,204,316,295,324
273,261,168,204,316,295,324
273,261,168,204,316,295,324
273,261,168,204,316,295,324
273,261,168,204,316,295,325
273,261,168,205,316,295,325
273,261,168,205,316,295,325
273,261,168,205,316,295,325
273,261,168,205,316,295,325
273,261,168,205,316,295,325
273,261,169,205,316,295,325
273,261,169,205,316,295,325
273,261,169,205,316,295,325
273,261,169,205,316,295,325
273,261,169,205,316,295,325
273,261,169,205,316,295,325
273,261,169,205,316,295,325
273,261,169,205,316,295,325
273,261,169,205,316,295,325
273,261,169,205,316,295,325
273,262,169,209,316,295,325
273,262,169,209,316,295,325
273,262,169,209,316,295,325
273,262,169,209,316,295,325
273,262,169,209,316,295,325
274,262,169,209,316,296,325
274,262,169,209,316,296,325
274,262,170,209,316,296,325
274,262,170,209,316,296,325
274,262,170,209,316,296,325
274,262,170,209,316,296,325
274,262,170,209,316,296,325
274,262,170,209,316,296,325
274,262,170,209,321,296,325
274,262,170,209,321,296,325
274,262,170,209,321,296,325
274,263,172,209,321,296,325
274,263,172,209,321,296,325
274,263,172,209,321,296,325
274,263,172,209,321,296,325
274,263,172,209,327,296,325
274,263,172,214,327,296,325
274,263,172,214,327,296,325
274,263,172,214,327,296,325
275,263,172,214,327,296,325
275,263,172,214,327,296,325
275,263,172,214,327,296,325
276,263,172,214,327,296,325
276,263,172,214,327,296,325
276,263,173,214,327,296,325
276,263,173,214,327,296,325
276,263,173,218,327,296,325
276,263,173,218,327,296,325
276,263,173,218,327,297,325
276,263,173,218,327,297,325
276,263,173,218,327,297,325
276,263,173,218,327,297,325
276,263,173,218,327,297,325
276,263,173,218,327,297,325
276,264,173,218,327,297,325
276,264,173,218,327,297,325
276,264,174,218,327,297,325
276,264,174,218,327,297,325
276,264,174,218,327,297,325
276,264,174,218,327,297,325
276,264,174,218,327,297,325
276,264,174,218,327,298,325
276,264,174,219,329,298,325
277,264,174,219,330,298,325
277,264,174,219,330,298,325
277,264,174,219,330,298,325
277,264,174,219,330,298,325
277,264,174,219,330,298,326
277,264,174,219,330,298,326
278,264,174,219,330,298,326
278,264,175,219,330,298,326
278,264,175,219,330,298,326
278,264,175,219,330,298,326
278,264,175,219,330,298,326
279,264,175,219,330,299,326
279,264,175,220,330,299,326
279,264,175,220,330,299,326
279,264,175,220,330,299,326
279,264,175,220,330,299,326
279,264,175,220,330,299,326
279,264,175,222,330,299,326
279,264,175,222,330,299,326
279,264,175,222,330,299,326
279,264,175,222,331,299,326
279,264,175,222,331,299,326
279,264,175,222,331,299,326
279,264,176,222,331,299,326
279,264,176,222,331,299,326
279,265,176,222,331,300,326
279,265,176,222,331,300,326
279,266,177,222,331,300,326
279,266,177,222,331,300,326
279,266,177,222,331,300,326
279,266,177,223,331,300,326
279,266,177,223,331,300,326
279,266,177,223,331,300,326
279,266,177,224,331,300,326
279,266,177,224,331,300,326
279,266,177,224,331,300,326
279,266,177,224,331,300,326
279,266,177,224,331,300,326
279,266,177,226,331,300,326
279,266,179,226,331,300,326
279,266,179,226,331,300,326
279,266,179,226,331,300,326
279,266,179,226,331,301,326
279,266,179,227,331,301,326
279,266,179,227,331,301,326
279,266,179,227,331,303,326
279,266,179,227,331,303,326
279,266,179,227,331,303,326
279,266,179,227,331,303,326
279,266,179,227,331,303,326
279,266,179,228,331,303,326
279,266,179,228,331,303,326
279,266,179,228,331,303,326
279,266,179,231,331,303,326
279,266,179,231,331,303,326
279,266,179,231,331,303,326
279,266,180,231,331,303,326
279,266,180,231,331,303,326
279,266,180,234,331,303,327
279,266,180,234,331,303,327
279,266,180,234,331,303,327
279,266,180,236,331,303,327
279,266,181,236,331,303,327
279,266,181,236,331,303,327
279,266,181,239,331,303,327
279,266,181,239,331,303,327
279,266,181,239,331,303,327
279,266,181,240,331,303,327
280,266,181,240,331,303,327
280,266,181,240,331,303,327
280,266,181,241,331,303,327
280,266,182,241,331,303,327
280,266,182,241,331,303,327
280,266,182,241,331,303,327
280,266,182,241,331,303,327
280,266,182,241,331,303,327
280,266,182,241,331,303,327
280,266,182,241,331,303,327
280,267,183,241,331,303,327
280,267,183,241,331,303,327
280,267,183,241,331,303,327
280,267,183,241,331,303,327
280,267,183,241,331,303,327
280,267,183,241,331,303,327
280,267,183,241,331,303,327
280,267,183,241,331,304,328
280,267,183,241,331,304,328
280,267,183,241,331,304,328
280,267,184,241,331,304,328
280,267,184,241,331,304,328
280,267,184,241,331,304,328
280,267,184,241,331,304,328
280,267,184,242,331,304,328
280,267,184,242,331,304,328
280,267,184,242,331,304,328
280,267,184,242,331,304,329
280,267,184,242,331,304,329
280,267,184,242,331,304,329
280,267,184,242,331,304,329
280,267,184,242,331,306,329
280,267,184,242,331,306,329
280,267,184,242,331,306,329
280,267,184,242,331,306,329
280,267,184,242,331,306,329
280,268,184,242,331,306,329
280,268,186,242,331,306,329
280,268,186,242,331,306,329
281,268,186,242,331,306,329
281,268,187,242,331,306,329
281,268,187,242,331,306,329
281,268,187,242,331,306,329
281,268,187,242,331,306,329
281,268,187,243,331,306,329
281,268,187,243,331,306,329
281,268,187,243,331,306,329
281,268,188,245,331,306,329
281,268,188,245,331,306,329
281,268,188,245,331,306,329
281,268,188,252,331,306,329
281,268,188,252,331,306,329
281,268,188,252,331,306,329
281,268,188,252,331,306,329
281,268,188,252,331,306,329
281,268,188,252,333,306,329
281,268,188,254,333,306,329
281,268,188,254,333,306,329
281,268,188,254,333,306,329
281,268,188,254,333,306,329
281,268,189,254,333,306,329
281,268,189,254,333,306,329
281,268,189,257,333,306,329
281,268,189,257,333,306,329
281,268,189,257,333,306,329
281,268,189,257,333,306,329
281,268,189,257,333,306,329
281,268,189,257,333,306,329
281,268,189,257,333,306,329
281,268,189,257,333,306,329
282,268,189,257,333,306,329
282,268,189,257,333,306,329
282,268,189,257,333,306,329
282,268,189,257,333,306,329
282,268,189,257,333,306,329
282,268,189,257,333,306,329
282,268,189,257,333,306,329
282,268,189,257,333,306,329
282,268,189,257,333,306,329
282,268,189,257,333,306,329
282,268,189,257,333,306,329
282,268,189,257,333,306,329
282,268,189,257,333,306,329
282,268,189,257,333,306,329
282,268,190,257,333,306,329
282,268,190,257,333,306,329
283,268,190,257,333,306,329
283,268,190,257,333,306,329
283,268,190,257,333,307,329
283,268,190,257,333,307,329
283,268,190,257,333,307,329
283,268,190,257,333,307,329
283,268,190,257,333,307,329
283,268,190,257,333,307,329
283,268,190,257,333,307,329
283,268,190,257,333,307,329
283,268,190,257,333,307,329
283,268,190,257,333,307,329
283,268,190,257,333,307,329
283,268,190,257,333,307,329
283,268,190,257,333,307,329
283,268,190,257,333,307,329
283,268,190,257,333,307,329
283,268,190,257,333,307,329
283,268,191,257,333,307,329
283,268,191,257,333,307,329
283,268,191,257,333,307,329
283,268,191,257,333,307,329
283,268,191,257,333,307,329
283,268,191,257,333,307,329
284,268,191,257,333,307,329
285,268,191,257,333,307,329
285,268,191,260,333,307,329
285,268,191,260,333,307,330
285,268,191,260,333,307,330
285,268,191,260,333,307,330
285,268,191,260,333,307,330
285,268,191,260,333,307,330
285,268,191,260,333,307,330
285,269,191,260,333,307,330
285,269,191,260,333,307,330
285,269,192,260,333,307,330
285,269,192,260,333,307,330
285,269,192,260,333,307,330
285,269,192,262,333,307,330
285,269,192,262,333,307,330
285,269,192,262,333,307,330
285,269,192,262,333,307,330
285,269,192,262,333,307,330
285,269,192,262,333,307,330
285,269,192,262,333,307,330
285,269,192,262,333,307,330
285,269,192,262,333,307,330
285,269,192,262,333,307,330
285,269,192,262,333,307,330
285,269,192,262,333,307,330
285,269,192,262,333,307,330
285,269,192,262,333,307,330
285,269,192,266,333,307,330
285,269,192,266,333,307,330
285,270,192,266,333,307,330
285,270,192,266,333,307,330
285,270,192,266,333,307,330
285,270,192,266,333,307,330
285,270,192,267,333,307,330
285,270,192,267,333,307,330
285,270,192,267,333,307,330
285,270,192,267,333,307,330
285,270,192,267,333,307,330
285,270,192,267,333,307,330
285,270,192,268,333,307,330
285,270,192,268,333,307,330
285,270,193,268,333,307,330
285,270,193,270,333,307,330
285,270,194,270,333,307,330
285,270,194,270,333,307,330
285,270,194,270,333,307,330
285,270,194,270,333,307,330
285,270,194,270,333,307,330
285,270,194,270,333,307,330
285,270,194,270,333,307,330
285,270,194,270,333,307,330
285,270,194,270,333,307,330
285,270,194,270,333,307,330
285,270,194,270,333,307,330
285,270,194,270,333,307,330
285,270,194,270,333,307,330
285,270,195,270,333,307,330
285,271,195,270,333,307,330
285,271,195,270,333,307,330
285,271,195,270,333,308,330
285,271,195,270,333,308,330
285,271,195,270,335,308,330
285,271,195,270,335,308,330
285,271,195,270,335,308,330
285,271,196,270,335,308,330
285,271,196,270,335,308,330
285,271,196,270,335,308,330
285,271,196,270,335,308,330
285,271,196,270,335,308,330
285,271,196,270,335,308,330
285,271,196,270,335,308,330
285,271,196,271,335,308,330
285,271,196,271,335,308,330
285,271,196,271,335,308,330
285,271,196,271,335,308,330
285,271,196,271,335,308,330
285,271,196,271,335,308,330
285,271,196,271,335,308,330
285,271,196,271,335,308,330
285,271,196,271,335,308,330
285,271,196,271,335,308,330
285,271,197,271,335,308,330
285,271,197,271,335,308,330
285,271,197,271,335,308,330
285,271,197,271,335,308,330
285,271,197,272,335,308,330
285,271,197,272,335,308,330
285,271,197,272,335,308,330
285,271,197,272,335,308,330
285,271,197,272,335,308,330
285,271,197,272,335,308,330
285,271,197,272,335,308,330
285,271,197,275,335,308,330
285,271,197,275,335,308,330
285,271,197,275,335,308,330
285,271,197,275,335,308,330
285,271,197,275,335,308,331
285,271,197,275,335,308,331
285,271,197,275,335,308,331
285,271,197,275,335,308,331
285,271,197,275,335,308,331
285,271,197,275,335,308,331
285,271,197,275,335,308,331
285,271,197,275,335,308,331
285,271,197,275,335,308,331
285,271,197,275,335,308,331
285,271,197,276,335,308,331
285,271,197,276,335,308,331
285,271,197,276,335,308,331
285,271,197,276,335,308,331
285,271,197,276,335,308,331
285,271,197,276,335,308,331
285,271,197,276,335,308,331
285,271,197,276,335,308,331
285,271,197,276,335,308,331
285,271,197,276,335,308,331
285,271,197,276,335,308,331
285,271,197,276,335,308,331
285,271,197,276,335,308,331
285,271,197,276,335,309,331
285,271,197,276,335,309,331
285,271,197,276,335,309,331
285,271,198,279,335,309,331
285,271,198,279,335,309,331
285,271,198,279,335,309,331
286,271,198,279,335,309,331
286,271,198,288,335,309,331
286,271,198,288,335,309,331
286,271,198,288,335,309,332
286,271,198,288,335,309,332
286,271,198,288,335,309,332
286,271,198,288,335,309,332
286,271,198,288,335,309,332
286,271,198,288,335,309,332
286,271,198,288,335,309,332
286,271,198,288,335,309,332
287,271,198,288,335,309,332
287,271,198,288,335,309,332
287,271,198,293,335,309,332
287,271,198,293,335,309,332
287,271,198,293,335,309,332
287,271,198,293,335,309,332
287,271,198,293,335,309,332
288,271,198,293,335,309,332
288,271,198,293,335,309,332
288,272,198,293,335,309,332
288,272,198,293,335,309,332
288,272,198,293,335,309,332
288,272,198,293,335,309,332
288,272,198,293,335,309,332
288,272,199,293,335,309,332
288,272,199,293,335,309,332
288,272,199,293,335,309,332
288,272,199,293,335,309,332
288,272,199,293,335,309,332
288,272,199,293,335,309,332
288,272,199,293,335,309,332
288,272,199,293,335,309,332
288,272,199,293,335,309,332
288,272,199,294,335,309,332
288,272,200,294,335,309,332
288,272,200,294,335,309,332
288,272,200,294,335,309,332
288,272,200,294,335,309,332
288,272,201,294,335,309,332
288,272,201,294,335,309,332
288,272,201,294,335,309,332
288,272,201,294,335,309,332
288,272,201,294,335,309,332
288,272,201,294,335,309,332
288,272,201,294,335,309,332
288,272,201,295,335,309,332
288,272,201,295,335,309,332
288,272,201,295,335,309,332
288,272,202,295,335,309,332
288,272,202,295,335,309,332
289,272,202,295,335,309,332
289,272,202,295,335,309,332
289,272,202,295,335,309,332
289,272,202,295,335,309,332
289,272,202,295,335,309,333
289,272,202,295,335,309,333
289,272,202,295,335,309,333
289,272,203,296,335,309,333
289,272,203,296,335,309,333
289,272,203,296,335,309,333
289,272,203,296,335,309,333
289,272,203,296,335,309,333
289,272,203,296,335,309,333
289,272,204,300,335,309,333
289,272,204,300,335,309,333
289,272,204,300,335,309,333
289,272,204,300,335,309,333
289,272,205,300,335,309,333
289,272,205,300,335,309,334
289,272,205,300,335,309,334
289,272,205,300,335,309,334
289,272,205,300,335,309,334
289,273,206,300,335,309,334
289,273,206,300,335,309,334
289,273,206,300,335,309,334
289,273,207,300,335,309,334
289,273,207,300,335,309,334
289,273,207,300,335,309,334
289,273,207,300,335,309,334
289,273,208,300,335,309,334
289,273,208,300,335,309,334
289,273,209,300,335,309,334
289,273,209,300,335,309,334
289,273,209,300,335,310,334
289,273,209,300,335,310,334
289,273,209,300,335,310,334
289,273,209,300,335,310,334
289,273,209,300,335,310,334
289,273,209,300,335,310,334
289,273,209,306,335,310,334
289,273,209,306,335,310,334
289,273,209,306,335,310,334
289,273,209,306,335,310,334
290,273,209,306,335,310,334
292,273,210,306,335,310,334
292,273,210,306,335,310,334
292,273,210,306,335,310,334
292,273,210,306,335,310,334
292,273,210,306,335,310,334
292,273,210,306,335,310,334
292,273,210,306,335,310,334
292,273,210,306,335,310,334
292,273,210,306,335,310,334
292,273,211,306,335,310,334
292,273,211,306,335,310,334
292,273,211,306,335,310,334
292,273,214,306,335,310,334
292,273,216,306,335,311,334
292,273,216,306,335,311,334
292,273,218,306,335,311,334
292,273,218,306,335,311,334
292,273,218,306,335,311,334
292,273,218,306,335,311,334
292,273,219,306,335,311,334
292,273,219,306,335,311,334
292,273,219,306,335,311,334
292,273,219,306,335,311,334
292,273,219,306,335,311,334
292,273,219,306,335,311,334
292,273,219,306,335,311,334
292,273,219,306,335,311,334
293,273,219,306,335,311,334
293,273,222,306,335,311,334
293,273,222,306,335,311,334
293,273,222,306,335,311,334
293,273,222,306,335,311,334
293,273,222,306,335,311,334
293,273,222,306,335,311,334
293,273,222,306,335,311,334
294,273,227,306,335,311,334
294,273,229,306,335,311,334
294,273,229,306,335,311,334
294,273,229,306,335,311,334
294,273,229,306,335,311,334
295,273,229,306,335,311,334
295,273,230,306,335,311,334
295,273,230,306,335,311,334
295,273,230,306,335,311,334
295,273,230,306,335,311,334
295,273,230,306,335,311,334
295,273,231,306,335,311,334
295,273,231,306,335,311,334
295,273,231,306,335,311,334
295,273,231,306,335,311,334
295,273,231,306,335,311,334
295,273,231,306,335,311,334
295,273,231,306,335,311,334
295,273,231,306,335,311,334
295,273,231,306,335,311,334
295,273,231,306,335,311,334
295,273,231,306,335,311,334
295,273,232,306,335,311,334
295,273,232,306,335,311,334
295,273,233,306,335,311,334
295,273,233,306,335,311,334
295,273,234,306,335,311,334
296,273,234,306,335,311,334
296,273,234,306,335,311,334
296,273,234,306,335,311,334
296,273,234,306,335,311,334
296,273,234,306,335,311,334
296,273,234,306,335,311,334
296,273,234,306,335,311,334
296,273,234,306,335,311,334
296,273,234,306,335,311,334
296,274,234,306,335,311,334
296,274,234,306,335,311,334
296,274,234,306,335,311,335
296,274,234,306,335,311,335
296,274,234,306,335,311,335
296,274,234,306,335,311,335
296,274,234,306,335,311,335
296,274,237,306,335,311,335
296,274,237,306,337,311,335
296,274,237,306,337,311,335
296,274,237,306,337,311,335
296,274,239,306,337,311,335
296,274,239,306,337,311,335
296,274,240,306,337,311,335
296,274,240,306,337,311,335
296,274,241,306,337,311,335
296,274,241,306,337,311,335
296,274,242,306,337,311,335
296,274,242,306,337,312,335
296,274,242,306,337,312,335
296,274,242,306,337,312,335
296,274,242,306,337,312,335
296,274,243,306,337,312,335
296,274,243,306,337,312,335
296,274,243,310,337,312,335
296,274,243,310,337,312,335
296,274,243,310,337,312,335
296,274,244,310,337,312,335
296,274,244,310,337,312,335
296,274,245,310,337,312,335
296,274,245,310,337,312,335
296,274,245,310,337,312,335
296,274,245,310,337,312,336
296,274,245,310,337,312,336
296,274,245,310,337,312,336
296,274,245,310,337,312,336
297,274,245,310,337,312,336
297,274,245,310,337,312,336
297,274,245,310,337,312,336
297,274,245,310,337,312,336
297,274,245,310,337,312,336
297,274,245,310,337,312,336
297,274,245,310,337,312,336
297,274,245,310,337,312,336
297,274,245,310,337,312,336
297,274,245,310,337,312,336
297,274,246,310,337,312,337
297,274,246,310,337,312,337
297,274,251,310,337,312,337
297,274,251,310,337,312,337
297,274,251,310,337,312,337
297,274,252,310,337,312,337
297,274,252,310,337,313,337
297,274,252,310,337,313,337
297,274,252,310,337,313,337
297,274,252,310,337,313,337
297,274,252,310,337,313,337
297,274,252,310,337,313,337
297,274,252,310,337,313,337
297,274,252,310,337,313,337
297,274,253,310,337,313,337
297,274,253,310,337,313,337
297,274,253,310,337,313,337
297,274,253,310,337,313,337
297,274,255,310,337,313,337
297,274,255,310,337,313,337
297,274,255,310,337,313,337
297,274,255,310,337,313,337
299,274,255,310,337,313,337
299,274,255,310,337,313,337
299,274,255,310,337,313,337
299,274,255,310,337,313,337
299,274,255,310,337,313,337
299,274,255,310,337,313,337
299,274,255,310,337,313,337
299,274,255,310,337,313,337
299,274,255,310,337,313,337
299,274,255,310,337,314,337
299,274,255,310,337,314,337
299,274,255,310,337,314,337
300,274,255,310,337,314,337
300,274,255,,337,314,337
300,275,256,,337,314,337
300,275,256,,337,314,337
300,275,257,,337,314,337
300,275,260,,337,314,337
300,275,260,,337,314,337
300,275,260,,337,314,337
300,275,260,,337,314,337
300,275,261,,337,314,337
300,275,261,,337,314,337
300,275,261,,337,314,338
300,275,261,,337,314,338
300,275,261,,337,314,338
300,275,262,,337,314,338
300,275,262,,337,314,338
300,275,262,,337,314,338
300,275,262,,337,314,338
300,275,262,,337,314,338
300,275,262,,337,314,338
300,275,262,,337,314,338
302,275,262,,337,314,338
302,275,262,,337,314,338
302,275,262,,337,314,338
302,275,262,,337,314,338
303,275,262,,337,314,338
303,275,262,,337,314,338
303,275,262,,337,314,338
303,275,262,,337,314,338
303,275,262,,337,314,338
303,275,262,,337,314,338
303,275,265,,337,314,338
303,275,265,,337,314,338
303,275,265,,337,314,338
303,275,265,,337,314,338
303,275,265,,337,314,338
303,275,265,,337,314,338
303,275,265,,337,314,338
303,275,265,,337,314,338
303,275,265,,337,314,338
303,275,265,,337,314,338
303,275,265,,337,314,338
303,275,265,,337,314,338
303,275,265,,337,314,338
303,275,265,,337,314,338
303,275,265,,337,314,338
303,275,265,,337,314,338
303,275,265,,337,314,338
303,275,268,,337,314,338
303,275,268,,337,314,338
303,275,268,,337,314,338
303,275,268,,337,314,338
303,275,269,,337,314,338
303,275,269,,337,314,338
306,275,269,,338,314,338
306,275,275,,338,314,338
306,275,275,,338,314,338
306,275,275,,338,314,338
306,275,281,,338,314,338
306,275,281,,338,314,338
306,275,281,,338,314,338
306,275,281,,338,314,338
306,275,281,,338,314,338
306,275,281,,338,314,338
306,275,281,,338,314,338
306,275,281,,338,314,338
306,275,281,,338,314,338
306,275,281,,338,314,338
306,275,281,,338,314,338
306,275,281,,338,314,338
306,275,281,,338,314,338
306,275,281,,338,314,338
306,275,281,,338,314,338
306,275,281,,338,314,338
306,275,281,,338,314,339
306,275,282,,338,314,339
306,275,282,,338,314,339
306,275,282,,338,314,339
306,275,288,,338,314,339
306,275,288,,338,314,339
306,275,288,,338,314,339
306,275,289,,338,314,339
306,275,289,,338,314,339
306,275,289,,338,314,339
306,275,289,,338,314,339
306,275,289,,338,314,339
306,275,289,,338,314,339
306,275,289,,338,314,339
306,275,289,,338,314,339
306,275,289,,338,314,339
306,275,289,,338,314,339
306,275,289,,338,314,339
308,275,289,,338,314,339
308,275,289,,338,314,339
308,275,289,,338,314,339
311,275,289,,338,314,339
311,275,289,,338,314,339
311,275,289,,338,314,339
311,275,289,,338,314,339
,275,289,,338,315,339
,275,289,,338,315,339
,275,289,,338,315,339
,275,289,,338,315,339
,275,289,,338,315,339
,275,293,,338,315,339
,275,293,,338,315,339
,275,293,,338,315,339
,275,293,,338,315,339
,275,293,,338,315,339
,275,293,,338,315,339
,275,294,,338,315,339
,275,294,,338,316,339
,275,294,,338,316,339
,275,294,,338,316,339
,275,294,,338,316,339
,275,294,,338,316,339
,275,294,,338,316,339
,276,294,,338,316,339
,276,294,,338,316,339
,276,294,,338,316,339
,276,294,,338,316,339
,276,294,,338,316,339
,276,294,,338,316,339
,276,294,,338,316,339
,276,294,,338,316,339
,276,294,,338,316,339
,276,295,,338,316,339
,276,295,,338,316,339
,276,295,,338,316,339
,276,296,,338,316,339
,276,296,,338,316,339
,276,296,,338,316,340
,276,296,,338,316,340
,276,296,,338,316,340
,276,296,,338,316,340
,276,296,,338,316,340
,276,296,,338,316,340
,276,296,,338,316,340
,276,296,,338,316,340
,276,296,,338,316,340
,276,296,,338,316,340
,276,296,,338,316,340
,276,300,,338,316,340
,276,300,,338,316,340
,276,300,,338,316,340
,276,303,,338,316,340
,276,303,,338,317,340
,276,303,,338,317,340
,276,303,,338,317,340
,276,306,,338,317,340
,276,306,,338,317,340
,276,306,,338,317,340
,276,308,,340,317,340
,276,308,,340,317,340
,276,308,,340,317,340
,276,308,,340,317,340
,276,308,,340,317,340
,276,308,,340,317,340
,276,308,,340,317,340
,277,308,,340,317,340
,277,308,,340,317,340
,277,308,,340,317,340
,277,308,,340,317,340
,277,308,,340,317,340
,277,308,,340,317,340
,277,308,,340,317,340
,277,308,,340,317,340
,277,308,,340,317,340
,277,308,,340,317,340
,277,308,,340,317,340
,277,308,,340,317,340
,277,308,,340,317,340
,277,308,,340,317,340
,277,308,,340,317,340
,277,308,,340,317,340
,277,308,,340,317,340
,277,308,,340,317,340
,277,308,,340,317,340
,277,308,,340,317,340
,277,308,,341,317,340
,277,308,,341,317,340
,277,310,,341,317,340
,277,310,,341,317,340
,277,310,,341,317,340
,277,310,,341,317,340
,277,310,,341,317,340
,277,310,,341,317,340
,277,310,,341,317,340
,277,310,,341,317,340
,277,330,,341,317,340
,277,330,,341,317,340
,277,330,,341,317,340
,277,330,,341,317,340
,277,330,,341,317,340
,277,330,,341,317,340
,277,330,,341,317,340
,277,330,,341,317,340
,277,330,,341,317,340
,277,330,,341,317,340
,277,330,,341,317,340
,277,336,,341,317,340
,277,336,,341,317,340
,277,336,,341,317,340
,277,336,,341,317,340
,277,336,,341,317,340
,277,336,,341,317,340
,277,336,,341,317,340
,277,336,,341,317,340
,277,336,,341,317,340
,277,336,,341,317,340
,277,336,,341,317,340
,277,336,,341,317,340
,277,336,,341,317,340
,277,336,,341,317,340
,277,336,,341,317,340
,277,336,,341,317,340
,277,336,,341,317,340
,277,336,,341,317,341
,277,336,,341,317,341
,277,336,,341,317,341
,277,336,,343,317,341
,277,336,,343,317,341
,277,336,,343,317,341
,277,336,,343,317,341
,277,336,,343,317,341
,278,336,,343,317,341
,278,336,,343,317,341
,278,336,,343,317,341
,278,336,,343,317,341
,278,336,,343,317,341
,278,336,,343,317,341
,278,336,,343,317,341
,278,336,,343,317,341
,278,336,,343,317,341
,278,336,,343,317,341
,278,336,,343,317,341
,278,336,,343,317,341
,278,336,,343,317,341
,278,336,,343,317,341
,278,336,,343,317,341
,278,336,,343,317,341
,278,336,,343,317,341
,278,336,,343,317,341
,278,336,,343,317,341
,278,343,,343,317,341
,278,343,,343,317,341
,278,343,,343,317,341
,278,343,,343,317,341
,278,343,,343,317,342
,278,344,,343,317,342
,278,344,,343,317,342
,278,344,,343,317,342
,278,344,,343,317,342
,278,344,,343,319,342
,278,344,,343,319,342
,278,344,,343,319,342
,278,344,,343,319,342
,278,344,,343,319,342
,279,344,,343,319,342
,279,344,,343,319,342
,279,344,,343,319,342
,279,344,,343,319,342
,279,344,,343,319,342
,279,344,,343,320,342
,279,344,,343,320,342
,279,344,,343,320,342
,279,344,,343,320,342
,279,344,,343,320,342
,279,344,,343,320,342
,279,344,,343,320,342
,279,344,,343,320,342
,279,344,,343,320,342
,279,344,,343,320,342
,279,344,,343,320,342
,279,344,,343,320,342
,279,346,,343,320,342
,279,346,,343,320,342
,279,346,,343,320,342
,279,346,,343,320,342
,279,346,,343,320,342
,279,346,,343,320,342
,279,346,,343,320,342
,279,346,,343,320,342
,279,346,,343,320,342
,279,346,,343,320,342
,279,346,,343,320,342
,279,346,,343,320,342
,279,346,,343,320,342
,279,346,,343,320,342
,279,346,,343,320,342
,279,346,,343,320,342
,279,346,,343,320,342
,279,346,,343,320,342
,279,346,,343,320,342
,279,346,,343,320,342
,279,346,,343,320,343
,279,346,,343,320,343
,279,346,,343,320,343
,279,346,,343,320,343
,279,346,,343,320,343
,279,346,,343,320,343
,279,,,343,320,343
,279,,,343,320,343
,279,,,343,320,343
,279,,,343,320,343
,279,,,343,320,343
,279,,,343,320,343
,279,,,343,320,343
,279,,,343,320,343
,279,,,343,320,343
,279,,,343,320,343
,279,,,343,320,343
,279,,,343,320,343
,279,,,343,320,343
,279,,,343,320,343
,279,,,343,320,343
,279,,,343,320,344
,279,,,343,320,344
,279,,,343,320,344
,279,,,343,320,344
,279,,,343,320,344
,279,,,343,320,344
,279,,,343,320,344
,279,,,343,320,344
,279,,,343,320,344
,279,,,343,320,344
,279,,,343,320,344
,279,,,343,320,344
,279,,,343,320,344
,279,,,343,320,344
,279,,,343,320,344
,279,,,343,320,345
,279,,,343,320,345
,279,,,343,320,345
,279,,,343,320,345
,279,,,343,320,345
,279,,,343,320,345
,279,,,343,320,345
,279,,,344,320,345
,279,,,344,320,345
,279,,,344,320,345
,279,,,344,320,345
,279,,,345,320,345
,279,,,345,320,345
,279,,,345,320,345
,279,,,345,320,345
,279,,,345,320,345
,279,,,345,320,345
,279,,,345,320,345
,279,,,345,320,345
,279,,,345,320,345
,279,,,345,320,345
,279,,,345,320,345
,279,,,345,320,345
,279,,,345,320,345
,279,,,345,320,345
,279,,,345,320,345
,279,,,345,320,345
,280,,,345,320,345
,280,,,345,320,345
,280,,,345,320,345
,280,,,345,320,345
,280,,,345,320,345
,280,,,345,320,345
,280,,,346,320,345
,280,,,346,320,345
,280,,,346,320,345
,280,,,346,320,345
,280,,,346,320,345
,280,,,346,320,345
,280,,,346,320,345
,280,,,346,320,345
,280,,,346,320,345
,280,,,346,320,345
,280,,,346,320,345
,280,,,346,320,345
,280,,,346,320,345
,280,,,346,320,346
,280,,,346,320,346
,280,,,346,320,346
,280,,,346,320,346
,280,,,346,320,346
,280,,,346,320,346
,281,,,348,320,346
,281,,,348,320,346
,281,,,348,320,346
,281,,,348,320,346
,281,,,348,320,346
,281,,,348,320,346
,281,,,348,320,346
,281,,,348,320,346
,281,,,348,320,346
,281,,,348,320,346
,281,,,348,320,346
,281,,,348,320,346
,281,,,348,320,346
,281,,,348,320,346
,281,,,348,320,346
,281,,,348,320,346
,281,,,348,320,346
,281,,,348,320,346
,281,,,348,320,346
,281,,,348,320,346
,281,,,348,320,346
,281,,,348,320,346
,281,,,348,320,346
,281,,,348,320,346
,281,,,348,321,346
,281,,,348,321,346
,281,,,348,321,346
,281,,,348,321,346
,281,,,348,321,346
,281,,,348,321,346
,281,,,348,321,346
,281,,,348,321,346
,281,,,348,321,346
,281,,,348,321,346
,281,,,348,321,346
,281,,,348,321,346
,281,,,348,321,346
,281,,,348,321,346
,281,,,348,321,346
,281,,,348,321,346
,281,,,348,321,347
,281,,,348,321,347
,281,,,348,321,347
,281,,,348,321,347
,281,,,348,321,347
,281,,,348,321,347
,281,,,348,321,347
,281,,,348,321,347
,281,,,348,321,347
,281,,,348,321,347
,281,,,348,321,347
,281,,,348,321,347
,281,,,348,321,347
,281,,,348,321,347
,281,,,348,321,347
,281,,,348,321,347
,281,,,348,321,347
,281,,,348,321,347
,281,,,348,321,347
,281,,,348,321,347
,281,,,348,321,347
,281,,,348,322,347
,281,,,348,322,347
,281,,,348,322,347
,281,,,348,322,347
,281,,,348,322,347
,281,,,348,322,347
,281,,,348,322,347
,281,,,348,322,347
,281,,,348,322,347
,281,,,348,322,347
,281,,,348,322,347
,281,,,348,322,348
,281,,,348,322,348
,281,,,348,322,348
,281,,,348,322,348
,282,,,348,322,348
,282,,,348,322,348
,282,,,348,322,348
,282,,,348,322,348
,282,,,348,322,348
,282,,,348,322,350
,282,,,348,322,350
,282,,,348,322,350
,282,,,348,322,350
,282,,,348,322,350
,282,,,348,322,350
,282,,,348,322,350
,282,,,349,322,350
,282,,,349,322,350
,282,,,349,322,351
,282,,,349,322,351
,282,,,349,322,351
,282,,,349,322,351
,282,,,349,322,351
,282,,,349,322,351
,282,,,349,322,351
,282,,,349,324,351
,282,,,349,324,351
,282,,,349,324,351
,282,,,349,324,351
,282,,,349,324,351
,282,,,349,324,351
,282,,,349,324,353
,282,,,349,324,353
,282,,,349,324,353
,282,,,349,324,353
,282,,,349,324,353
,282,,,349,324,354
,282,,,349,324,354
,282,,,349,324,354
,282,,,349,324,354
,282,,,349,324,354
,282,,,349,324,354
,282,,,349,324,354
,282,,,349,324,354
,282,,,352,324,354
,282,,,352,324,354
,282,,,352,324,354
,282,,,352,324,355
,282,,,352,324,355
,282,,,352,324,
,282,,,352,324,
,282,,,352,324,
,282,,,352,325,
,283,,,352,325,
,283,,,352,325,
,283,,,352,325,
,283,,,352,325,
,283,,,352,325,
,283,,,352,325,
,284,,,352,325,
,284,,,352,325,
,284,,,352,325,
,284,,,352,325,
,284,,,352,325,
,284,,,352,325,
,284,,,352,325,
,284,,,352,325,
,284,,,352,325,
,284,,,352,325,
,284,,,352,325,
,284,,,352,325,
,284,,,352,325,
,284,,,352,326,
,284,,,352,326,
,284,,,352,326,
,284,,,352,326,
,284,,,352,326,
,284,,,352,326,
,284,,,352,326,
,284,,,352,326,
,284,,,352,326,
,284,,,352,326,
,284,,,352,326,
,284,,,352,326,
,284,,,352,326,
,284,,,352,326,
,284,,,352,326,
,284,,,352,326,
,284,,,352,326,
,284,,,352,326,
,284,,,352,326,
,284,,,352,326,
,284,,,352,326,
,284,,,352,326,
,284,,,352,326,
,284,,,352,326,
,284,,,352,326,
,284,,,352,326,
,284,,,352,326,
,284,,,352,326,
,284,,,352,326,
,284,,,352,326,
,284,,,352,326,
,284,,,352,326,
,284,,,352,326,
,284,,,352,326,
,284,,,352,326,
,284,,,352,326,
,284,,,352,326,
,284,,,352,327,
,284,,,353,327,
,284,,,353,327,
,284,,,353,327,
,284,,,353,327,
,284,,,353,327,
,284,,,353,327,
,284,,,353,327,
,284,,,353,327,
,284,,,353,327,
,284,,,353,327,
,284,,,353,327,
,284,,,353,327,
,284,,,353,327,
,284,,,353,327,
,284,,,353,327,
,284,,,353,327,
,284,,,361,327,
,284,,,361,327,
,284,,,361,327,
,284,,,361,327,
,284,,,361,327,
,284,,,361,327,
,284,,,361,327,
,284,,,361,327,
,284,,,361,327,
,284,,,361,327,
,284,,,361,329,
,284,,,361,329,
,284,,,361,329,
,284,,,361,329,
,284,,,361,329,
,284,,,361,329,
,284,,,361,329,
,284,,,361,329,
,284,,,361,329,
,285,,,,329,
,285,,,,329,
,285,,,,329,
,285,,,,329,
,285,,,,329,
,285,,,,329,
,285,,,,329,
,285,,,,329,
,285,,,,329,
,285,,,,329,
,285,,,,329,
,285,,,,329,
,285,,,,329,
,285,,,,329,
,285,,,,329,
,285,,,,329,
,285,,,,329,
,285,,,,329,
,285,,,,329,
,285,,,,329,
,286,,,,329,
,286,,,,329,
,286,,,,329,
,286,,,,329,
,286,,,,329,
,286,,,,330,
,286,,,,330,
,286,,,,330,
,286,,,,330,
,286,,,,330,
,286,,,,330,
,286,,,,330,
,286,,,,330,
,286,,,,330,
,286,,,,330,
,286,,,,330,
,286,,,,330,
,286,,,,330,
,286,,,,331,
,286,,,,331,
,286,,,,331,
,286,,,,331,
,286,,,,331,
,286,,,,331,
,286,,,,331,
,286,,,,331,
,286,,,,331,
,286,,,,331,
,286,,,,331,
,286,,,,331,
,286,,,,331,
,286,,,,331,
,286,,,,331,
,286,,,,331,
,286,,,,331,
,286,,,,331,
,286,,,,331,
,286,,,,331,
,286,,,,331,
,286,,,,331,
,286,,,,331,
,286,,,,331,
,286,,,,331,
,286,,,,331,
,286,,,,331,
,286,,,,331,
,286,,,,331,
,286,,,,331,
,286,,,,331,
,286,,,,331,
,286,,,,331,
,286,,,,331,
,286,,,,331,
,286,,,,331,
,286,,,,331,
,286,,,,331,
,286,,,,331,
,286,,,,331,
,286,,,,331,
,286,,,,331,
,286,,,,331,
,286,,,,331,
,286,,,,331,
,286,,,,331,
,286,,,,331,
,286,,,,331,
,286,,,,331,
,286,,,,331,
,286,,,,331,
,286,,,,331,
,286,,,,331,
,286,,,,331,
,286,,,,331,
,286,,,,331,
,286,,,,331,
,286,,,,331,
,286,,,,331,
,286,,,,331,
,286,,,,331,
,286,,,,331,
,286,,,,331,
,286,,,,331,
,286,,,,331,
,286,,,,331,
,286,,,,331,
,286,,,,331,
,286,,,,331,
,286,,,,331,
,287,,,,331,
,287,,,,331,
,287,,,,331,
,287,,,,331,
,287,,,,331,
,287,,,,331,
,287,,,,331,
,287,,,,331,
,287,,,,331,
,287,,,,331,
,287,,,,331,
,287,,,,331,
,287,,,,331,
,287,,,,331,
,287,,,,331,
,287,,,,331,
,287,,,,331,
,287,,,,331,
,287,,,,331,
,287,,,,332,
,287,,,,332,
,287,,,,332,
,287,,,,332,
,287,,,,332,
,287,,,,332,
,287,,,,332,
,287,,,,332,
,287,,,,332,
,287,,,,332,
,287,,,,332,
,287,,,,332,
,287,,,,332,
,287,,,,332,
,287,,,,332,
,287,,,,332,
,287,,,,332,
,287,,,,332,
,287,,,,332,
,287,,,,332,
,287,,,,332,
,287,,,,332,
,287,,,,332,
,287,,,,332,
,287,,,,332,
,287,,,,332,
,287,,,,332,
,287,,,,332,
,287,,,,332,
,287,,,,332,
,287,,,,332,
,287,,,,332,
,287,,,,332,
,288,,,,332,
,288,,,,332,
,288,,,,332,
,288,,,,332,
,288,,,,332,
,288,,,,332,
,288,,,,332,
,288,,,,332,
,288,,,,332,
,288,,,,332,
,288,,,,332,
,288,,,,332,
,288,,,,333,
,288,,,,333,
,288,,,,333,
,288,,,,333,
,288,,,,333,
,288,,,,333,
,288,,,,333,
,288,,,,333,
,288,,,,333,
,288,,,,333,
,288,,,,333,
,288,,,,333,
,288,,,,333,
,288,,,,333,
,288,,,,333,
,288,,,,333,
,288,,,,333,
,288,,,,333,
,288,,,,333,
,288,,,,333,
,288,,,,333,
,288,,,,333,
,288,,,,333,
,288,,,,333,
,288,,,,333,
,288,,,,333,
,288,,,,333,
,288,,,,333,
,288,,,,333,
,288,,,,333,
,288,,,,333,
,288,,,,333,
,288,,,,333,
,288,,,,333,
,288,,,,333,
,288,,,,333,
,288,,,,333,
,288,,,,333,
,288,,,,333,
,288,,,,333,
,288,,,,333,
,288,,,,333,
,288,,,,333,
,288,,,,333,
,288,,,,333,
,288,,,,333,
,288,,,,333,
,288,,,,333,
,288,,,,333,
,288,,,,333,
,288,,,,333,
,288,,,,333,
,288,,,,333,
,288,,,,333,
,288,,,,333,
,288,,,,333,
,288,,,,333,
,288,,,,333,
,288,,,,333,
,288,,,,333,
,288,,,,333,
,288,,,,333,
,289,,,,333,
,289,,,,333,
,289,,,,333,
,289,,,,333,
,289,,,,333,
,289,,,,333,
,289,,,,333,
,289,,,,333,
,289,,,,333,
,289,,,,333,
,289,,,,333,
,289,,,,333,
,289,,,,333,
,289,,,,333,
,289,,,,333,
,289,,,,333,
,289,,,,333,
,289,,,,333,
,289,,,,333,
,289,,,,333,
,289,,,,333,
,289,,,,333,
,289,,,,333,
,289,,,,333,
,289,,,,333,
,289,,,,333,
,289,,,,333,
,289,,,,333,
,289,,,,333,
,289,,,,333,
,289,,,,333,
,289,,,,333,
,289,,,,333,
,289,,,,333,
,289,,,,333,
,289,,,,333,
,289,,,,333,
,289,,,,333,
,289,,,,333,
,289,,,,333,
,289,,,,333,
,289,,,,333,
,289,,,,333,
,289,,,,333,
,289,,,,333,
,289,,,,333,
,289,,,,333,
,289,,,,333,
,289,,,,335,
,289,,,,335,
,289,,,,335,
,289,,,,335,
,289,,,,335,
,289,,,,335,
,289,,,,335,
,289,,,,335,
,289,,,,335,
,289,,,,335,
,289,,,,335,
,289,,,,335,
,289,,,,335,
,289,,,,335,
,289,,,,335,
,289,,,,335,
,289,,,,335,
,289,,,,335,
,289,,,,335,
,289,,,,335,
,289,,,,335,
,289,,,,335,
,289,,,,335,
,289,,,,335,
,289,,,,335,
,289,,,,335,
,289,,,,335,
,289,,,,335,
,289,,,,335,
,289,,,,335,
,289,,,,335,
,289,,,,335,
,289,,,,335,
,289,,,,335,
,289,,,,335,
,289,,,,335,
,289,,,,335,
,289,,,,335,
,289,,,,335,
,289,,,,335,
,289,,,,335,
,289,,,,335,
,289,,,,335,
,289,,,,335,
,289,,,,335,
,289,,,,335,
,289,,,,335,
,289,,,,335,
,289,,,,335,
,289,,,,335,
,289,,,,335,
,289,,,,335,
,289,,,,335,
,289,,,,335,
,289,,,,335,
,289,,,,335,
,290,,,,335,
,290,,,,336,
,290,,,,336,
,290,,,,336,
,290,,,,336,
,290,,,,336,
,290,,,,336,
,290,,,,336,
,290,,,,336,
,290,,,,336,
,290,,,,337,
,290,,,,337,
,290,,,,337,
,290,,,,337,
,290,,,,337,
,290,,,,337,
,290,,,,337,
,290,,,,337,
,292,,,,337,
,292,,,,337,
,292,,,,337,
,292,,,,337,
,292,,,,337,
,292,,,,337,
,292,,,,337,
,292,,,,337,
,292,,,,337,
,292,,,,337,
,292,,,,337,
,292,,,,337,
,292,,,,337,
,292,,,,337,
,292,,,,337,
,292,,,,337,
,292,,,,337,
,292,,,,337,
,292,,,,337,
,292,,,,337,
,292,,,,337,
,292,,,,337,
,292,,,,337,
,292,,,,337,
,292,,,,337,
,292,,,,337,
,292,,,,337,
,292,,,,337,
,292,,,,337,
,292,,,,337,
,292,,,,337,
,292,,,,337,
,292,,,,337,
,292,,,,337,
,292,,,,338,
,292,,,,338,
,292,,,,338,
,292,,,,338,
,292,,,,338,
,292,,,,338,
,292,,,,338,
,292,,,,338,
,292,,,,338,
,292,,,,338,
,292,,,,338,
,292,,,,338,
,292,,,,338,
,293,,,,338,
,293,,,,338,
,293,,,,338,
,293,,,,338,
,293,,,,338,
,293,,,,338,
,293,,,,338,
,293,,,,339,
,293,,,,339,
,293,,,,339,
,293,,,,339,
,293,,,,339,
,293,,,,339,
,293,,,,339,
,293,,,,339,
,293,,,,339,
,293,,,,339,
,293,,,,339,
,293,,,,339,
,293,,,,339,
,293,,,,339,
,293,,,,339,
,293,,,,339,
,293,,,,339,
,293,,,,339,
,293,,,,339,
,293,,,,339,
,293,,,,339,
,293,,,,339,
,293,,,,339,
,293,,,,340,
,293,,,,340,
,293,,,,340,
,293,,,,340,
,293,,,,340,
,293,,,,340,
,293,,,,340,
,293,,,,340,
,293,,,,340,
,293,,,,340,
,294,,,,340,
,294,,,,340,
,294,,,,340,
,294,,,,340,
,294,,,,340,
,294,,,,340,
,294,,,,340,
,294,,,,340,
,294,,,,340,
,294,,,,340,
,294,,,,340,
,294,,,,340,
,294,,,,340,
,294,,,,340,
,295,,,,340,
,295,,,,340,
,295,,,,340,
,295,,,,340,
,295,,,,340,
,295,,,,340,
,295,,,,342,
,295,,,,342,
,295,,,,342,
,295,,,,342,
,295,,,,342,
,295,,,,342,
,295,,,,342,
,295,,,,342,
,295,,,,342,
,295,,,,342,
,295,,,,342,
,295,,,,342,
,295,,,,342,
,295,,,,342,
,295,,,,342,
,295,,,,342,
,295,,,,342,
,295,,,,342,
,295,,,,342,
,295,,,,342,
,295,,,,342,
,295,,,,342,
,295,,,,343,
,295,,,,343,
,295,,,,343,
,295,,,,343,
,295,,,,343,
,295,,,,343,
,295,,,,343,
,296,,,,343,
,296,,,,343,
,296,,,,343,
,296,,,,343,
,296,,,,343,
,296,,,,343,
,296,,,,343,
,296,,,,343,
,296,,,,343,
,296,,,,343,
,296,,,,343,
,296,,,,343,
,296,,,,343,
,296,,,,343,
,296,,,,343,
,296,,,,343,
,296,,,,343,
,296,,,,343,
,296,,,,343,
,296,,,,343,
,296,,,,343,
,296,,,,343,
,296,,,,343,
,296,,,,343,
,296,,,,343,
,296,,,,343,
,296,,,,343,
,296,,,,343,
,296,,,,343,
,296,,,,343,
,296,,,,343,
,296,,,,343,
,296,,,,343,
,296,,,,343,
,296,,,,343,
,296,,,,343,
,296,,,,343,
,296,,,,343,
,296,,,,343,
,296,,,,343,
,296,,,,343,
,297,,,,343,
,297,,,,343,
,297,,,,344,
,297,,,,344,
,297,,,,344,
,297,,,,344,
,297,,,,344,
,297,,,,344,
,297,,,,344,
,297,,,,344,
,297,,,,344,
,297,,,,344,
,297,,,,345,
,297,,,,345,
,297,,,,345,
,297,,,,345,
,297,,,,345,
,297,,,,345,
,297,,,,345,
,297,,,,345,
,297,,,,345,
,297,,,,345,
,297,,,,345,
,297,,,,345,
,297,,,,346,
,297,,,,346,
,297,,,,346,
,297,,,,346,
,297,,,,346,
,297,,,,346,
,297,,,,346,
,297,,,,346,
,297,,,,346,
,298,,,,346,
,298,,,,346,
,298,,,,346,
,298,,,,346,
,298,,,,346,
,299,,,,346,
,299,,,,346,
,299,,,,346,
,299,,,,346,
,299,,,,346,
,299,,,,346,
,299,,,,346,
,299,,,,346,
,299,,,,346,
,299,,,,346,
,299,,,,346,
,299,,,,346,
,299,,,,346,
,299,,,,346,
,299,,,,346,
,299,,,,346,
,299,,,,346,
,299,,,,346,
,299,,,,346,
,299,,,,346,
,300,,,,346,
,300,,,,346,
,300,,,,346,
,300,,,,346,
,300,,,,346,
,300,,,,346,
,300,,,,349,
,300,,,,349,
,300,,,,349,
,300,,,,349,
,300,,,,349,
,300,,,,349,
,300,,,,349,
,300,,,,349,
,300,,,,349,
,300,,,,349,
,300,,,,349,
,300,,,,349,
,300,,,,349,
,300,,,,349,
,300,,,,349,
,300,,,,349,
,300,,,,349,
,300,,,,349,
,300,,,,349,
,300,,,,349,
,300,,,,349,
,300,,,,349,
,300,,,,349,
,300,,,,349,
,300,,,,349,
,300,,,,349,
,300,,,,349,
,300,,,,349,
,300,,,,349,
,301,,,,349,
,301,,,,349,
,301,,,,349,
,301,,,,349,
,301,,,,349,
,301,,,,349,
,301,,,,349,
,301,,,,349,
,301,,,,349,
,301,,,,349,
,301,,,,349,
,301,,,,349,
,301,,,,349,
,302,,,,349,
,302,,,,349,
,302,,,,349,
,302,,,,349,
,302,,,,349,
,302,,,,349,
,303,,,,349,
,303,,,,349,
,303,,,,351,
,303,,,,351,
,303,,,,351,
,303,,,,351,
,303,,,,351,
,303,,,,351,
,303,,,,351,
,303,,,,351,
,303,,,,351,
,303,,,,351,
,303,,,,351,
,303,,,,351,
,303,,,,351,
,303,,,,351,
,303,,,,351,
,303,,,,351,
,303,,,,351,
,303,,,,351,
,303,,,,351,
,303,,,,351,
,303,,,,351,
,303,,,,351,
,303,,,,351,
,303,,,,352,
,303,,,,352,
,303,,,,352,
,303,,,,352,
,303,,,,352,
,303,,,,352,
,303,,,,352,
,303,,,,352,
,303,,,,352,
,303,,,,352,
,303,,,,352,
,303,,,,352,
,303,,,,353,
,303,,,,353,
,303,,,,353,
,303,,,,353,
,303,,,,353,
,303,,,,353,
,303,,,,353,
,303,,,,353,
,303,,,,353,
,303,,,,353,
,303,,,,353,
,303,,,,353,
,303,,,,353,
,303,,,,353,
,303,,,,353,
,303,,,,353,
,303,,,,353,
,303,,,,353,
,303,,,,353,
,303,,,,353,
,303,,,,353,
,303,,,,353,
,303,,,,353,
,303,,,,353,
,303,,,,353,
,304,,,,353,
,304,,,,353,
,306,,,,353,
,306,,,,353,
,306,,,,353,
,306,,,,353,
,306,,,,353,
,306,,,,353,
,306,,,,353,
,306,,,,353,
,306,,,,353,
,306,,,,353,
,306,,,,353,
,306,,,,353,
,306,,,,353,
,306,,,,354,
,306,,,,354,
,306,,,,354,
,306,,,,356,
,306,,,,356,
,306,,,,356,
,306,,,,356,
,306,,,,356,
,306,,,,356,
,306,,,,356,
,306,,,,356,
,306,,,,356,
,306,,,,356,
,306,,,,356,
,306,,,,356,
,306,,,,356,
,306,,,,356,
,306,,,,356,
,306,,,,356,
,306,,,,356,
,306,,,,356,
,306,,,,356,
,306,,,,356,
,306,,,,356,
,306,,,,356,
,306,,,,356,
,306,,,,356,
,306,,,,361,
,306,,,,361,
,306,,,,361,
,306,,,,361,
,306,,,,361,
,306,,,,361,
,306,,,,361,
,306,,,,361,
,306,,,,361,
,306,,,,361,
,306,,,,361,
,306,,,,361,
,307,,,,361,
,307,,,,361,
,308,,,,361,
,308,,,,361,
,308,,,,361,
,308,,,,361,
,308,,,,361,
,308,,,,361,
,308,,,,361,
,309,,,,361,
,309,,,,361,
,309,,,,363,
,309,,,,363,
,309,,,,363,
,309,,,,363,
,309,,,,363,
,311,,,,363,
,311,,,,363,
,311,,,,363,
,311,,,,363,
,311,,,,363,
,311,,,,363,
,311,,,,363,
,311,,,,363,
,311,,,,363,
,311,,,,363,
,311,,,,363,
,311,,,,363,
,311,,,,363,
,312,,,,363,
,314,,,,363,
,317,,,,363,
,317,,,,,
,317,,,,,
,317,,,,,
,324,,,,,
,324,,,,,
,331,,,,,
,332,,,,,
